date,product,sales,price,is_promotion,weather_index,day_of_week,month,year,week_of_year,is_holiday
2021-01-01,Electronics,314.0,157.05,0,52.05,4,1,2021,53,1
2021-01-02,Electronics,201.0,157.05,0,48.57,5,1,2021,53,0
2021-01-03,Electronics,208.0,157.05,0,55.55,6,1,2021,53,0
2021-01-04,Electronics,151.0,157.05,0,53.31,0,1,2021,1,0
2021-01-05,Electronics,153.0,157.05,0,53.45,1,1,2021,1,0
2021-01-06,Electronics,144.0,157.05,0,61.49,2,1,2021,1,0
2021-01-07,Electronics,155.0,157.05,0,42.55,3,1,2021,1,0
2021-01-08,Electronics,181.0,157.05,0,48.4,4,1,2021,1,0
2021-01-09,Electronics,174.0,157.05,0,50.24,5,1,2021,1,0
2021-01-10,Electronics,189.0,157.05,0,55.04,6,1,2021,1,0
2021-01-11,Electronics,142.0,157.05,0,56.26,0,1,2021,2,0
2021-01-12,Electronics,137.0,157.05,0,50.67,1,1,2021,2,0
2021-01-13,Electronics,139.0,157.05,0,53.95,2,1,2021,2,0
2021-01-14,Electronics,168.0,157.05,0,55.24,3,1,2021,2,0
2021-01-15,Electronics,160.0,157.05,0,72.5,4,1,2021,2,0
2021-01-16,Electronics,211.0,157.05,0,69.89,5,1,2021,2,0
2021-01-17,Electronics,166.0,157.05,0,59.48,6,1,2021,2,0
2021-01-18,Electronics,143.0,157.05,0,60.38,0,1,2021,3,0
2021-01-19,Electronics,145.0,157.05,0,57.1,1,1,2021,3,0
2021-01-20,Electronics,148.0,157.05,0,53.96,2,1,2021,3,0
2021-01-21,Electronics,157.0,157.05,0,63.56,3,1,2021,3,0
2021-01-22,Electronics,181.0,157.05,0,59.8,4,1,2021,3,0
2021-01-23,Electronics,188.0,157.05,0,65.0,5,1,2021,3,0
2021-01-24,Electronics,183.0,157.05,0,58.06,6,1,2021,3,0
2021-01-25,Electronics,155.0,157.05,0,62.88,0,1,2021,4,0
2021-01-26,Electronics,139.0,157.05,0,68.05,1,1,2021,4,0
2021-01-27,Electronics,125.0,157.05,0,69.76,2,1,2021,4,0
2021-01-28,Electronics,134.0,157.05,0,70.63,3,1,2021,4,0
2021-01-29,Electronics,155.0,157.05,0,62.55,4,1,2021,4,0
2021-01-30,Electronics,198.0,157.05,0,74.02,5,1,2021,4,0
2021-01-31,Electronics,189.0,157.05,0,66.35,6,1,2021,4,0
2021-02-01,Electronics,150.0,157.05,0,74.1,0,2,2021,5,0
2021-02-02,Electronics,134.0,157.05,0,71.47,1,2,2021,5,0
2021-02-03,Electronics,139.0,157.05,0,65.22,2,2,2021,5,0
2021-02-04,Electronics,152.0,157.05,0,71.09,3,2,2021,5,0
2021-02-05,Electronics,160.0,157.05,0,75.06,4,2,2021,5,0
2021-02-06,Electronics,194.0,157.05,0,76.85,5,2,2021,5,0
2021-02-07,Electronics,174.0,157.05,0,73.63,6,2,2021,5,0
2021-02-08,Electronics,135.0,157.05,0,82.54,0,2,2021,6,0
2021-02-09,Electronics,132.0,157.05,0,80.45,1,2,2021,6,0
2021-02-10,Electronics,121.0,157.05,0,74.66,2,2,2021,6,0
2021-02-11,Electronics,147.0,157.05,0,80.22,3,2,2021,6,0
2021-02-12,Electronics,155.0,157.05,0,86.65,4,2,2021,6,0
2021-02-13,Electronics,183.0,157.05,0,87.28,5,2,2021,6,0
2021-02-14,Electronics,298.0,157.05,0,71.84,6,2,2021,6,1
2021-02-15,Electronics,141.0,157.05,0,73.83,0,2,2021,7,0
2021-02-16,Electronics,140.0,157.05,0,86.37,1,2,2021,7,0
2021-02-17,Electronics,130.0,157.05,0,74.13,2,2,2021,7,0
2021-02-18,Electronics,532.0,157.05,0,73.27,3,2,2021,7,0
2021-02-19,Electronics,155.0,157.05,0,77.9,4,2,2021,7,0
2021-02-20,Electronics,154.0,157.05,0,82.88,5,2,2021,7,0
2021-02-21,Electronics,154.0,157.05,0,80.7,6,2,2021,7,0
2021-02-22,Electronics,118.0,157.05,0,78.39,0,2,2021,8,0
2021-02-23,Electronics,119.0,157.05,0,78.68,1,2,2021,8,0
2021-02-24,Electronics,131.0,157.05,0,78.9,2,2,2021,8,0
2021-02-25,Electronics,124.0,157.05,0,78.46,3,2,2021,8,0
2021-02-26,Electronics,147.0,157.05,0,94.65,4,2,2021,8,0
2021-02-27,Electronics,191.0,157.05,0,85.11,5,2,2021,8,0
2021-02-28,Electronics,164.0,157.05,0,88.43,6,2,2021,8,0
2021-03-01,Electronics,136.0,157.05,0,81.91,0,3,2021,9,0
2021-03-02,Electronics,115.0,157.05,0,83.77,1,3,2021,9,0
2021-03-03,Electronics,121.0,157.05,0,81.47,2,3,2021,9,0
2021-03-04,Electronics,119.0,157.05,0,72.1,3,3,2021,9,0
2021-03-05,Electronics,143.0,157.05,0,78.79,4,3,2021,9,0
2021-03-06,Electronics,178.0,157.05,0,76.93,5,3,2021,9,0
2021-03-07,Electronics,141.0,157.05,0,75.03,6,3,2021,9,0
2021-03-08,Electronics,128.0,157.05,0,80.59,0,3,2021,10,0
2021-03-09,Electronics,123.0,157.05,0,93.46,1,3,2021,10,0
2021-03-10,Electronics,113.0,157.05,0,86.88,2,3,2021,10,0
2021-03-11,Electronics,110.0,157.05,0,93.81,3,3,2021,10,0
2021-03-12,Electronics,142.0,157.05,0,89.65,4,3,2021,10,0
2021-03-13,Electronics,154.0,157.05,0,91.74,5,3,2021,10,0
2021-03-14,Electronics,160.0,157.05,0,83.54,6,3,2021,10,0
2021-03-15,Electronics,119.0,157.05,0,90.87,0,3,2021,11,0
2021-03-16,Electronics,130.0,157.05,0,92.09,1,3,2021,11,0
2021-03-17,Electronics,111.0,157.05,0,85.75,2,3,2021,11,0
2021-03-18,Electronics,110.0,157.05,0,91.6,3,3,2021,11,0
2021-03-19,Electronics,138.0,157.05,0,91.79,4,3,2021,11,0
2021-03-20,Electronics,157.0,157.05,0,86.37,5,3,2021,11,0
2021-03-21,Electronics,167.0,157.05,0,83.64,6,3,2021,11,0
2021-03-22,Electronics,122.0,157.05,0,83.46,0,3,2021,12,0
2021-03-23,Electronics,114.0,157.05,0,89.93,1,3,2021,12,0
2021-03-24,Electronics,122.0,157.05,0,91.23,2,3,2021,12,0
2021-03-25,Electronics,104.0,157.05,0,85.73,3,3,2021,12,0
2021-03-26,Electronics,123.0,157.05,0,89.9,4,3,2021,12,0
2021-03-27,Electronics,136.0,157.05,0,92.69,5,3,2021,12,0
2021-03-28,Electronics,139.0,157.05,0,92.98,6,3,2021,12,0
2021-03-29,Electronics,97.0,157.05,0,97.7,0,3,2021,13,0
2021-03-30,Electronics,111.0,157.05,0,96.35,1,3,2021,13,0
2021-03-31,Electronics,102.0,157.05,0,84.98,2,3,2021,13,0
2021-04-01,Electronics,96.0,157.05,0,98.42,3,4,2021,13,0
2021-04-02,Electronics,114.0,157.05,0,87.34,4,4,2021,13,0
2021-04-03,Electronics,286.0,114.02,1,95.21,5,4,2021,13,0
2021-04-04,Electronics,290.0,114.02,1,90.3,6,4,2021,13,0
2021-04-05,Electronics,239.0,114.02,1,87.86,0,4,2021,14,0
2021-04-06,Electronics,247.0,114.02,1,80.83,1,4,2021,14,0
2021-04-07,Electronics,203.0,114.02,1,88.95,2,4,2021,14,0
2021-04-08,Electronics,190.0,114.02,1,81.93,3,4,2021,14,0
2021-04-09,Electronics,98.0,157.05,0,94.48,4,4,2021,14,0
2021-04-10,Electronics,137.0,157.05,0,97.13,5,4,2021,14,0
2021-04-11,Electronics,122.0,157.05,0,85.45,6,4,2021,14,0
2021-04-12,Electronics,156.0,134.38,1,90.83,0,4,2021,15,0
2021-04-13,Electronics,149.0,134.38,1,85.56,1,4,2021,15,0
2021-04-14,Electronics,152.0,134.38,1,85.9,2,4,2021,15,0
2021-04-15,Electronics,175.0,134.38,1,92.76,3,4,2021,15,0
2021-04-16,Electronics,185.0,134.38,1,88.52,4,4,2021,15,0
2021-04-17,Electronics,126.0,157.05,0,97.24,5,4,2021,15,0
2021-04-18,Electronics,114.0,157.05,0,85.94,6,4,2021,15,0
2021-04-19,Electronics,81.0,157.05,0,93.14,0,4,2021,16,0
2021-04-20,Electronics,88.0,157.05,0,88.42,1,4,2021,16,0
2021-04-21,Electronics,89.0,157.05,0,91.69,2,4,2021,16,0
2021-04-22,Electronics,107.0,157.05,0,85.24,3,4,2021,16,0
2021-04-23,Electronics,108.0,157.05,0,86.98,4,4,2021,16,0
2021-04-24,Electronics,130.0,157.05,0,86.39,5,4,2021,16,0
2021-04-25,Electronics,113.0,157.05,0,82.52,6,4,2021,16,0
2021-04-26,Electronics,81.0,157.05,0,89.73,0,4,2021,17,0
2021-04-27,Electronics,80.0,157.05,0,89.39,1,4,2021,17,0
2021-04-28,Electronics,80.0,157.05,0,88.8,2,4,2021,17,0
2021-04-29,Electronics,104.0,157.05,0,93.21,3,4,2021,17,0
2021-04-30,Electronics,94.0,157.05,0,92.45,4,4,2021,17,0
2021-05-01,Electronics,122.0,157.05,0,82.99,5,5,2021,17,0
2021-05-02,Electronics,104.0,157.05,0,86.39,6,5,2021,17,0
2021-05-03,Electronics,91.0,157.05,0,81.05,0,5,2021,18,0
2021-05-04,Electronics,85.0,157.05,0,83.93,1,5,2021,18,0
2021-05-05,Electronics,80.0,157.05,0,80.44,2,5,2021,18,0
2021-05-06,Electronics,84.0,157.05,0,91.15,3,5,2021,18,0
2021-05-07,Electronics,91.0,157.05,0,84.48,4,5,2021,18,0
2021-05-08,Electronics,113.0,157.05,0,81.17,5,5,2021,18,0
2021-05-09,Electronics,102.0,157.05,0,87.82,6,5,2021,18,0
2021-05-10,Electronics,73.0,157.05,0,70.57,0,5,2021,19,0
2021-05-11,Electronics,70.0,157.05,0,70.92,1,5,2021,19,0
2021-05-12,Electronics,78.0,157.05,0,84.53,2,5,2021,19,0
2021-05-13,Electronics,91.0,157.05,0,80.41,3,5,2021,19,0
2021-05-14,Electronics,93.0,157.05,0,80.9,4,5,2021,19,0
2021-05-15,Electronics,103.0,157.05,0,72.55,5,5,2021,19,0
2021-05-16,Electronics,104.0,157.05,0,78.59,6,5,2021,19,0
2021-05-17,Electronics,85.0,157.05,0,88.24,0,5,2021,20,0
2021-05-18,Electronics,76.0,157.05,0,81.85,1,5,2021,20,0
2021-05-19,Electronics,71.0,157.05,0,78.08,2,5,2021,20,0
2021-05-20,Electronics,162.0,116.05,1,74.53,3,5,2021,20,0
2021-05-21,Electronics,175.0,116.05,1,74.23,4,5,2021,20,0
2021-05-22,Electronics,216.0,116.05,1,65.04,5,5,2021,20,0
2021-05-23,Electronics,191.0,116.05,1,76.44,6,5,2021,20,0
2021-05-24,Electronics,128.0,116.05,1,78.84,0,5,2021,21,0
2021-05-25,Electronics,123.0,116.05,1,66.19,1,5,2021,21,0
2021-05-26,Electronics,154.0,116.05,1,70.2,2,5,2021,21,0
2021-05-27,Electronics,84.0,157.05,0,67.16,3,5,2021,21,0
2021-05-28,Electronics,82.0,157.05,0,67.56,4,5,2021,21,0
2021-05-29,Electronics,92.0,157.05,0,72.08,5,5,2021,21,0
2021-05-30,Electronics,104.0,157.05,0,60.81,6,5,2021,21,0
2021-05-31,Electronics,64.0,157.05,0,73.71,0,5,2021,22,0
2021-06-01,Electronics,64.0,157.05,0,73.82,1,6,2021,22,0
2021-06-02,Electronics,71.0,157.05,0,68.2,2,6,2021,22,0
2021-06-03,Electronics,69.0,157.05,0,56.44,3,6,2021,22,0
2021-06-04,Electronics,81.0,157.05,0,63.25,4,6,2021,22,0
2021-06-05,Electronics,90.0,157.05,0,73.79,5,6,2021,22,0
2021-06-06,Electronics,92.0,157.05,0,53.11,6,6,2021,22,0
2021-06-07,Electronics,76.0,157.05,0,64.64,0,6,2021,23,0
2021-06-08,Electronics,67.0,157.05,0,59.84,1,6,2021,23,0
2021-06-09,Electronics,69.0,157.05,0,69.13,2,6,2021,23,0
2021-06-10,Electronics,57.0,157.05,0,61.09,3,6,2021,23,0
2021-06-11,Electronics,78.0,157.05,0,65.84,4,6,2021,23,0
2021-06-12,Electronics,83.0,157.05,0,66.0,5,6,2021,23,0
2021-06-13,Electronics,79.0,157.05,0,71.71,6,6,2021,23,0
2021-06-14,Electronics,62.0,157.05,0,60.85,0,6,2021,24,0
2021-06-15,Electronics,63.0,157.05,0,63.09,1,6,2021,24,0
2021-06-16,Electronics,68.0,157.05,0,53.12,2,6,2021,24,0
2021-06-17,Electronics,60.0,157.05,0,65.83,3,6,2021,24,0
2021-06-18,Electronics,77.0,157.05,0,55.41,4,6,2021,24,0
2021-06-19,Electronics,84.0,157.05,0,55.74,5,6,2021,24,0
2021-06-20,Electronics,83.0,157.05,0,57.76,6,6,2021,24,0
2021-06-21,Electronics,70.0,157.05,0,49.38,0,6,2021,25,0
2021-06-22,Electronics,66.0,157.05,0,57.66,1,6,2021,25,0
2021-06-23,Electronics,69.0,157.05,0,60.67,2,6,2021,25,0
2021-06-24,Electronics,65.0,157.05,0,56.61,3,6,2021,25,0
2021-06-25,Electronics,71.0,157.05,0,46.52,4,6,2021,25,0
2021-06-26,Electronics,85.0,157.05,0,53.16,5,6,2021,25,0
2021-06-27,Electronics,344.0,157.05,0,56.81,6,6,2021,25,0
2021-06-28,Electronics,65.0,157.05,0,43.02,0,6,2021,26,0
2021-06-29,Electronics,58.0,157.05,0,46.35,1,6,2021,26,0
2021-06-30,Electronics,63.0,157.05,0,55.42,2,6,2021,26,0
2021-07-01,Electronics,67.0,157.05,0,51.69,3,7,2021,26,0
2021-07-02,Electronics,90.0,157.05,0,51.72,4,7,2021,26,0
2021-07-03,Electronics,99.0,157.05,0,58.26,5,7,2021,26,0
2021-07-04,Electronics,110.0,157.05,0,50.62,6,7,2021,26,1
2021-07-05,Electronics,63.0,157.05,0,50.88,0,7,2021,27,0
2021-07-06,Electronics,56.0,157.05,0,60.46,1,7,2021,27,0
2021-07-07,Electronics,60.0,157.05,0,45.15,2,7,2021,27,0
2021-07-08,Electronics,68.0,157.05,0,41.54,3,7,2021,27,0
2021-07-09,Electronics,83.0,157.05,0,46.99,4,7,2021,27,0
2021-07-10,Electronics,82.0,157.05,0,46.36,5,7,2021,27,0
2021-07-11,Electronics,8.1,157.05,0,40.85,6,7,2021,27,0
2021-07-12,Electronics,54.0,157.05,0,37.65,0,7,2021,28,0
2021-07-13,Electronics,63.0,157.05,0,53.68,1,7,2021,28,0
2021-07-14,Electronics,58.0,157.05,0,43.09,2,7,2021,28,0
2021-07-15,Electronics,64.0,157.05,0,37.13,3,7,2021,28,0
2021-07-16,Electronics,71.0,157.05,0,44.7,4,7,2021,28,0
2021-07-17,Electronics,87.0,157.05,0,38.91,5,7,2021,28,0
2021-07-18,Electronics,75.0,157.05,0,37.53,6,7,2021,28,0
2021-07-19,Electronics,59.0,157.05,0,40.94,0,7,2021,29,0
2021-07-20,Electronics,76.0,157.05,0,31.02,1,7,2021,29,0
2021-07-21,Electronics,58.0,157.05,0,38.59,2,7,2021,29,0
2021-07-22,Electronics,63.0,157.05,0,45.74,3,7,2021,29,0
2021-07-23,Electronics,90.0,157.05,0,37.86,4,7,2021,29,0
2021-07-24,Electronics,111.0,157.05,0,33.01,5,7,2021,29,0
2021-07-25,Electronics,81.0,157.05,0,31.72,6,7,2021,29,0
2021-07-26,Electronics,66.0,157.05,0,31.57,0,7,2021,30,0
2021-07-27,Electronics,69.0,157.05,0,31.73,1,7,2021,30,0
2021-07-28,Electronics,76.0,157.05,0,30.49,2,7,2021,30,0
2021-07-29,Electronics,65.0,157.05,0,36.35,3,7,2021,30,0
2021-07-30,Electronics,80.0,157.05,0,22.49,4,7,2021,30,0
2021-07-31,Electronics,99.0,157.05,0,34.86,5,7,2021,30,0
2021-08-01,Electronics,96.0,157.05,0,28.05,6,8,2021,30,0
2021-08-02,Electronics,69.0,157.05,0,31.24,0,8,2021,31,0
2021-08-03,Electronics,69.0,157.05,0,23.14,1,8,2021,31,0
2021-08-04,Electronics,62.0,157.05,0,34.83,2,8,2021,31,0
2021-08-05,Electronics,135.0,119.75,1,33.84,3,8,2021,31,0
2021-08-06,Electronics,155.0,119.75,1,31.85,4,8,2021,31,0
2021-08-07,Electronics,185.0,119.75,1,18.91,5,8,2021,31,0
2021-08-08,Electronics,172.0,119.75,1,30.08,6,8,2021,31,0
2021-08-09,Electronics,143.0,119.75,1,27.41,0,8,2021,32,0
2021-08-10,Electronics,147.0,119.75,1,16.82,1,8,2021,32,0
2021-08-11,Electronics,137.0,119.75,1,24.2,2,8,2021,32,0
2021-08-12,Electronics,79.0,157.05,0,25.62,3,8,2021,32,0
2021-08-13,Electronics,89.0,157.05,0,26.06,4,8,2021,32,0
2021-08-14,Electronics,102.0,157.05,0,23.66,5,8,2021,32,0
2021-08-15,Electronics,95.0,157.05,0,23.72,6,8,2021,32,0
2021-08-16,Electronics,79.0,157.05,0,29.14,0,8,2021,33,0
2021-08-17,Electronics,75.0,157.05,0,27.42,1,8,2021,33,0
2021-08-18,Electronics,88.0,157.05,0,6.48,2,8,2021,33,0
2021-08-19,Electronics,91.0,157.05,0,18.76,3,8,2021,33,0
2021-08-20,Electronics,96.0,157.05,0,19.07,4,8,2021,33,0
2021-08-21,Electronics,100.0,157.05,0,10.68,5,8,2021,33,0
2021-08-22,Electronics,96.0,157.05,0,19.48,6,8,2021,33,0
2021-08-23,Electronics,89.0,157.05,0,24.82,0,8,2021,34,0
2021-08-24,Electronics,82.0,157.05,0,12.72,1,8,2021,34,0
2021-08-25,Electronics,83.0,157.05,0,19.42,2,8,2021,34,0
2021-08-26,Electronics,73.0,157.05,0,12.76,3,8,2021,34,0
2021-08-27,Electronics,105.0,157.05,0,13.59,4,8,2021,34,0
2021-08-28,Electronics,,157.05,0,23.95,5,8,2021,34,0
2021-08-29,Electronics,101.0,157.05,0,13.48,6,8,2021,34,0
2021-08-30,Electronics,82.0,157.05,0,18.14,0,8,2021,35,0
2021-08-31,Electronics,86.0,157.05,0,6.12,1,8,2021,35,0
2021-09-01,Electronics,84.0,157.05,0,24.44,2,9,2021,35,0
2021-09-02,Electronics,87.0,157.05,0,17.81,3,9,2021,35,0
2021-09-03,Electronics,102.0,157.05,0,13.57,4,9,2021,35,0
2021-09-04,Electronics,116.0,157.05,0,17.04,5,9,2021,35,0
2021-09-05,Electronics,119.0,157.05,0,6.82,6,9,2021,35,0
2021-09-06,Electronics,101.0,157.05,0,19.49,0,9,2021,36,0
2021-09-07,Electronics,71.0,157.05,0,11.68,1,9,2021,36,0
2021-09-08,Electronics,87.0,157.05,0,12.01,2,9,2021,36,0
2021-09-09,Electronics,96.0,157.05,0,10.31,3,9,2021,36,0
2021-09-10,Electronics,111.0,157.05,0,9.62,4,9,2021,36,0
2021-09-11,Electronics,121.0,157.05,0,15.76,5,9,2021,36,0
2021-09-12,Electronics,106.0,157.05,0,13.35,6,9,2021,36,0
2021-09-13,Electronics,98.0,157.05,0,15.11,0,9,2021,37,0
2021-09-14,Electronics,107.0,157.05,0,11.61,1,9,2021,37,0
2021-09-15,Electronics,82.0,157.05,0,14.03,2,9,2021,37,0
2021-09-16,Electronics,106.0,157.05,0,9.19,3,9,2021,37,0
2021-09-17,Electronics,111.0,157.05,0,22.26,4,9,2021,37,0
2021-09-18,Electronics,131.0,157.05,0,3.12,5,9,2021,37,0
2021-09-19,Electronics,119.0,157.05,0,17.12,6,9,2021,37,0
2021-09-20,Electronics,98.0,157.05,0,17.52,0,9,2021,38,0
2021-09-21,Electronics,109.0,157.05,0,6.3,1,9,2021,38,0
2021-09-22,Electronics,103.0,157.05,0,21.6,2,9,2021,38,0
2021-09-23,Electronics,119.0,157.05,0,15.33,3,9,2021,38,0
2021-09-24,Electronics,132.0,157.05,0,15.13,4,9,2021,38,0
2021-09-25,Electronics,143.0,157.05,0,10.34,5,9,2021,38,0
2021-09-26,Electronics,156.0,157.05,0,9.05,6,9,2021,38,0
2021-09-27,Electronics,109.0,157.05,0,9.04,0,9,2021,39,0
2021-09-28,Electronics,111.0,157.05,0,12.0,1,9,2021,39,0
2021-09-29,Electronics,101.0,157.05,0,17.02,2,9,2021,39,0
2021-09-30,Electronics,111.0,157.05,0,10.91,3,9,2021,39,0
2021-10-01,Electronics,119.0,157.05,0,5.44,4,10,2021,39,0
2021-10-02,Electronics,157.0,157.05,0,14.13,5,10,2021,39,0
2021-10-03,Electronics,131.0,157.05,0,14.64,6,10,2021,39,0
2021-10-04,Electronics,118.0,157.05,0,13.34,0,10,2021,40,0
2021-10-05,Electronics,107.0,157.05,0,13.83,1,10,2021,40,0
2021-10-06,Electronics,119.0,157.05,0,8.81,2,10,2021,40,0
2021-10-07,Electronics,122.0,157.05,0,5.59,3,10,2021,40,0
2021-10-08,Electronics,152.0,157.05,0,5.97,4,10,2021,40,0
2021-10-09,Electronics,162.0,157.05,0,2.23,5,10,2021,40,0
2021-10-10,Electronics,132.0,157.05,0,11.69,6,10,2021,40,0
2021-10-11,Electronics,115.0,157.05,0,10.2,0,10,2021,41,0
2021-10-12,Electronics,103.0,157.05,0,8.55,1,10,2021,41,0
2021-10-13,Electronics,109.0,157.05,0,-3.89,2,10,2021,41,0
2021-10-14,Electronics,135.0,157.05,0,4.8,3,10,2021,41,0
2021-10-15,Electronics,146.0,157.05,0,16.8,4,10,2021,41,0
2021-10-16,Electronics,151.0,157.05,0,8.05,5,10,2021,41,0
2021-10-17,Electronics,145.0,157.05,0,13.36,6,10,2021,41,0
2021-10-18,Electronics,121.0,157.05,0,4.8,0,10,2021,42,0
2021-10-19,Electronics,108.0,157.05,0,19.15,1,10,2021,42,0
2021-10-20,Electronics,112.0,157.05,0,11.46,2,10,2021,42,0
2021-10-21,Electronics,129.0,157.05,0,13.86,3,10,2021,42,0
2021-10-22,Electronics,158.0,157.05,0,24.28,4,10,2021,42,0
2021-10-23,Electronics,174.0,157.05,0,20.48,5,10,2021,42,0
2021-10-24,Electronics,134.0,157.05,0,11.63,6,10,2021,42,0
2021-10-25,Electronics,129.0,157.05,0,10.47,0,10,2021,43,0
2021-10-26,Electronics,125.0,157.05,0,12.09,1,10,2021,43,0
2021-10-27,Electronics,127.0,157.05,0,16.56,2,10,2021,43,0
2021-10-28,Electronics,148.0,157.05,0,13.79,3,10,2021,43,0
2021-10-29,Electronics,125.0,157.05,0,12.66,4,10,2021,43,0
2021-10-30,Electronics,164.0,157.05,0,22.3,5,10,2021,43,0
2021-10-31,Electronics,268.0,157.05,0,14.73,6,10,2021,43,1
2021-11-01,Electronics,114.0,157.05,0,27.15,0,11,2021,44,0
2021-11-02,Electronics,144.0,157.05,0,16.46,1,11,2021,44,0
2021-11-03,Electronics,131.0,157.05,0,25.3,2,11,2021,44,0
2021-11-04,Electronics,145.0,157.05,0,18.54,3,11,2021,44,0
2021-11-05,Electronics,148.0,157.05,0,21.96,4,11,2021,44,0
2021-11-06,Electronics,190.0,157.05,0,13.92,5,11,2021,44,0
2021-11-07,Electronics,192.0,157.05,0,13.68,6,11,2021,44,0
2021-11-08,Electronics,138.0,157.05,0,20.66,0,11,2021,45,0
2021-11-09,Electronics,135.0,157.05,0,23.73,1,11,2021,45,0
2021-11-10,Electronics,135.0,157.05,0,19.42,2,11,2021,45,0
2021-11-11,Electronics,130.0,157.05,0,13.24,3,11,2021,45,0
2021-11-12,Electronics,159.0,157.05,0,13.32,4,11,2021,45,0
2021-11-13,Electronics,182.0,157.05,0,13.45,5,11,2021,45,0
2021-11-14,Electronics,187.0,157.05,0,12.22,6,11,2021,45,0
2021-11-15,Electronics,150.0,157.05,0,22.08,0,11,2021,46,0
2021-11-16,Electronics,125.0,157.05,0,27.65,1,11,2021,46,0
2021-11-17,Electronics,134.0,157.05,0,22.45,2,11,2021,46,0
2021-11-18,Electronics,161.0,157.05,0,11.72,3,11,2021,46,0
2021-11-19,Electronics,155.0,157.05,0,22.58,4,11,2021,46,0
2021-11-20,Electronics,177.0,157.05,0,23.24,5,11,2021,46,0
2021-11-21,Electronics,190.0,157.05,0,35.06,6,11,2021,46,0
2021-11-22,Electronics,152.0,157.05,0,17.83,0,11,2021,47,0
2021-11-23,Electronics,140.0,157.05,0,23.71,1,11,2021,47,0
2021-11-24,Electronics,154.0,157.05,0,34.74,2,11,2021,47,0
2021-11-25,Electronics,346.0,157.05,0,29.02,3,11,2021,47,1
2021-11-26,Electronics,540.0,157.05,0,30.15,4,11,2021,47,1
2021-11-27,Electronics,202.0,157.05,0,28.48,5,11,2021,47,0
2021-11-28,Electronics,226.0,157.05,0,30.13,6,11,2021,47,0
2021-11-29,Electronics,143.0,157.05,0,32.95,0,11,2021,48,0
2021-11-30,Electronics,120.0,157.05,0,25.61,1,11,2021,48,0
2021-12-01,Electronics,160.0,157.05,0,34.64,2,12,2021,48,0
2021-12-02,Electronics,145.0,157.05,0,23.99,3,12,2021,48,0
2021-12-03,Electronics,173.0,157.05,0,33.1,4,12,2021,48,0
2021-12-04,Electronics,,157.05,0,32.96,5,12,2021,48,0
2021-12-05,Electronics,169.0,157.05,0,29.61,6,12,2021,48,0
2021-12-06,Electronics,134.0,157.05,0,33.2,0,12,2021,49,0
2021-12-07,Electronics,127.0,157.05,0,30.83,1,12,2021,49,0
2021-12-08,Electronics,135.0,157.05,0,29.21,2,12,2021,49,0
2021-12-09,Electronics,158.0,157.05,0,33.44,3,12,2021,49,0
2021-12-10,Electronics,182.0,157.05,0,30.33,4,12,2021,49,0
2021-12-11,Electronics,204.0,157.05,0,38.11,5,12,2021,49,0
2021-12-12,Electronics,175.0,157.05,0,31.4,6,12,2021,49,0
2021-12-13,Electronics,123.0,157.05,0,41.36,0,12,2021,50,0
2021-12-14,Electronics,148.0,157.05,0,32.55,1,12,2021,50,0
2021-12-15,Electronics,140.0,157.05,0,36.29,2,12,2021,50,0
2021-12-16,Electronics,160.0,157.05,0,36.66,3,12,2021,50,0
2021-12-17,Electronics,186.0,157.05,0,47.08,4,12,2021,50,0
2021-12-18,Electronics,204.0,157.05,0,42.77,5,12,2021,50,0
2021-12-19,Electronics,211.0,157.05,0,40.74,6,12,2021,50,0
2021-12-20,Electronics,155.0,157.05,0,44.96,0,12,2021,51,0
2021-12-21,Electronics,155.0,157.05,0,32.61,1,12,2021,51,0
2021-12-22,Electronics,139.0,157.05,0,43.61,2,12,2021,51,0
2021-12-23,Electronics,153.0,157.05,0,54.5,3,12,2021,51,0
2021-12-24,Electronics,180.0,157.05,0,45.85,4,12,2021,51,0
2021-12-25,Electronics,541.0,157.05,0,46.22,5,12,2021,51,1
2021-12-26,Electronics,348.0,157.05,0,49.3,6,12,2021,51,1
2021-12-27,Electronics,159.0,157.05,0,51.73,0,12,2021,52,0
2021-12-28,Electronics,146.0,157.05,0,37.95,1,12,2021,52,0
2021-12-29,Electronics,146.0,157.05,0,40.21,2,12,2021,52,0
2021-12-30,Electronics,166.0,157.05,0,50.36,3,12,2021,52,0
2021-12-31,Electronics,240.0,157.05,0,46.43,4,12,2021,52,1
2022-01-01,Electronics,328.0,157.05,0,57.25,5,1,2022,52,1
2022-01-02,Electronics,176.0,157.05,0,49.8,6,1,2022,52,0
2022-01-03,Electronics,124.0,157.05,0,42.39,0,1,2022,1,0
2022-01-04,Electronics,141.0,157.05,0,46.41,1,1,2022,1,0
2022-01-05,Electronics,156.0,157.05,0,39.69,2,1,2022,1,0
2022-01-06,Electronics,152.0,157.05,0,52.95,3,1,2022,1,0
2022-01-07,Electronics,181.0,157.05,0,53.87,4,1,2022,1,0
2022-01-08,Electronics,221.0,157.05,0,53.37,5,1,2022,1,0
2022-01-09,Electronics,221.0,157.05,0,61.57,6,1,2022,1,0
2022-01-10,Electronics,151.0,157.05,0,62.84,0,1,2022,2,0
2022-01-11,Electronics,165.0,157.05,0,56.68,1,1,2022,2,0
2022-01-12,Electronics,148.0,157.05,0,47.53,2,1,2022,2,0
2022-01-13,Electronics,145.0,157.05,0,61.96,3,1,2022,2,0
2022-01-14,Electronics,168.0,157.05,0,62.32,4,1,2022,2,0
2022-01-15,Electronics,178.0,157.05,0,61.76,5,1,2022,2,0
2022-01-16,Electronics,184.0,157.05,0,65.79,6,1,2022,2,0
2022-01-17,Electronics,147.0,157.05,0,55.72,0,1,2022,3,0
2022-01-18,Electronics,157.0,157.05,0,72.24,1,1,2022,3,0
2022-01-19,Electronics,166.0,157.05,0,58.05,2,1,2022,3,0
2022-01-20,Electronics,137.0,157.05,0,67.25,3,1,2022,3,0
2022-01-21,Electronics,181.0,157.05,0,55.71,4,1,2022,3,0
2022-01-22,Electronics,183.0,157.05,0,60.14,5,1,2022,3,0
2022-01-23,Electronics,204.0,157.05,0,73.01,6,1,2022,3,0
2022-01-24,Electronics,148.0,157.05,0,64.76,0,1,2022,4,0
2022-01-25,Electronics,124.0,157.05,0,70.89,1,1,2022,4,0
2022-01-26,Electronics,154.0,157.05,0,68.5,2,1,2022,4,0
2022-01-27,Electronics,144.0,157.05,0,67.4,3,1,2022,4,0
2022-01-28,Electronics,165.0,157.05,0,75.36,4,1,2022,4,0
2022-01-29,Electronics,180.0,157.05,0,67.97,5,1,2022,4,0
2022-01-30,Electronics,183.0,157.05,0,60.85,6,1,2022,4,0
2022-01-31,Electronics,152.0,157.05,0,66.33,0,1,2022,5,0
2022-02-01,Electronics,141.0,157.05,0,73.69,1,2,2022,5,0
2022-02-02,Electronics,145.0,157.05,0,73.5,2,2,2022,5,0
2022-02-03,Electronics,153.0,157.05,0,64.26,3,2,2022,5,0
2022-02-04,Electronics,188.0,157.05,0,69.05,4,2,2022,5,0
2022-02-05,Electronics,188.0,157.05,0,70.32,5,2,2022,5,0
2022-02-06,Electronics,,157.05,0,71.96,6,2,2022,5,0
2022-02-07,Electronics,156.0,157.05,0,67.46,0,2,2022,6,0
2022-02-08,Electronics,137.0,157.05,0,71.74,1,2,2022,6,0
2022-02-09,Electronics,151.0,157.05,0,71.77,2,2,2022,6,0
2022-02-10,Electronics,150.0,157.05,0,79.8,3,2,2022,6,0
2022-02-11,Electronics,164.0,157.05,0,80.51,4,2,2022,6,0
2022-02-12,Electronics,194.0,157.05,0,76.25,5,2,2022,6,0
2022-02-13,Electronics,214.0,157.05,0,75.52,6,2,2022,6,0
2022-02-14,Electronics,263.0,157.05,0,78.68,0,2,2022,7,1
2022-02-15,Electronics,138.0,157.05,0,74.38,1,2,2022,7,0
2022-02-16,Electronics,137.0,157.05,0,73.21,2,2,2022,7,0
2022-02-17,Electronics,154.0,157.05,0,74.72,3,2,2022,7,0
2022-02-18,Electronics,151.0,157.05,0,76.7,4,2,2022,7,0
2022-02-19,Electronics,189.0,157.05,0,74.51,5,2,2022,7,0
2022-02-20,Electronics,180.0,157.05,0,81.59,6,2,2022,7,0
2022-02-21,Electronics,140.0,157.05,0,84.86,0,2,2022,8,0
2022-02-22,Electronics,124.0,157.05,0,73.7,1,2,2022,8,0
2022-02-23,Electronics,115.0,157.05,0,82.18,2,2,2022,8,0
2022-02-24,Electronics,115.0,157.05,0,81.36,3,2,2022,8,0
2022-02-25,Electronics,143.0,157.05,0,84.57,4,2,2022,8,0
2022-02-26,Electronics,172.0,157.05,0,83.18,5,2,2022,8,0
2022-02-27,Electronics,171.0,157.05,0,76.36,6,2,2022,8,0
2022-02-28,Electronics,153.0,157.05,0,77.68,0,2,2022,9,0
2022-03-01,Electronics,141.0,157.05,0,84.5,1,3,2022,9,0
2022-03-02,Electronics,117.0,157.05,0,89.84,2,3,2022,9,0
2022-03-03,Electronics,137.0,157.05,0,73.96,3,3,2022,9,0
2022-03-04,Electronics,147.0,157.05,0,87.09,4,3,2022,9,0
2022-03-05,Electronics,169.0,157.05,0,91.63,5,3,2022,9,0
2022-03-06,Electronics,171.0,157.05,0,85.22,6,3,2022,9,0
2022-03-07,Electronics,134.0,157.05,0,89.03,0,3,2022,10,0
2022-03-08,Electronics,121.0,157.05,0,83.05,1,3,2022,10,0
2022-03-09,Electronics,133.0,157.05,0,86.24,2,3,2022,10,0
2022-03-10,Electronics,117.0,157.05,0,79.0,3,3,2022,10,0
2022-03-11,Electronics,146.0,157.05,0,75.63,4,3,2022,10,0
2022-03-12,Electronics,201.0,157.05,0,92.31,5,3,2022,10,0
2022-03-13,Electronics,165.0,157.05,0,82.9,6,3,2022,10,0
2022-03-14,Electronics,137.0,157.05,0,85.76,0,3,2022,11,0
2022-03-15,Electronics,121.0,157.05,0,81.32,1,3,2022,11,0
2022-03-16,Electronics,123.0,157.05,0,81.4,2,3,2022,11,0
2022-03-17,Electronics,123.0,157.05,0,87.76,3,3,2022,11,0
2022-03-18,Electronics,139.0,157.05,0,85.15,4,3,2022,11,0
2022-03-19,Electronics,150.0,157.05,0,90.85,5,3,2022,11,0
2022-03-20,Electronics,161.0,157.05,0,91.38,6,3,2022,11,0
2022-03-21,Electronics,110.0,157.05,0,90.86,0,3,2022,12,0
2022-03-22,Electronics,121.0,157.05,0,90.57,1,3,2022,12,0
2022-03-23,Electronics,123.0,157.05,0,97.38,2,3,2022,12,0
2022-03-24,Electronics,122.0,157.05,0,84.26,3,3,2022,12,0
2022-03-25,Electronics,131.0,157.05,0,89.41,4,3,2022,12,0
2022-03-26,Electronics,,157.05,0,95.43,5,3,2022,12,0
2022-03-27,Electronics,146.0,157.05,0,96.16,6,3,2022,12,0
2022-03-28,Electronics,122.0,157.05,0,82.78,0,3,2022,13,0
2022-03-29,Electronics,94.0,157.05,0,88.38,1,3,2022,13,0
2022-03-30,Electronics,105.0,157.05,0,96.76,2,3,2022,13,0
2022-03-31,Electronics,95.0,157.05,0,92.53,3,3,2022,13,0
2022-04-01,Electronics,113.0,157.05,0,90.98,4,4,2022,13,0
2022-04-02,Electronics,162.0,157.05,0,88.91,5,4,2022,13,0
2022-04-03,Electronics,153.0,157.05,0,88.06,6,4,2022,13,0
2022-04-04,Electronics,102.0,157.05,0,91.4,0,4,2022,14,0
2022-04-05,Electronics,92.0,157.05,0,88.65,1,4,2022,14,0
2022-04-06,Electronics,78.0,157.05,0,89.65,2,4,2022,14,0
2022-04-07,Electronics,103.0,157.05,0,90.2,3,4,2022,14,0
2022-04-08,Electronics,146.0,157.05,0,86.34,4,4,2022,14,0
2022-04-09,Electronics,144.0,157.05,0,92.31,5,4,2022,14,0
2022-04-10,Electronics,215.0,131.93,1,104.12,6,4,2022,14,0
2022-04-11,Electronics,177.0,131.93,1,80.55,0,4,2022,15,0
2022-04-12,Electronics,145.0,131.93,1,90.94,1,4,2022,15,0
2022-04-13,Electronics,95.0,157.05,0,85.38,2,4,2022,15,0
2022-04-14,Electronics,103.0,157.05,0,91.93,3,4,2022,15,0
2022-04-15,Electronics,115.0,157.05,0,89.12,4,4,2022,15,0
2022-04-16,Electronics,276.0,114.78,1,92.53,5,4,2022,15,0
2022-04-17,Electronics,260.0,114.78,1,94.42,6,4,2022,15,0
2022-04-18,Electronics,202.0,114.78,1,89.31,0,4,2022,16,0
2022-04-19,Electronics,176.0,114.78,1,93.81,1,4,2022,16,0
2022-04-20,Electronics,196.0,114.78,1,76.21,2,4,2022,16,0
2022-04-21,Electronics,110.0,157.05,0,95.66,3,4,2022,16,0
2022-04-22,Electronics,102.0,157.05,0,89.35,4,4,2022,16,0
2022-04-23,Electronics,116.0,157.05,0,92.62,5,4,2022,16,0
2022-04-24,Electronics,135.0,157.05,0,80.87,6,4,2022,16,0
2022-04-25,Electronics,91.0,157.05,0,82.55,0,4,2022,17,0
2022-04-26,Electronics,100.0,157.05,0,87.15,1,4,2022,17,0
2022-04-27,Electronics,85.0,157.05,0,86.05,2,4,2022,17,0
2022-04-28,Electronics,103.0,157.05,0,87.25,3,4,2022,17,0
2022-04-29,Electronics,106.0,157.05,0,90.94,4,4,2022,17,0
2022-04-30,Electronics,121.0,157.05,0,76.37,5,4,2022,17,0
2022-05-01,Electronics,131.0,157.05,0,89.74,6,5,2022,17,0
2022-05-02,Electronics,85.0,157.05,0,84.57,0,5,2022,18,0
2022-05-03,Electronics,79.0,157.05,0,83.15,1,5,2022,18,0
2022-05-04,Electronics,81.0,157.05,0,76.45,2,5,2022,18,0
2022-05-05,Electronics,91.0,157.05,0,85.95,3,5,2022,18,0
2022-05-06,Electronics,155.0,124.68,1,70.98,4,5,2022,18,0
2022-05-07,Electronics,211.0,124.68,1,85.9,5,5,2022,18,0
2022-05-08,Electronics,188.0,124.68,1,74.8,6,5,2022,18,0
2022-05-09,Electronics,162.0,124.68,1,82.11,0,5,2022,19,0
2022-05-10,Electronics,66.0,157.05,0,80.83,1,5,2022,19,0
2022-05-11,Electronics,75.0,157.05,0,86.84,2,5,2022,19,0
2022-05-12,Electronics,72.0,157.05,0,79.66,3,5,2022,19,0
2022-05-13,Electronics,88.0,157.05,0,76.64,4,5,2022,19,0
2022-05-14,Electronics,110.0,157.05,0,77.12,5,5,2022,19,0
2022-05-15,Electronics,104.0,157.05,0,85.55,6,5,2022,19,0
2022-05-16,Electronics,78.0,157.05,0,81.39,0,5,2022,20,0
2022-05-17,Electronics,76.0,157.05,0,76.3,1,5,2022,20,0
2022-05-18,Electronics,77.0,157.05,0,76.55,2,5,2022,20,0
2022-05-19,Electronics,73.0,157.05,0,69.4,3,5,2022,20,0
2022-05-20,Electronics,95.0,157.05,0,78.66,4,5,2022,20,0
2022-05-21,Electronics,108.0,157.05,0,67.41,5,5,2022,20,0
2022-05-22,Electronics,,157.05,0,79.44,6,5,2022,20,0
2022-05-23,Electronics,79.0,157.05,0,75.79,0,5,2022,21,0
2022-05-24,Electronics,76.0,157.05,0,86.55,1,5,2022,21,0
2022-05-25,Electronics,84.0,157.05,0,68.56,2,5,2022,21,0
2022-05-26,Electronics,76.0,157.05,0,73.0,3,5,2022,21,0
2022-05-27,Electronics,84.0,157.05,0,81.94,4,5,2022,21,0
2022-05-28,Electronics,92.0,157.05,0,78.34,5,5,2022,21,0
2022-05-29,Electronics,88.0,157.05,0,68.33,6,5,2022,21,0
2022-05-30,Electronics,66.0,157.05,0,72.35,0,5,2022,22,0
2022-05-31,Electronics,66.0,157.05,0,70.65,1,5,2022,22,0
2022-06-01,Electronics,69.0,157.05,0,71.46,2,6,2022,22,0
2022-06-02,Electronics,75.0,157.05,0,65.96,3,6,2022,22,0
2022-06-03,Electronics,84.0,157.05,0,68.4,4,6,2022,22,0
2022-06-04,Electronics,89.0,157.05,0,60.25,5,6,2022,22,0
2022-06-05,Electronics,99.0,157.05,0,68.3,6,6,2022,22,0
2022-06-06,Electronics,75.0,157.05,0,69.25,0,6,2022,23,0
2022-06-07,Electronics,68.0,157.05,0,65.24,1,6,2022,23,0
2022-06-08,Electronics,64.0,157.05,0,57.67,2,6,2022,23,0
2022-06-09,Electronics,74.0,157.05,0,70.05,3,6,2022,23,0
2022-06-10,Electronics,82.0,157.05,0,66.29,4,6,2022,23,0
2022-06-11,Electronics,81.0,157.05,0,60.19,5,6,2022,23,0
2022-06-12,Electronics,90.0,157.05,0,61.77,6,6,2022,23,0
2022-06-13,Electronics,70.0,157.05,0,55.02,0,6,2022,24,0
2022-06-14,Electronics,62.0,157.05,0,56.74,1,6,2022,24,0
2022-06-15,Electronics,67.0,157.05,0,58.52,2,6,2022,24,0
2022-06-16,Electronics,61.0,157.05,0,66.69,3,6,2022,24,0
2022-06-17,Electronics,87.0,157.05,0,56.68,4,6,2022,24,0
2022-06-18,Electronics,99.0,157.05,0,62.41,5,6,2022,24,0
2022-06-19,Electronics,87.0,157.05,0,55.85,6,6,2022,24,0
2022-06-20,Electronics,69.0,157.05,0,59.11,0,6,2022,25,0
2022-06-21,Electronics,53.0,157.05,0,56.48,1,6,2022,25,0
2022-06-22,Electronics,59.0,157.05,0,60.88,2,6,2022,25,0
2022-06-23,Electronics,67.0,157.05,0,53.16,3,6,2022,25,0
2022-06-24,Electronics,71.0,157.05,0,47.29,4,6,2022,25,0
2022-06-25,Electronics,94.0,157.05,0,47.56,5,6,2022,25,0
2022-06-26,Electronics,101.0,157.05,0,51.12,6,6,2022,25,0
2022-06-27,Electronics,60.0,157.05,0,46.85,0,6,2022,26,0
2022-06-28,Electronics,61.0,157.05,0,54.46,1,6,2022,26,0
2022-06-29,Electronics,65.0,157.05,0,49.39,2,6,2022,26,0
2022-06-30,Electronics,77.0,157.05,0,62.91,3,6,2022,26,0
2022-07-01,Electronics,70.0,157.05,0,41.66,4,7,2022,26,0
2022-07-02,Electronics,90.0,157.05,0,50.67,5,7,2022,26,0
2022-07-03,Electronics,100.0,157.05,0,43.33,6,7,2022,26,0
2022-07-04,Electronics,81.0,157.05,0,45.81,0,7,2022,27,1
2022-07-05,Electronics,58.0,157.05,0,48.3,1,7,2022,27,0
2022-07-06,Electronics,62.0,157.05,0,35.28,2,7,2022,27,0
2022-07-07,Electronics,65.0,157.05,0,47.4,3,7,2022,27,0
2022-07-08,Electronics,83.0,157.05,0,55.05,4,7,2022,27,0
2022-07-09,Electronics,91.0,157.05,0,42.58,5,7,2022,27,0
2022-07-10,Electronics,75.0,157.05,0,45.47,6,7,2022,27,0
2022-07-11,Electronics,108.0,140.42,1,48.61,0,7,2022,28,0
2022-07-12,Electronics,97.0,140.42,1,41.99,1,7,2022,28,0
2022-07-13,Electronics,111.0,140.42,1,39.23,2,7,2022,28,0
2022-07-14,Electronics,101.0,140.42,1,30.08,3,7,2022,28,0
2022-07-15,Electronics,116.0,140.42,1,43.99,4,7,2022,28,0
2022-07-16,Electronics,146.0,140.42,1,39.55,5,7,2022,28,0
2022-07-17,Electronics,95.0,157.05,0,34.39,6,7,2022,28,0
2022-07-18,Electronics,71.0,157.05,0,39.42,0,7,2022,29,0
2022-07-19,Electronics,58.0,157.05,0,35.21,1,7,2022,29,0
2022-07-20,Electronics,69.0,157.05,0,34.83,2,7,2022,29,0
2022-07-21,Electronics,65.0,157.05,0,39.86,3,7,2022,29,0
2022-07-22,Electronics,82.0,157.05,0,29.48,4,7,2022,29,0
2022-07-23,Electronics,146.0,124.88,1,40.77,5,7,2022,29,0
2022-07-24,Electronics,169.0,124.88,1,27.9,6,7,2022,29,0
2022-07-25,Electronics,117.0,124.88,1,30.94,0,7,2022,30,0
2022-07-26,Electronics,62.0,157.05,0,43.24,1,7,2022,30,0
2022-07-27,Electronics,72.0,157.05,0,38.64,2,7,2022,30,0
2022-07-28,Electronics,74.0,157.05,0,32.87,3,7,2022,30,0
2022-07-29,Electronics,79.0,157.05,0,27.06,4,7,2022,30,0
2022-07-30,Electronics,107.0,157.05,0,28.51,5,7,2022,30,0
2022-07-31,Electronics,91.0,157.05,0,30.92,6,7,2022,30,0
2022-08-01,Electronics,73.0,157.05,0,30.14,0,8,2022,31,0
2022-08-02,Electronics,73.0,157.05,0,28.9,1,8,2022,31,0
2022-08-03,Electronics,67.0,157.05,0,28.62,2,8,2022,31,0
2022-08-04,Electronics,78.0,157.05,0,27.12,3,8,2022,31,0
2022-08-05,Electronics,83.0,157.05,0,20.41,4,8,2022,31,0
2022-08-06,Electronics,96.0,157.05,0,24.47,5,8,2022,31,0
2022-08-07,Electronics,109.0,157.05,0,31.06,6,8,2022,31,0
2022-08-08,Electronics,69.0,157.05,0,19.09,0,8,2022,32,0
2022-08-09,Electronics,,157.05,0,24.44,1,8,2022,32,0
2022-08-10,Electronics,83.0,157.05,0,20.75,2,8,2022,32,0
2022-08-11,Electronics,95.0,157.05,0,24.87,3,8,2022,32,0
2022-08-12,Electronics,87.0,157.05,0,21.85,4,8,2022,32,0
2022-08-13,Electronics,88.0,157.05,0,30.66,5,8,2022,32,0
2022-08-14,Electronics,100.0,157.05,0,25.3,6,8,2022,32,0
2022-08-15,Electronics,77.0,157.05,0,15.71,0,8,2022,33,0
2022-08-16,Electronics,77.0,157.05,0,25.13,1,8,2022,33,0
2022-08-17,Electronics,71.0,157.05,0,17.42,2,8,2022,33,0
2022-08-18,Electronics,86.0,157.05,0,17.93,3,8,2022,33,0
2022-08-19,Electronics,99.0,157.05,0,21.92,4,8,2022,33,0
2022-08-20,Electronics,96.0,157.05,0,17.43,5,8,2022,33,0
2022-08-21,Electronics,114.0,157.05,0,23.91,6,8,2022,33,0
2022-08-22,Electronics,97.0,157.05,0,15.13,0,8,2022,34,0
2022-08-23,Electronics,83.0,157.05,0,15.48,1,8,2022,34,0
2022-08-24,Electronics,79.0,157.05,0,14.87,2,8,2022,34,0
2022-08-25,Electronics,86.0,157.05,0,14.91,3,8,2022,34,0
2022-08-26,Electronics,105.0,157.05,0,22.83,4,8,2022,34,0
2022-08-27,Electronics,99.0,157.05,0,20.09,5,8,2022,34,0
2022-08-28,Electronics,115.0,157.05,0,25.11,6,8,2022,34,0
2022-08-29,Electronics,85.0,157.05,0,27.53,0,8,2022,35,0
2022-08-30,Electronics,99.0,157.05,0,10.67,1,8,2022,35,0
2022-08-31,Electronics,85.0,157.05,0,15.83,2,8,2022,35,0
2022-09-01,Electronics,104.0,157.05,0,9.25,3,9,2022,35,0
2022-09-02,Electronics,96.0,157.05,0,10.91,4,9,2022,35,0
2022-09-03,Electronics,127.0,157.05,0,11.33,5,9,2022,35,0
2022-09-04,Electronics,123.0,157.05,0,8.88,6,9,2022,35,0
2022-09-05,Electronics,86.0,157.05,0,8.61,0,9,2022,36,0
2022-09-06,Electronics,92.0,157.05,0,12.85,1,9,2022,36,0
2022-09-07,Electronics,99.0,157.05,0,7.21,2,9,2022,36,0
2022-09-08,Electronics,94.0,157.05,0,17.24,3,9,2022,36,0
2022-09-09,Electronics,96.0,157.05,0,8.18,4,9,2022,36,0
2022-09-10,Electronics,127.0,157.05,0,26.57,5,9,2022,36,0
2022-09-11,Electronics,117.0,157.05,0,10.03,6,9,2022,36,0
2022-09-12,Electronics,95.0,157.05,0,12.43,0,9,2022,37,0
2022-09-13,Electronics,95.0,157.05,0,5.38,1,9,2022,37,0
2022-09-14,Electronics,82.0,157.05,0,20.18,2,9,2022,37,0
2022-09-15,Electronics,89.0,157.05,0,17.06,3,9,2022,37,0
2022-09-16,Electronics,121.0,157.05,0,12.77,4,9,2022,37,0
2022-09-17,Electronics,129.0,157.05,0,4.38,5,9,2022,37,0
2022-09-18,Electronics,106.0,157.05,0,12.01,6,9,2022,37,0
2022-09-19,Electronics,109.0,157.05,0,5.21,0,9,2022,38,0
2022-09-20,Electronics,103.0,157.05,0,17.99,1,9,2022,38,0
2022-09-21,Electronics,95.0,157.05,0,14.61,2,9,2022,38,0
2022-09-22,Electronics,96.0,157.05,0,10.93,3,9,2022,38,0
2022-09-23,Electronics,131.0,157.05,0,-1.83,4,9,2022,38,0
2022-09-24,Electronics,146.0,157.05,0,5.35,5,9,2022,38,0
2022-09-25,Electronics,167.0,157.05,0,13.63,6,9,2022,38,0
2022-09-26,Electronics,111.0,157.05,0,16.2,0,9,2022,39,0
2022-09-27,Electronics,109.0,157.05,0,15.63,1,9,2022,39,0
2022-09-28,Electronics,104.0,157.05,0,2.08,2,9,2022,39,0
2022-09-29,Electronics,120.0,157.05,0,11.53,3,9,2022,39,0
2022-09-30,Electronics,136.0,157.05,0,15.08,4,9,2022,39,0
2022-10-01,Electronics,164.0,157.05,0,1.71,5,10,2022,39,0
2022-10-02,Electronics,141.0,157.05,0,9.97,6,10,2022,39,0
2022-10-03,Electronics,109.0,157.05,0,11.4,0,10,2022,40,0
2022-10-04,Electronics,107.0,157.05,0,8.56,1,10,2022,40,0
2022-10-05,Electronics,118.0,157.05,0,0.85,2,10,2022,40,0
2022-10-06,Electronics,132.0,157.05,0,8.53,3,10,2022,40,0
2022-10-07,Electronics,131.0,157.05,0,8.59,4,10,2022,40,0
2022-10-08,Electronics,151.0,157.05,0,9.57,5,10,2022,40,0
2022-10-09,Electronics,158.0,157.05,0,7.59,6,10,2022,40,0
2022-10-10,Electronics,116.0,157.05,0,8.29,0,10,2022,41,0
2022-10-11,Electronics,126.0,157.05,0,10.42,1,10,2022,41,0
2022-10-12,Electronics,95.0,157.05,0,12.96,2,10,2022,41,0
2022-10-13,Electronics,115.0,157.05,0,9.36,3,10,2022,41,0
2022-10-14,Electronics,133.0,157.05,0,8.99,4,10,2022,41,0
2022-10-15,Electronics,133.0,157.05,0,11.66,5,10,2022,41,0
2022-10-16,Electronics,149.0,157.05,0,1.77,6,10,2022,41,0
2022-10-17,Electronics,115.0,157.05,0,13.94,0,10,2022,42,0
2022-10-18,Electronics,120.0,157.05,0,11.75,1,10,2022,42,0
2022-10-19,Electronics,132.0,157.05,0,12.16,2,10,2022,42,0
2022-10-20,Electronics,126.0,157.05,0,16.98,3,10,2022,42,0
2022-10-21,Electronics,136.0,157.05,0,2.64,4,10,2022,42,0
2022-10-22,Electronics,169.0,157.05,0,2.78,5,10,2022,42,0
2022-10-23,Electronics,182.0,157.05,0,14.27,6,10,2022,42,0
2022-10-24,Electronics,119.0,157.05,0,13.13,0,10,2022,43,0
2022-10-25,Electronics,118.0,157.05,0,14.29,1,10,2022,43,0
2022-10-26,Electronics,132.0,157.05,0,11.41,2,10,2022,43,0
2022-10-27,Electronics,132.0,157.05,0,17.34,3,10,2022,43,0
2022-10-28,Electronics,162.0,157.05,0,18.98,4,10,2022,43,0
2022-10-29,Electronics,177.0,157.05,0,17.06,5,10,2022,43,0
2022-10-30,Electronics,185.0,157.05,0,13.66,6,10,2022,43,0
2022-10-31,Electronics,184.0,157.05,0,4.76,0,10,2022,44,1
2022-11-01,Electronics,132.0,157.05,0,19.5,1,11,2022,44,0
2022-11-02,Electronics,129.0,157.05,0,22.12,2,11,2022,44,0
2022-11-03,Electronics,126.0,157.05,0,19.6,3,11,2022,44,0
2022-11-04,Electronics,140.0,157.05,0,12.35,4,11,2022,44,0
2022-11-05,Electronics,193.0,157.05,0,20.51,5,11,2022,44,0
2022-11-06,Electronics,176.0,157.05,0,21.84,6,11,2022,44,0
2022-11-07,Electronics,127.0,157.05,0,25.74,0,11,2022,45,0
2022-11-08,Electronics,135.0,157.05,0,13.98,1,11,2022,45,0
2022-11-09,Electronics,147.0,157.05,0,17.66,2,11,2022,45,0
2022-11-10,Electronics,117.0,157.05,0,22.96,3,11,2022,45,0
2022-11-11,Electronics,145.0,157.05,0,19.95,4,11,2022,45,0
2022-11-12,Electronics,175.0,157.05,0,14.53,5,11,2022,45,0
2022-11-13,Electronics,208.0,157.05,0,22.66,6,11,2022,45,0
2022-11-14,Electronics,146.0,157.05,0,23.95,0,11,2022,46,0
2022-11-15,Electronics,149.0,157.05,0,21.97,1,11,2022,46,0
2022-11-16,Electronics,,157.05,0,23.12,2,11,2022,46,0
2022-11-17,Electronics,134.0,157.05,0,21.22,3,11,2022,46,0
2022-11-18,Electronics,175.0,157.05,0,30.41,4,11,2022,46,0
2022-11-19,Electronics,195.0,157.05,0,19.03,5,11,2022,46,0
2022-11-20,Electronics,200.0,157.05,0,21.12,6,11,2022,46,0
2022-11-21,Electronics,144.0,157.05,0,24.64,0,11,2022,47,0
2022-11-22,Electronics,147.0,157.05,0,29.51,1,11,2022,47,0
2022-11-23,Electronics,144.0,157.05,0,18.17,2,11,2022,47,0
2022-11-24,Electronics,354.0,157.05,0,19.66,3,11,2022,47,1
2022-11-25,Electronics,553.0,157.05,0,16.58,4,11,2022,47,1
2022-11-26,Electronics,173.0,157.05,0,27.5,5,11,2022,47,0
2022-11-27,Electronics,161.0,157.05,0,22.31,6,11,2022,47,0
2022-11-28,Electronics,162.0,157.05,0,26.56,0,11,2022,48,0
2022-11-29,Electronics,161.0,157.05,0,32.37,1,11,2022,48,0
2022-11-30,Electronics,134.0,157.05,0,26.45,2,11,2022,48,0
2022-12-01,Electronics,131.0,157.05,0,31.41,3,12,2022,48,0
2022-12-02,Electronics,178.0,157.05,0,29.35,4,12,2022,48,0
2022-12-03,Electronics,444.0,111.31,1,34.82,5,12,2022,48,0
2022-12-04,Electronics,466.0,111.31,1,34.45,6,12,2022,48,0
2022-12-05,Electronics,324.0,111.31,1,29.23,0,12,2022,49,0
2022-12-06,Electronics,296.0,111.31,1,32.47,1,12,2022,49,0
2022-12-07,Electronics,137.0,157.05,0,39.16,2,12,2022,49,0
2022-12-08,Electronics,157.0,157.05,0,36.54,3,12,2022,49,0
2022-12-09,Electronics,175.0,157.05,0,28.23,4,12,2022,49,0
2022-12-10,Electronics,189.0,157.05,0,39.13,5,12,2022,49,0
2022-12-11,Electronics,236.0,157.05,0,31.08,6,12,2022,49,0
2022-12-12,Electronics,177.0,157.05,0,44.21,0,12,2022,50,0
2022-12-13,Electronics,165.0,157.05,0,42.92,1,12,2022,50,0
2022-12-14,Electronics,139.0,157.05,0,39.91,2,12,2022,50,0
2022-12-15,Electronics,170.0,157.05,0,39.91,3,12,2022,50,0
2022-12-16,Electronics,191.0,157.05,0,38.74,4,12,2022,50,0
2022-12-17,Electronics,215.0,157.05,0,43.85,5,12,2022,50,0
2022-12-18,Electronics,225.0,157.05,0,39.27,6,12,2022,50,0
2022-12-19,Electronics,164.0,157.05,0,42.97,0,12,2022,51,0
2022-12-20,Electronics,162.0,157.05,0,46.83,1,12,2022,51,0
2022-12-21,Electronics,159.0,157.05,0,40.34,2,12,2022,51,0
2022-12-22,Electronics,164.0,157.05,0,40.75,3,12,2022,51,0
2022-12-23,Electronics,157.0,157.05,0,38.54,4,12,2022,51,0
2022-12-24,Electronics,211.0,157.05,0,39.87,5,12,2022,51,0
2022-12-25,Electronics,492.0,157.05,0,36.73,6,12,2022,51,1
2022-12-26,Electronics,254.0,157.05,0,50.21,0,12,2022,52,1
2022-12-27,Electronics,174.0,157.05,0,56.29,1,12,2022,52,0
2022-12-28,Electronics,173.0,157.05,0,55.06,2,12,2022,52,0
2022-12-29,Electronics,178.0,157.05,0,40.49,3,12,2022,52,0
2022-12-30,Electronics,187.0,157.05,0,52.94,4,12,2022,52,0
2022-12-31,Electronics,372.0,157.05,0,57.11,5,12,2022,52,1
2023-01-01,Electronics,372.0,157.05,0,48.4,6,1,2023,52,1
2023-01-02,Electronics,160.0,157.05,0,51.88,0,1,2023,1,0
2023-01-03,Electronics,140.0,157.05,0,42.03,1,1,2023,1,0
2023-01-04,Electronics,157.0,157.05,0,54.09,2,1,2023,1,0
2023-01-05,Electronics,161.0,157.05,0,48.12,3,1,2023,1,0
2023-01-06,Electronics,164.0,157.05,0,55.12,4,1,2023,1,0
2023-01-07,Electronics,209.0,157.05,0,47.0,5,1,2023,1,0
2023-01-08,Electronics,204.0,157.05,0,58.21,6,1,2023,1,0
2023-01-09,Electronics,179.0,157.05,0,61.29,0,1,2023,2,0
2023-01-10,Electronics,164.0,157.05,0,52.94,1,1,2023,2,0
2023-01-11,Electronics,152.0,157.05,0,51.84,2,1,2023,2,0
2023-01-12,Electronics,163.0,157.05,0,47.42,3,1,2023,2,0
2023-01-13,Electronics,183.0,157.05,0,57.54,4,1,2023,2,0
2023-01-14,Electronics,205.0,157.05,0,56.64,5,1,2023,2,0
2023-01-15,Electronics,187.0,157.05,0,52.46,6,1,2023,2,0
2023-01-16,Electronics,154.0,157.05,0,63.14,0,1,2023,3,0
2023-01-17,Electronics,143.0,157.05,0,59.29,1,1,2023,3,0
2023-01-18,Electronics,135.0,157.05,0,56.82,2,1,2023,3,0
2023-01-19,Electronics,165.0,157.05,0,60.08,3,1,2023,3,0
2023-01-20,Electronics,186.0,157.05,0,68.86,4,1,2023,3,0
2023-01-21,Electronics,324.0,121.57,1,67.16,5,1,2023,3,0
2023-01-22,Electronics,368.0,121.57,1,64.14,6,1,2023,3,0
2023-01-23,Electronics,305.0,121.57,1,68.52,0,1,2023,4,0
2023-01-24,Electronics,299.0,121.57,1,60.25,1,1,2023,4,0
2023-01-25,Electronics,295.0,121.57,1,66.85,2,1,2023,4,0
2023-01-26,Electronics,157.0,157.05,0,68.05,3,1,2023,4,0
2023-01-27,Electronics,166.0,157.05,0,65.58,4,1,2023,4,0
2023-01-28,Electronics,186.0,157.05,0,70.72,5,1,2023,4,0
2023-01-29,Electronics,205.0,157.05,0,65.25,6,1,2023,4,0
2023-01-30,Electronics,156.0,157.05,0,72.3,0,1,2023,5,0
2023-01-31,Electronics,163.0,157.05,0,73.11,1,1,2023,5,0
2023-02-01,Electronics,159.0,157.05,0,56.35,2,2,2023,5,0
2023-02-02,Electronics,152.0,157.05,0,77.47,3,2,2023,5,0
2023-02-03,Electronics,158.0,157.05,0,56.86,4,2,2023,5,0
2023-02-04,Electronics,195.0,157.05,0,69.59,5,2,2023,5,0
2023-02-05,Electronics,199.0,157.05,0,78.36,6,2,2023,5,0
2023-02-06,Electronics,146.0,157.05,0,72.2,0,2,2023,6,0
2023-02-07,Electronics,138.0,157.05,0,67.01,1,2,2023,6,0
2023-02-08,Electronics,146.0,157.05,0,69.41,2,2,2023,6,0
2023-02-09,Electronics,145.0,157.05,0,80.55,3,2,2023,6,0
2023-02-10,Electronics,163.0,157.05,0,66.34,4,2,2023,6,0
2023-02-11,Electronics,200.0,157.05,0,82.11,5,2,2023,6,0
2023-02-12,Electronics,185.0,157.05,0,76.7,6,2,2023,6,0
2023-02-13,Electronics,148.0,157.05,0,71.52,0,2,2023,7,0
2023-02-14,Electronics,232.0,157.05,0,75.06,1,2,2023,7,1
2023-02-15,Electronics,127.0,157.05,0,73.38,2,2,2023,7,0
2023-02-16,Electronics,141.0,157.05,0,83.28,3,2,2023,7,0
2023-02-17,Electronics,,133.33,1,83.08,4,2,2023,7,0
2023-02-18,Electronics,284.0,133.33,1,71.28,5,2,2023,7,0
2023-02-19,Electronics,254.0,133.33,1,78.31,6,2,2023,7,0
2023-02-20,Electronics,198.0,133.33,1,76.46,0,2,2023,8,0
2023-02-21,Electronics,227.0,133.33,1,87.68,1,2,2023,8,0
2023-02-22,Electronics,224.0,133.33,1,74.89,2,2,2023,8,0
2023-02-23,Electronics,142.0,157.05,0,90.08,3,2,2023,8,0
2023-02-24,Electronics,178.0,157.05,0,82.3,4,2,2023,8,0
2023-02-25,Electronics,145.0,157.05,0,77.05,5,2,2023,8,0
2023-02-26,Electronics,187.0,157.05,0,79.86,6,2,2023,8,0
2023-02-27,Electronics,154.0,157.05,0,79.62,0,2,2023,9,0
2023-02-28,Electronics,122.0,157.05,0,77.62,1,2,2023,9,0
2023-03-01,Electronics,127.0,157.05,0,84.82,2,3,2023,9,0
2023-03-02,Electronics,130.0,157.05,0,78.56,3,3,2023,9,0
2023-03-03,Electronics,146.0,157.05,0,74.13,4,3,2023,9,0
2023-03-04,Electronics,174.0,157.05,0,83.46,5,3,2023,9,0
2023-03-05,Electronics,195.0,157.05,0,76.66,6,3,2023,9,0
2023-03-06,Electronics,152.0,157.05,0,82.22,0,3,2023,10,0
2023-03-07,Electronics,211.0,130.97,1,81.74,1,3,2023,10,0
2023-03-08,Electronics,245.0,130.97,1,82.21,2,3,2023,10,0
2023-03-09,Electronics,225.0,130.97,1,96.84,3,3,2023,10,0
2023-03-10,Electronics,290.0,130.97,1,87.38,4,3,2023,10,0
2023-03-11,Electronics,171.0,157.05,0,88.58,5,3,2023,10,0
2023-03-12,Electronics,170.0,157.05,0,78.71,6,3,2023,10,0
2023-03-13,Electronics,131.0,157.05,0,84.55,0,3,2023,11,0
2023-03-14,Electronics,156.0,157.05,0,89.12,1,3,2023,11,0
2023-03-15,Electronics,130.0,157.05,0,83.13,2,3,2023,11,0
2023-03-16,Electronics,121.0,157.05,0,92.99,3,3,2023,11,0
2023-03-17,Electronics,157.0,157.05,0,82.62,4,3,2023,11,0
2023-03-18,Electronics,161.0,157.05,0,87.37,5,3,2023,11,0
2023-03-19,Electronics,155.0,157.05,0,86.03,6,3,2023,11,0
2023-03-20,Electronics,131.0,157.05,0,89.94,0,3,2023,12,0
2023-03-21,Electronics,119.0,157.05,0,86.05,1,3,2023,12,0
2023-03-22,Electronics,120.0,157.05,0,88.02,2,3,2023,12,0
2023-03-23,Electronics,123.0,157.05,0,88.31,3,3,2023,12,0
2023-03-24,Electronics,143.0,157.05,0,85.93,4,3,2023,12,0
2023-03-25,Electronics,164.0,157.05,0,92.11,5,3,2023,12,0
2023-03-26,Electronics,131.0,157.05,0,90.96,6,3,2023,12,0
2023-03-27,Electronics,123.0,157.05,0,89.39,0,3,2023,13,0
2023-03-28,Electronics,,157.05,0,87.74,1,3,2023,13,0
2023-03-29,Electronics,99.0,157.05,0,93.92,2,3,2023,13,0
2023-03-30,Electronics,117.0,157.05,0,88.79,3,3,2023,13,0
2023-03-31,Electronics,134.0,157.05,0,88.46,4,3,2023,13,0
2023-04-01,Electronics,143.0,157.05,0,90.52,5,4,2023,13,0
2023-04-02,Electronics,157.0,157.05,0,98.48,6,4,2023,13,0
2023-04-03,Electronics,100.0,157.05,0,83.28,0,4,2023,14,0
2023-04-04,Electronics,178.0,129.78,1,93.8,1,4,2023,14,0
2023-04-05,Electronics,172.0,129.78,1,80.45,2,4,2023,14,0
2023-04-06,Electronics,189.0,129.78,1,90.95,3,4,2023,14,0
2023-04-07,Electronics,220.0,129.78,1,97.68,4,4,2023,14,0
2023-04-08,Electronics,225.0,129.78,1,92.17,5,4,2023,14,0
2023-04-09,Electronics,252.0,129.78,1,90.5,6,4,2023,14,0
2023-04-10,Electronics,182.0,129.78,1,86.74,0,4,2023,15,0
2023-04-11,Electronics,88.0,157.05,0,89.59,1,4,2023,15,0
2023-04-12,Electronics,86.0,157.05,0,88.06,2,4,2023,15,0
2023-04-13,Electronics,106.0,157.05,0,85.25,3,4,2023,15,0
2023-04-14,Electronics,119.0,157.05,0,87.59,4,4,2023,15,0
2023-04-15,Electronics,136.0,157.05,0,89.88,5,4,2023,15,0
2023-04-16,Electronics,133.0,157.05,0,84.88,6,4,2023,15,0
2023-04-17,Electronics,103.0,157.05,0,84.51,0,4,2023,16,0
2023-04-18,Electronics,106.0,157.05,0,81.55,1,4,2023,16,0
2023-04-19,Electronics,88.0,157.05,0,90.1,2,4,2023,16,0
2023-04-20,Electronics,92.0,157.05,0,90.66,3,4,2023,16,0
2023-04-21,Electronics,105.0,157.05,0,88.87,4,4,2023,16,0
2023-04-22,Electronics,133.0,157.05,0,92.3,5,4,2023,16,0
2023-04-23,Electronics,140.0,157.05,0,87.67,6,4,2023,16,0
2023-04-24,Electronics,93.0,157.05,0,88.93,0,4,2023,17,0
2023-04-25,Electronics,75.0,157.05,0,88.22,1,4,2023,17,0
2023-04-26,Electronics,79.0,157.05,0,85.97,2,4,2023,17,0
2023-04-27,Electronics,90.0,157.05,0,83.48,3,4,2023,17,0
2023-04-28,Electronics,104.0,157.05,0,96.9,4,4,2023,17,0
2023-04-29,Electronics,119.0,157.05,0,83.26,5,4,2023,17,0
2023-04-30,Electronics,121.0,157.05,0,81.87,6,4,2023,17,0
2023-05-01,Electronics,89.0,157.05,0,87.04,0,5,2023,18,0
2023-05-02,Electronics,96.0,157.05,0,85.78,1,5,2023,18,0
2023-05-03,Electronics,148.0,123.67,1,77.15,2,5,2023,18,0
2023-05-04,Electronics,153.0,123.67,1,89.42,3,5,2023,18,0
2023-05-05,Electronics,193.0,123.67,1,82.97,4,5,2023,18,0
2023-05-06,Electronics,185.0,123.67,1,77.5,5,5,2023,18,0
2023-05-07,Electronics,118.0,157.05,0,88.61,6,5,2023,18,0
2023-05-08,Electronics,87.0,157.05,0,85.39,0,5,2023,19,0
2023-05-09,Electronics,83.0,157.05,0,75.52,1,5,2023,19,0
2023-05-10,Electronics,93.0,157.05,0,90.31,2,5,2023,19,0
2023-05-11,Electronics,82.0,157.05,0,84.29,3,5,2023,19,0
2023-05-12,Electronics,114.0,157.05,0,80.5,4,5,2023,19,0
2023-05-13,Electronics,110.0,157.05,0,88.06,5,5,2023,19,0
2023-05-14,Electronics,98.0,157.05,0,80.45,6,5,2023,19,0
2023-05-15,Electronics,83.0,157.05,0,79.04,0,5,2023,20,0
2023-05-16,Electronics,73.0,157.05,0,75.41,1,5,2023,20,0
2023-05-17,Electronics,74.0,157.05,0,81.13,2,5,2023,20,0
2023-05-18,Electronics,85.0,157.05,0,80.11,3,5,2023,20,0
2023-05-19,Electronics,98.0,157.05,0,77.3,4,5,2023,20,0
2023-05-20,Electronics,101.0,157.05,0,72.77,5,5,2023,20,0
2023-05-21,Electronics,112.0,157.05,0,76.86,6,5,2023,20,0
2023-05-22,Electronics,86.0,157.05,0,75.33,0,5,2023,21,0
2023-05-23,Electronics,85.0,157.05,0,68.48,1,5,2023,21,0
2023-05-24,Electronics,78.0,157.05,0,67.25,2,5,2023,21,0
2023-05-25,Electronics,88.0,157.05,0,76.89,3,5,2023,21,0
2023-05-26,Electronics,76.0,157.05,0,60.5,4,5,2023,21,0
2023-05-27,Electronics,99.0,157.05,0,73.98,5,5,2023,21,0
2023-05-28,Electronics,93.0,157.05,0,69.99,6,5,2023,21,0
2023-05-29,Electronics,76.0,157.05,0,78.35,0,5,2023,22,0
2023-05-30,Electronics,70.0,157.05,0,68.76,1,5,2023,22,0
2023-05-31,Electronics,71.0,157.05,0,73.94,2,5,2023,22,0
2023-06-01,Electronics,87.0,157.05,0,68.07,3,6,2023,22,0
2023-06-02,Electronics,85.0,157.05,0,70.02,4,6,2023,22,0
2023-06-03,Electronics,101.0,157.05,0,72.53,5,6,2023,22,0
2023-06-04,Electronics,94.0,157.05,0,65.92,6,6,2023,22,0
2023-06-05,Electronics,73.0,157.05,0,72.6,0,6,2023,23,0
2023-06-06,Electronics,71.0,157.05,0,62.03,1,6,2023,23,0
2023-06-07,Electronics,72.0,157.05,0,67.85,2,6,2023,23,0
2023-06-08,Electronics,80.0,157.05,0,70.36,3,6,2023,23,0
2023-06-09,Electronics,95.0,157.05,0,68.41,4,6,2023,23,0
2023-06-10,Electronics,98.0,157.05,0,74.05,5,6,2023,23,0
2023-06-11,Electronics,98.0,157.05,0,60.01,6,6,2023,23,0
2023-06-12,Electronics,64.0,157.05,0,56.28,0,6,2023,24,0
2023-06-13,Electronics,69.0,157.05,0,57.55,1,6,2023,24,0
2023-06-14,Electronics,73.0,157.05,0,65.17,2,6,2023,24,0
2023-06-15,Electronics,77.0,157.05,0,63.7,3,6,2023,24,0
2023-06-16,Electronics,83.0,157.05,0,61.06,4,6,2023,24,0
2023-06-17,Electronics,100.0,157.05,0,54.27,5,6,2023,24,0
2023-06-18,Electronics,95.0,157.05,0,63.05,6,6,2023,24,0
2023-06-19,Electronics,76.0,157.05,0,52.42,0,6,2023,25,0
2023-06-20,Electronics,69.0,157.05,0,63.66,1,6,2023,25,0
2023-06-21,Electronics,65.0,157.05,0,71.48,2,6,2023,25,0
2023-06-22,Electronics,72.0,157.05,0,58.34,3,6,2023,25,0
2023-06-23,Electronics,,157.05,0,58.75,4,6,2023,25,0
2023-06-24,Electronics,94.0,157.05,0,52.69,5,6,2023,25,0
2023-06-25,Electronics,64.0,157.05,0,45.42,6,6,2023,25,0
2023-06-26,Electronics,59.0,157.05,0,50.77,0,6,2023,26,0
2023-06-27,Electronics,69.0,157.05,0,47.63,1,6,2023,26,0
2023-06-28,Electronics,69.0,157.05,0,45.17,2,6,2023,26,0
2023-06-29,Electronics,63.0,157.05,0,60.33,3,6,2023,26,0
2023-06-30,Electronics,75.0,157.05,0,52.4,4,6,2023,26,0
2023-07-01,Electronics,101.0,157.05,0,52.24,5,7,2023,26,0
2023-07-02,Electronics,159.0,121.07,1,48.11,6,7,2023,26,0
2023-07-03,Electronics,149.0,121.07,1,48.1,0,7,2023,27,0
2023-07-04,Electronics,173.0,121.07,1,53.1,1,7,2023,27,1
2023-07-05,Electronics,68.0,157.05,0,47.43,2,7,2023,27,0
2023-07-06,Electronics,79.0,157.05,0,49.56,3,7,2023,27,0
2023-07-07,Electronics,81.0,157.05,0,45.24,4,7,2023,27,0
2023-07-08,Electronics,84.0,157.05,0,43.82,5,7,2023,27,0
2023-07-09,Electronics,89.0,157.05,0,37.82,6,7,2023,27,0
2023-07-10,Electronics,69.0,157.05,0,34.28,0,7,2023,28,0
2023-07-11,Electronics,60.0,157.05,0,42.18,1,7,2023,28,0
2023-07-12,Electronics,101.0,140.32,1,43.09,2,7,2023,28,0
2023-07-13,Electronics,103.0,140.32,1,35.7,3,7,2023,28,0
2023-07-14,Electronics,135.0,140.32,1,41.29,4,7,2023,28,0
2023-07-15,Electronics,144.0,140.32,1,41.06,5,7,2023,28,0
2023-07-16,Electronics,138.0,140.32,1,29.34,6,7,2023,28,0
2023-07-17,Electronics,107.0,140.32,1,34.88,0,7,2023,29,0
2023-07-18,Electronics,70.0,157.05,0,40.83,1,7,2023,29,0
2023-07-19,Electronics,72.0,157.05,0,40.07,2,7,2023,29,0
2023-07-20,Electronics,67.0,157.05,0,31.71,3,7,2023,29,0
2023-07-21,Electronics,76.0,157.05,0,37.62,4,7,2023,29,0
2023-07-22,Electronics,104.0,157.05,0,41.29,5,7,2023,29,0
2023-07-23,Electronics,91.0,157.05,0,39.42,6,7,2023,29,0
2023-07-24,Electronics,64.0,157.05,0,34.42,0,7,2023,30,0
2023-07-25,Electronics,73.0,157.05,0,31.92,1,7,2023,30,0
2023-07-26,Electronics,73.0,157.05,0,30.48,2,7,2023,30,0
2023-07-27,Electronics,65.0,157.05,0,35.34,3,7,2023,30,0
2023-07-28,Electronics,87.0,157.05,0,33.35,4,7,2023,30,0
2023-07-29,Electronics,104.0,157.05,0,34.91,5,7,2023,30,0
2023-07-30,Electronics,100.0,157.05,0,31.81,6,7,2023,30,0
2023-07-31,Electronics,78.0,157.05,0,34.64,0,7,2023,31,0
2023-08-01,Electronics,65.0,157.05,0,30.42,1,8,2023,31,0
2023-08-02,Electronics,75.0,157.05,0,33.28,2,8,2023,31,0
2023-08-03,Electronics,75.0,157.05,0,33.12,3,8,2023,31,0
2023-08-04,Electronics,85.0,157.05,0,24.17,4,8,2023,31,0
2023-08-05,Electronics,109.0,157.05,0,18.58,5,8,2023,31,0
2023-08-06,Electronics,113.0,157.05,0,34.77,6,8,2023,31,0
2023-08-07,Electronics,88.0,157.05,0,27.77,0,8,2023,32,0
2023-08-08,Electronics,84.0,157.05,0,17.36,1,8,2023,32,0
2023-08-09,Electronics,75.0,157.05,0,21.82,2,8,2023,32,0
2023-08-10,Electronics,83.0,157.05,0,28.71,3,8,2023,32,0
2023-08-11,Electronics,98.0,157.05,0,22.92,4,8,2023,32,0
2023-08-12,Electronics,107.0,157.05,0,21.23,5,8,2023,32,0
2023-08-13,Electronics,106.0,157.05,0,30.28,6,8,2023,32,0
2023-08-14,Electronics,86.0,157.05,0,17.53,0,8,2023,33,0
2023-08-15,Electronics,79.0,157.05,0,18.28,1,8,2023,33,0
2023-08-16,Electronics,75.0,157.05,0,22.83,2,8,2023,33,0
2023-08-17,Electronics,82.0,157.05,0,23.25,3,8,2023,33,0
2023-08-18,Electronics,102.0,157.05,0,23.3,4,8,2023,33,0
2023-08-19,Electronics,112.0,157.05,0,24.91,5,8,2023,33,0
2023-08-20,Electronics,114.0,157.05,0,20.89,6,8,2023,33,0
2023-08-21,Electronics,89.0,157.05,0,21.89,0,8,2023,34,0
2023-08-22,Electronics,81.0,157.05,0,17.71,1,8,2023,34,0
2023-08-23,Electronics,88.0,157.05,0,18.89,2,8,2023,34,0
2023-08-24,Electronics,91.0,157.05,0,18.69,3,8,2023,34,0
2023-08-25,Electronics,92.0,157.05,0,18.82,4,8,2023,34,0
2023-08-26,Electronics,131.0,157.05,0,21.2,5,8,2023,34,0
2023-08-27,Electronics,112.0,157.05,0,19.72,6,8,2023,34,0
2023-08-28,Electronics,78.0,157.05,0,16.78,0,8,2023,35,0
2023-08-29,Electronics,81.0,157.05,0,12.14,1,8,2023,35,0
2023-08-30,Electronics,81.0,157.05,0,16.17,2,8,2023,35,0
2023-08-31,Electronics,94.0,157.05,0,15.33,3,8,2023,35,0
2023-09-01,Electronics,105.0,157.05,0,16.1,4,9,2023,35,0
2023-09-02,Electronics,120.0,157.05,0,25.83,5,9,2023,35,0
2023-09-03,Electronics,129.0,157.05,0,11.86,6,9,2023,35,0
2023-09-04,Electronics,97.0,157.05,0,16.28,0,9,2023,36,0
2023-09-05,Electronics,95.0,157.05,0,19.21,1,9,2023,36,0
2023-09-06,Electronics,96.0,157.05,0,14.07,2,9,2023,36,0
2023-09-07,Electronics,103.0,157.05,0,24.99,3,9,2023,36,0
2023-09-08,Electronics,94.0,157.05,0,11.14,4,9,2023,36,0
2023-09-09,Electronics,127.0,157.05,0,14.39,5,9,2023,36,0
2023-09-10,Electronics,107.0,157.05,0,8.53,6,9,2023,36,0
2023-09-11,Electronics,100.0,157.05,0,10.53,0,9,2023,37,0
2023-09-12,Electronics,98.0,157.05,0,13.31,1,9,2023,37,0
2023-09-13,Electronics,106.0,157.05,0,16.08,2,9,2023,37,0
2023-09-14,Electronics,114.0,157.05,0,13.25,3,9,2023,37,0
2023-09-15,Electronics,121.0,157.05,0,17.76,4,9,2023,37,0
2023-09-16,Electronics,132.0,157.05,0,10.81,5,9,2023,37,0
2023-09-17,Electronics,142.0,157.05,0,9.45,6,9,2023,37,0
2023-09-18,Electronics,100.0,157.05,0,24.48,0,9,2023,38,0
2023-09-19,Electronics,103.0,157.05,0,12.79,1,9,2023,38,0
2023-09-20,Electronics,111.0,157.05,0,7.09,2,9,2023,38,0
2023-09-21,Electronics,105.0,157.05,0,7.09,3,9,2023,38,0
2023-09-22,Electronics,134.0,157.05,0,5.74,4,9,2023,38,0
2023-09-23,Electronics,153.0,157.05,0,15.04,5,9,2023,38,0
2023-09-24,Electronics,133.0,157.05,0,8.45,6,9,2023,38,0
2023-09-25,Electronics,119.0,157.05,0,10.83,0,9,2023,39,0
2023-09-26,Electronics,115.0,157.05,0,9.82,1,9,2023,39,0
2023-09-27,Electronics,109.0,157.05,0,13.74,2,9,2023,39,0
2023-09-28,Electronics,108.0,157.05,0,5.81,3,9,2023,39,0
2023-09-29,Electronics,123.0,157.05,0,4.64,4,9,2023,39,0
2023-09-30,Electronics,146.0,157.05,0,11.12,5,9,2023,39,0
2023-10-01,Electronics,157.0,157.05,0,13.01,6,10,2023,39,0
2023-10-02,Electronics,107.0,157.05,0,11.67,0,10,2023,40,0
2023-10-03,Electronics,118.0,157.05,0,5.98,1,10,2023,40,0
2023-10-04,Electronics,102.0,157.05,0,13.45,2,10,2023,40,0
2023-10-05,Electronics,119.0,157.05,0,6.39,3,10,2023,40,0
2023-10-06,Electronics,140.0,157.05,0,7.56,4,10,2023,40,0
2023-10-07,Electronics,191.0,157.05,0,5.51,5,10,2023,40,0
2023-10-08,Electronics,141.0,157.05,0,16.82,6,10,2023,40,0
2023-10-09,Electronics,136.0,157.05,0,13.57,0,10,2023,41,0
2023-10-10,Electronics,121.0,157.05,0,13.53,1,10,2023,41,0
2023-10-11,Electronics,123.0,157.05,0,16.86,2,10,2023,41,0
2023-10-12,Electronics,128.0,157.05,0,24.81,3,10,2023,41,0
2023-10-13,Electronics,151.0,157.05,0,2.34,4,10,2023,41,0
2023-10-14,Electronics,165.0,157.05,0,7.34,5,10,2023,41,0
2023-10-15,Electronics,185.0,157.05,0,8.12,6,10,2023,41,0
2023-10-16,Electronics,122.0,157.05,0,7.12,0,10,2023,42,0
2023-10-17,Electronics,136.0,157.05,0,6.17,1,10,2023,42,0
2023-10-18,Electronics,118.0,157.05,0,10.25,2,10,2023,42,0
2023-10-19,Electronics,131.0,157.05,0,5.87,3,10,2023,42,0
2023-10-20,Electronics,139.0,157.05,0,13.85,4,10,2023,42,0
2023-10-21,Electronics,181.0,157.05,0,12.66,5,10,2023,42,0
2023-10-22,Electronics,192.0,157.05,0,15.05,6,10,2023,42,0
2023-10-23,Electronics,131.0,157.05,0,15.44,0,10,2023,43,0
2023-10-24,Electronics,128.0,157.05,0,16.18,1,10,2023,43,0
2023-10-25,Electronics,118.0,157.05,0,11.57,2,10,2023,43,0
2023-10-26,Electronics,135.0,157.05,0,24.33,3,10,2023,43,0
2023-10-27,Electronics,138.0,157.05,0,15.19,4,10,2023,43,0
2023-10-28,Electronics,168.0,157.05,0,5.01,5,10,2023,43,0
2023-10-29,Electronics,182.0,157.05,0,9.63,6,10,2023,43,0
2023-10-30,Electronics,152.0,157.05,0,6.26,0,10,2023,44,0
2023-10-31,Electronics,248.0,157.05,0,15.39,1,10,2023,44,1
2023-11-01,Electronics,128.0,157.05,0,15.04,2,11,2023,44,0
2023-11-02,Electronics,159.0,157.05,0,13.67,3,11,2023,44,0
2023-11-03,Electronics,167.0,157.05,0,26.43,4,11,2023,44,0
2023-11-04,Electronics,185.0,157.05,0,19.5,5,11,2023,44,0
2023-11-05,Electronics,192.0,157.05,0,20.77,6,11,2023,44,0
2023-11-06,Electronics,143.0,157.05,0,12.88,0,11,2023,45,0
2023-11-07,Electronics,141.0,157.05,0,12.95,1,11,2023,45,0
2023-11-08,Electronics,134.0,157.05,0,18.55,2,11,2023,45,0
2023-11-09,Electronics,131.0,157.05,0,19.65,3,11,2023,45,0
2023-11-10,Electronics,148.0,157.05,0,9.94,4,11,2023,45,0
2023-11-11,Electronics,204.0,157.05,0,18.77,5,11,2023,45,0
2023-11-12,Electronics,187.0,157.05,0,20.19,6,11,2023,45,0
2023-11-13,Electronics,140.0,157.05,0,19.51,0,11,2023,46,0
2023-11-14,Electronics,144.0,157.05,0,16.99,1,11,2023,46,0
2023-11-15,Electronics,152.0,157.05,0,18.84,2,11,2023,46,0
2023-11-16,Electronics,154.0,157.05,0,21.14,3,11,2023,46,0
2023-11-17,Electronics,164.0,157.05,0,22.97,4,11,2023,46,0
2023-11-18,Electronics,219.0,157.05,0,26.05,5,11,2023,46,0
2023-11-19,Electronics,221.0,157.05,0,28.94,6,11,2023,46,0
2023-11-20,Electronics,253.0,135.21,1,22.58,0,11,2023,47,0
2023-11-21,Electronics,257.0,135.21,1,22.3,1,11,2023,47,0
2023-11-22,Electronics,260.0,135.21,1,27.31,2,11,2023,47,0
2023-11-23,Electronics,602.0,135.21,1,28.72,3,11,2023,47,1
2023-11-24,Electronics,904.0,135.21,1,24.04,4,11,2023,47,1
2023-11-25,Electronics,345.0,135.21,1,30.72,5,11,2023,47,0
2023-11-26,Electronics,209.0,157.05,0,32.23,6,11,2023,47,0
2023-11-27,Electronics,140.0,157.05,0,34.36,0,11,2023,48,0
2023-11-28,Electronics,159.0,157.05,0,37.37,1,11,2023,48,0
2023-11-29,Electronics,133.0,157.05,0,24.73,2,11,2023,48,0
2023-11-30,Electronics,149.0,157.05,0,29.72,3,11,2023,48,0
2023-12-01,Electronics,200.0,157.05,0,30.31,4,12,2023,48,0
2023-12-02,Electronics,222.0,157.05,0,30.36,5,12,2023,48,0
2023-12-03,Electronics,229.0,157.05,0,28.21,6,12,2023,48,0
2023-12-04,Electronics,153.0,157.05,0,24.64,0,12,2023,49,0
2023-12-05,Electronics,139.0,157.05,0,33.15,1,12,2023,49,0
2023-12-06,Electronics,149.0,157.05,0,29.47,2,12,2023,49,0
2023-12-07,Electronics,163.0,157.05,0,34.37,3,12,2023,49,0
2023-12-08,Electronics,186.0,157.05,0,30.6,4,12,2023,49,0
2023-12-09,Electronics,230.0,157.05,0,29.71,5,12,2023,49,0
2023-12-10,Electronics,202.0,157.05,0,37.02,6,12,2023,49,0
2023-12-11,Electronics,163.0,157.05,0,37.25,0,12,2023,50,0
2023-12-12,Electronics,143.0,157.05,0,40.05,1,12,2023,50,0
2023-12-13,Electronics,160.0,157.05,0,48.73,2,12,2023,50,0
2023-12-14,Electronics,163.0,157.05,0,39.85,3,12,2023,50,0
2023-12-15,Electronics,176.0,157.05,0,41.55,4,12,2023,50,0
2023-12-16,Electronics,210.0,157.05,0,34.4,5,12,2023,50,0
2023-12-17,Electronics,207.0,157.05,0,34.02,6,12,2023,50,0
2023-12-18,Electronics,157.0,157.05,0,49.04,0,12,2023,51,0
2023-12-19,Electronics,180.0,157.05,0,37.18,1,12,2023,51,0
2023-12-20,Electronics,154.0,157.05,0,37.25,2,12,2023,51,0
2023-12-21,Electronics,162.0,157.05,0,42.95,3,12,2023,51,0
2023-12-22,Electronics,157.0,157.05,0,43.38,4,12,2023,51,0
2023-12-23,Electronics,200.0,157.05,0,40.0,5,12,2023,51,0
2023-12-24,Electronics,207.0,157.05,0,43.67,6,12,2023,51,0
2023-12-25,Electronics,382.0,157.05,0,52.02,0,12,2023,52,1
2023-12-26,Electronics,316.0,157.05,0,42.53,1,12,2023,52,1
2023-12-27,Electronics,154.0,157.05,0,40.28,2,12,2023,52,0
2023-12-28,Electronics,183.0,157.05,0,52.65,3,12,2023,52,0
2023-12-29,Electronics,190.0,157.05,0,51.08,4,12,2023,52,0
2023-12-30,Electronics,217.0,157.05,0,46.21,5,12,2023,52,0
2023-12-31,Electronics,337.0,157.05,0,42.09,6,12,2023,52,1
2021-01-01,Clothing,171.0,18.2,0,54.81,4,1,2021,53,1
2021-01-02,Clothing,123.0,18.2,0,47.81,5,1,2021,53,0
2021-01-03,Clothing,119.0,18.2,0,57.32,6,1,2021,53,0
2021-01-04,Clothing,103.0,18.2,0,45.17,0,1,2021,1,0
2021-01-05,Clothing,79.0,18.2,0,47.2,1,1,2021,1,0
2021-01-06,Clothing,125.0,16.09,1,57.67,2,1,2021,1,0
2021-01-07,Clothing,135.0,16.09,1,63.16,3,1,2021,1,0
2021-01-08,Clothing,152.0,16.09,1,57.96,4,1,2021,1,0
2021-01-09,Clothing,169.0,16.09,1,55.97,5,1,2021,1,0
2021-01-10,Clothing,140.0,16.09,1,45.88,6,1,2021,1,0
2021-01-11,Clothing,133.0,16.09,1,47.42,0,1,2021,2,0
2021-01-12,Clothing,89.0,18.2,0,58.85,1,1,2021,2,0
2021-01-13,Clothing,82.0,18.2,0,57.09,2,1,2021,2,0
2021-01-14,Clothing,105.0,18.2,0,54.02,3,1,2021,2,0
2021-01-15,Clothing,104.0,18.2,0,60.54,4,1,2021,2,0
2021-01-16,Clothing,132.0,18.2,0,61.45,5,1,2021,2,0
2021-01-17,Clothing,120.0,18.2,0,66.26,6,1,2021,2,0
2021-01-18,Clothing,96.0,18.2,0,62.88,0,1,2021,3,0
2021-01-19,Clothing,91.0,18.2,0,68.99,1,1,2021,3,0
2021-01-20,Clothing,97.0,18.2,0,63.54,2,1,2021,3,0
2021-01-21,Clothing,94.0,18.2,0,63.57,3,1,2021,3,0
2021-01-22,Clothing,111.0,18.2,0,70.11,4,1,2021,3,0
2021-01-23,Clothing,126.0,18.2,0,60.53,5,1,2021,3,0
2021-01-24,Clothing,118.0,18.2,0,80.13,6,1,2021,3,0
2021-01-25,Clothing,96.0,18.2,0,68.56,0,1,2021,4,0
2021-01-26,Clothing,107.0,18.2,0,69.22,1,1,2021,4,0
2021-01-27,Clothing,88.0,18.2,0,70.55,2,1,2021,4,0
2021-01-28,Clothing,99.0,18.2,0,77.93,3,1,2021,4,0
2021-01-29,Clothing,121.0,18.2,0,73.11,4,1,2021,4,0
2021-01-30,Clothing,137.0,18.2,0,61.73,5,1,2021,4,0
2021-01-31,Clothing,124.0,18.2,0,77.36,6,1,2021,4,0
2021-02-01,Clothing,77.0,18.2,0,69.23,0,2,2021,5,0
2021-02-02,Clothing,97.0,18.2,0,72.06,1,2,2021,5,0
2021-02-03,Clothing,76.0,18.2,0,65.7,2,2,2021,5,0
2021-02-04,Clothing,109.0,18.2,0,75.3,3,2,2021,5,0
2021-02-05,Clothing,114.0,18.2,0,69.98,4,2,2021,5,0
2021-02-06,Clothing,139.0,18.2,0,74.29,5,2,2021,5,0
2021-02-07,Clothing,118.0,18.2,0,72.92,6,2,2021,5,0
2021-02-08,Clothing,85.0,18.2,0,84.51,0,2,2021,6,0
2021-02-09,Clothing,97.0,18.2,0,85.33,1,2,2021,6,0
2021-02-10,Clothing,94.0,18.2,0,76.18,2,2,2021,6,0
2021-02-11,Clothing,96.0,18.2,0,76.79,3,2,2021,6,0
2021-02-12,Clothing,115.0,18.2,0,75.11,4,2,2021,6,0
2021-02-13,Clothing,160.0,18.2,0,83.01,5,2,2021,6,0
2021-02-14,Clothing,221.0,18.2,0,76.33,6,2,2021,6,1
2021-02-15,Clothing,107.0,18.2,0,76.36,0,2,2021,7,0
2021-02-16,Clothing,103.0,18.2,0,83.84,1,2,2021,7,0
2021-02-17,Clothing,107.0,18.2,0,76.73,2,2,2021,7,0
2021-02-18,Clothing,100.0,18.2,0,79.69,3,2,2021,7,0
2021-02-19,Clothing,97.0,18.2,0,72.43,4,2,2021,7,0
2021-02-20,Clothing,131.0,18.2,0,84.3,5,2,2021,7,0
2021-02-21,Clothing,140.0,18.2,0,90.92,6,2,2021,7,0
2021-02-22,Clothing,93.0,18.2,0,85.24,0,2,2021,8,0
2021-02-23,Clothing,97.0,18.2,0,89.36,1,2,2021,8,0
2021-02-24,Clothing,92.0,18.2,0,78.23,2,2,2021,8,0
2021-02-25,Clothing,116.0,18.2,0,84.04,3,2,2021,8,0
2021-02-26,Clothing,125.0,18.2,0,78.53,4,2,2021,8,0
2021-02-27,Clothing,143.0,18.2,0,82.49,5,2,2021,8,0
2021-02-28,Clothing,140.0,18.2,0,87.85,6,2,2021,8,0
2021-03-01,Clothing,102.0,18.2,0,84.86,0,3,2021,9,0
2021-03-02,Clothing,101.0,18.2,0,77.64,1,3,2021,9,0
2021-03-03,Clothing,90.0,18.2,0,78.46,2,3,2021,9,0
2021-03-04,Clothing,86.0,18.2,0,78.46,3,3,2021,9,0
2021-03-05,Clothing,121.0,18.2,0,88.14,4,3,2021,9,0
2021-03-06,Clothing,141.0,18.2,0,96.3,5,3,2021,9,0
2021-03-07,Clothing,148.0,18.2,0,93.09,6,3,2021,9,0
2021-03-08,Clothing,116.0,18.2,0,77.09,0,3,2021,10,0
2021-03-09,Clothing,114.0,18.2,0,93.94,1,3,2021,10,0
2021-03-10,Clothing,92.0,18.2,0,91.78,2,3,2021,10,0
2021-03-11,Clothing,103.0,18.2,0,79.63,3,3,2021,10,0
2021-03-12,Clothing,126.0,18.2,0,86.08,4,3,2021,10,0
2021-03-13,Clothing,167.0,18.2,0,93.3,5,3,2021,10,0
2021-03-14,Clothing,152.0,18.2,0,90.79,6,3,2021,10,0
2021-03-15,Clothing,113.0,18.2,0,81.7,0,3,2021,11,0
2021-03-16,Clothing,99.0,18.2,0,91.5,1,3,2021,11,0
2021-03-17,Clothing,,18.2,0,77.94,2,3,2021,11,0
2021-03-18,Clothing,,18.2,0,87.69,3,3,2021,11,0
2021-03-19,Clothing,111.0,18.2,0,94.65,4,3,2021,11,0
2021-03-20,Clothing,137.0,18.2,0,89.21,5,3,2021,11,0
2021-03-21,Clothing,136.0,18.2,0,86.76,6,3,2021,11,0
2021-03-22,Clothing,118.0,18.2,0,93.83,0,3,2021,12,0
2021-03-23,Clothing,100.0,18.2,0,94.37,1,3,2021,12,0
2021-03-24,Clothing,82.0,18.2,0,96.15,2,3,2021,12,0
2021-03-25,Clothing,112.0,18.2,0,94.06,3,3,2021,12,0
2021-03-26,Clothing,116.0,18.2,0,95.18,4,3,2021,12,0
2021-03-27,Clothing,140.0,18.2,0,93.5,5,3,2021,12,0
2021-03-28,Clothing,137.0,18.2,0,91.22,6,3,2021,12,0
2021-03-29,Clothing,103.0,18.2,0,90.38,0,3,2021,13,0
2021-03-30,Clothing,109.0,18.2,0,88.78,1,3,2021,13,0
2021-03-31,Clothing,89.0,18.2,0,83.93,2,3,2021,13,0
2021-04-01,Clothing,103.0,18.2,0,85.22,3,4,2021,13,0
2021-04-02,Clothing,129.0,18.2,0,88.59,4,4,2021,13,0
2021-04-03,Clothing,133.0,18.2,0,91.19,5,4,2021,13,0
2021-04-04,Clothing,120.0,18.2,0,97.16,6,4,2021,13,0
2021-04-05,Clothing,111.0,18.2,0,89.71,0,4,2021,14,0
2021-04-06,Clothing,112.0,18.2,0,94.88,1,4,2021,14,0
2021-04-07,Clothing,101.0,18.2,0,95.2,2,4,2021,14,0
2021-04-08,Clothing,90.0,18.2,0,88.57,3,4,2021,14,0
2021-04-09,Clothing,129.0,18.2,0,92.62,4,4,2021,14,0
2021-04-10,Clothing,121.0,18.2,0,88.33,5,4,2021,14,0
2021-04-11,Clothing,224.0,15.9,1,96.05,6,4,2021,14,0
2021-04-12,Clothing,155.0,15.9,1,92.5,0,4,2021,15,0
2021-04-13,Clothing,147.0,15.9,1,83.23,1,4,2021,15,0
2021-04-14,Clothing,98.0,18.2,0,89.85,2,4,2021,15,0
2021-04-15,Clothing,105.0,18.2,0,97.13,3,4,2021,15,0
2021-04-16,Clothing,116.0,18.2,0,87.81,4,4,2021,15,0
2021-04-17,Clothing,146.0,18.2,0,90.78,5,4,2021,15,0
2021-04-18,Clothing,132.0,18.2,0,91.08,6,4,2021,15,0
2021-04-19,Clothing,112.0,18.2,0,82.96,0,4,2021,16,0
2021-04-20,Clothing,104.0,18.2,0,90.49,1,4,2021,16,0
2021-04-21,Clothing,95.0,18.2,0,80.74,2,4,2021,16,0
2021-04-22,Clothing,99.0,18.2,0,84.35,3,4,2021,16,0
2021-04-23,Clothing,105.0,18.2,0,92.61,4,4,2021,16,0
2021-04-24,Clothing,141.0,18.2,0,88.76,5,4,2021,16,0
2021-04-25,Clothing,132.0,18.2,0,85.18,6,4,2021,16,0
2021-04-26,Clothing,84.0,18.2,0,88.66,0,4,2021,17,0
2021-04-27,Clothing,97.0,18.2,0,85.83,1,4,2021,17,0
2021-04-28,Clothing,92.0,18.2,0,85.9,2,4,2021,17,0
2021-04-29,Clothing,118.0,18.2,0,88.81,3,4,2021,17,0
2021-04-30,Clothing,103.0,18.2,0,81.56,4,4,2021,17,0
2021-05-01,Clothing,121.0,18.2,0,85.07,5,5,2021,17,0
2021-05-02,Clothing,146.0,18.2,0,82.96,6,5,2021,17,0
2021-05-03,Clothing,113.0,18.2,0,76.24,0,5,2021,18,0
2021-05-04,Clothing,94.0,18.2,0,79.21,1,5,2021,18,0
2021-05-05,Clothing,93.0,18.2,0,91.28,2,5,2021,18,0
2021-05-06,Clothing,109.0,18.2,0,84.98,3,5,2021,18,0
2021-05-07,Clothing,96.0,18.2,0,76.04,4,5,2021,18,0
2021-05-08,Clothing,115.0,18.2,0,74.56,5,5,2021,18,0
2021-05-09,Clothing,129.0,18.2,0,81.29,6,5,2021,18,0
2021-05-10,Clothing,113.0,18.2,0,89.23,0,5,2021,19,0
2021-05-11,Clothing,95.0,18.2,0,80.06,1,5,2021,19,0
2021-05-12,Clothing,98.0,18.2,0,87.09,2,5,2021,19,0
2021-05-13,Clothing,112.0,18.2,0,81.87,3,5,2021,19,0
2021-05-14,Clothing,136.0,18.2,0,82.01,4,5,2021,19,0
2021-05-15,Clothing,127.0,18.2,0,72.5,5,5,2021,19,0
2021-05-16,Clothing,130.0,18.2,0,83.39,6,5,2021,19,0
2021-05-17,Clothing,114.0,18.2,0,76.55,0,5,2021,20,0
2021-05-18,Clothing,85.0,18.2,0,82.05,1,5,2021,20,0
2021-05-19,Clothing,103.0,18.2,0,73.16,2,5,2021,20,0
2021-05-20,Clothing,92.0,18.2,0,77.61,3,5,2021,20,0
2021-05-21,Clothing,115.0,18.2,0,77.97,4,5,2021,20,0
2021-05-22,Clothing,128.0,18.2,0,74.91,5,5,2021,20,0
2021-05-23,Clothing,118.0,18.2,0,77.17,6,5,2021,20,0
2021-05-24,Clothing,90.0,18.2,0,73.28,0,5,2021,21,0
2021-05-25,Clothing,97.0,18.2,0,70.82,1,5,2021,21,0
2021-05-26,Clothing,101.0,18.2,0,81.54,2,5,2021,21,0
2021-05-27,Clothing,97.0,18.2,0,78.2,3,5,2021,21,0
2021-05-28,Clothing,113.0,18.2,0,68.58,4,5,2021,21,0
2021-05-29,Clothing,133.0,18.2,0,74.65,5,5,2021,21,0
2021-05-30,Clothing,115.0,18.2,0,67.52,6,5,2021,21,0
2021-05-31,Clothing,101.0,18.2,0,64.72,0,5,2021,22,0
2021-06-01,Clothing,99.0,18.2,0,75.22,1,6,2021,22,0
2021-06-02,Clothing,110.0,18.2,0,60.93,2,6,2021,22,0
2021-06-03,Clothing,93.0,18.2,0,73.48,3,6,2021,22,0
2021-06-04,Clothing,106.0,18.2,0,66.97,4,6,2021,22,0
2021-06-05,Clothing,132.0,18.2,0,66.56,5,6,2021,22,0
2021-06-06,Clothing,130.0,18.2,0,69.05,6,6,2021,22,0
2021-06-07,Clothing,89.0,18.2,0,69.28,0,6,2021,23,0
2021-06-08,Clothing,88.0,18.2,0,61.61,1,6,2021,23,0
2021-06-09,Clothing,93.0,18.2,0,68.7,2,6,2021,23,0
2021-06-10,Clothing,88.0,18.2,0,65.04,3,6,2021,23,0
2021-06-11,Clothing,103.0,18.2,0,57.54,4,6,2021,23,0
2021-06-12,Clothing,123.0,18.2,0,62.33,5,6,2021,23,0
2021-06-13,Clothing,129.0,18.2,0,69.43,6,6,2021,23,0
2021-06-14,Clothing,86.0,18.2,0,70.25,0,6,2021,24,0
2021-06-15,Clothing,75.0,18.2,0,64.8,1,6,2021,24,0
2021-06-16,Clothing,74.0,18.2,0,54.59,2,6,2021,24,0
2021-06-17,Clothing,82.0,18.2,0,62.33,3,6,2021,24,0
2021-06-18,Clothing,93.0,18.2,0,63.47,4,6,2021,24,0
2021-06-19,Clothing,117.0,18.2,0,62.17,5,6,2021,24,0
2021-06-20,Clothing,105.0,18.2,0,61.79,6,6,2021,24,0
2021-06-21,Clothing,83.0,18.2,0,59.01,0,6,2021,25,0
2021-06-22,Clothing,81.0,18.2,0,56.15,1,6,2021,25,0
2021-06-23,Clothing,82.0,18.2,0,52.79,2,6,2021,25,0
2021-06-24,Clothing,98.0,18.2,0,45.66,3,6,2021,25,0
2021-06-25,Clothing,107.0,18.2,0,56.16,4,6,2021,25,0
2021-06-26,Clothing,115.0,18.2,0,54.71,5,6,2021,25,0
2021-06-27,Clothing,109.0,18.2,0,55.88,6,6,2021,25,0
2021-06-28,Clothing,83.0,18.2,0,45.72,0,6,2021,26,0
2021-06-29,Clothing,86.0,18.2,0,54.95,1,6,2021,26,0
2021-06-30,Clothing,86.0,18.2,0,61.31,2,6,2021,26,0
2021-07-01,Clothing,80.0,18.2,0,50.74,3,7,2021,26,0
2021-07-02,Clothing,99.0,18.2,0,49.35,4,7,2021,26,0
2021-07-03,Clothing,95.0,18.2,0,50.51,5,7,2021,26,0
2021-07-04,Clothing,159.0,18.2,0,58.44,6,7,2021,26,1
2021-07-05,Clothing,91.0,18.2,0,42.47,0,7,2021,27,0
2021-07-06,Clothing,82.0,18.2,0,47.92,1,7,2021,27,0
2021-07-07,Clothing,96.0,18.2,0,42.22,2,7,2021,27,0
2021-07-08,Clothing,82.0,18.2,0,42.8,3,7,2021,27,0
2021-07-09,Clothing,103.0,18.2,0,44.6,4,7,2021,27,0
2021-07-10,Clothing,116.0,18.2,0,50.9,5,7,2021,27,0
2021-07-11,Clothing,114.0,18.2,0,52.49,6,7,2021,27,0
2021-07-12,Clothing,87.0,18.2,0,45.05,0,7,2021,28,0
2021-07-13,Clothing,87.0,18.2,0,40.25,1,7,2021,28,0
2021-07-14,Clothing,92.0,18.2,0,53.92,2,7,2021,28,0
2021-07-15,Clothing,101.0,18.2,0,38.65,3,7,2021,28,0
2021-07-16,Clothing,105.0,18.2,0,37.26,4,7,2021,28,0
2021-07-17,Clothing,128.0,18.2,0,30.58,5,7,2021,28,0
2021-07-18,Clothing,112.0,18.2,0,45.77,6,7,2021,28,0
2021-07-19,Clothing,96.0,18.2,0,42.97,0,7,2021,29,0
2021-07-20,Clothing,84.0,18.2,0,49.56,1,7,2021,29,0
2021-07-21,Clothing,96.0,18.2,0,29.88,2,7,2021,29,0
2021-07-22,Clothing,110.0,18.2,0,43.47,3,7,2021,29,0
2021-07-23,Clothing,106.0,18.2,0,35.88,4,7,2021,29,0
2021-07-24,Clothing,102.0,18.2,0,38.92,5,7,2021,29,0
2021-07-25,Clothing,116.0,18.2,0,26.02,6,7,2021,29,0
2021-07-26,Clothing,102.0,18.2,0,40.97,0,7,2021,30,0
2021-07-27,Clothing,95.0,18.2,0,36.93,1,7,2021,30,0
2021-07-28,Clothing,92.0,18.2,0,32.18,2,7,2021,30,0
2021-07-29,Clothing,104.0,18.2,0,34.99,3,7,2021,30,0
2021-07-30,Clothing,114.0,18.2,0,27.33,4,7,2021,30,0
2021-07-31,Clothing,139.0,18.2,0,27.65,5,7,2021,30,0
2021-08-01,Clothing,134.0,18.2,0,27.63,6,8,2021,30,0
2021-08-02,Clothing,107.0,18.2,0,20.09,0,8,2021,31,0
2021-08-03,Clothing,96.0,18.2,0,33.08,1,8,2021,31,0
2021-08-04,Clothing,100.0,18.2,0,34.15,2,8,2021,31,0
2021-08-05,Clothing,96.0,18.2,0,24.11,3,8,2021,31,0
2021-08-06,Clothing,107.0,18.2,0,28.79,4,8,2021,31,0
2021-08-07,Clothing,147.0,18.2,0,25.16,5,8,2021,31,0
2021-08-08,Clothing,130.0,18.2,0,27.58,6,8,2021,31,0
2021-08-09,Clothing,104.0,18.2,0,22.25,0,8,2021,32,0
2021-08-10,Clothing,97.0,18.2,0,20.43,1,8,2021,32,0
2021-08-11,Clothing,90.0,18.2,0,29.58,2,8,2021,32,0
2021-08-12,Clothing,101.0,18.2,0,23.47,3,8,2021,32,0
2021-08-13,Clothing,128.0,18.2,0,33.39,4,8,2021,32,0
2021-08-14,Clothing,138.0,18.2,0,23.0,5,8,2021,32,0
2021-08-15,Clothing,112.0,18.2,0,17.64,6,8,2021,32,0
2021-08-16,Clothing,179.0,14.09,1,27.91,0,8,2021,33,0
2021-08-17,Clothing,205.0,14.09,1,24.45,1,8,2021,33,0
2021-08-18,Clothing,174.0,14.09,1,24.45,2,8,2021,33,0
2021-08-19,Clothing,161.0,14.09,1,26.3,3,8,2021,33,0
2021-08-20,Clothing,248.0,14.09,1,16.63,4,8,2021,33,0
2021-08-21,Clothing,260.0,14.09,1,18.81,5,8,2021,33,0
2021-08-22,Clothing,132.0,18.2,0,18.15,6,8,2021,33,0
2021-08-23,Clothing,98.0,18.2,0,12.12,0,8,2021,34,0
2021-08-24,Clothing,108.0,18.2,0,16.83,1,8,2021,34,0
2021-08-25,Clothing,94.0,18.2,0,24.42,2,8,2021,34,0
2021-08-26,Clothing,114.0,18.2,0,18.53,3,8,2021,34,0
2021-08-27,Clothing,124.0,18.2,0,10.22,4,8,2021,34,0
2021-08-28,Clothing,139.0,18.2,0,8.78,5,8,2021,34,0
2021-08-29,Clothing,136.0,18.2,0,24.51,6,8,2021,34,0
2021-08-30,Clothing,101.0,18.2,0,15.38,0,8,2021,35,0
2021-08-31,Clothing,109.0,18.2,0,12.24,1,8,2021,35,0
2021-09-01,Clothing,93.0,18.2,0,13.76,2,9,2021,35,0
2021-09-02,Clothing,92.0,18.2,0,7.41,3,9,2021,35,0
2021-09-03,Clothing,127.0,18.2,0,21.59,4,9,2021,35,0
2021-09-04,Clothing,145.0,18.2,0,12.2,5,9,2021,35,0
2021-09-05,Clothing,141.0,18.2,0,20.7,6,9,2021,35,0
2021-09-06,Clothing,107.0,18.2,0,13.83,0,9,2021,36,0
2021-09-07,Clothing,99.0,18.2,0,20.44,1,9,2021,36,0
2021-09-08,Clothing,107.0,18.2,0,14.31,2,9,2021,36,0
2021-09-09,Clothing,106.0,18.2,0,17.04,3,9,2021,36,0
2021-09-10,Clothing,117.0,18.2,0,16.12,4,9,2021,36,0
2021-09-11,Clothing,136.0,18.2,0,15.41,5,9,2021,36,0
2021-09-12,Clothing,159.0,18.2,0,13.81,6,9,2021,36,0
2021-09-13,Clothing,90.0,18.2,0,10.69,0,9,2021,37,0
2021-09-14,Clothing,107.0,18.2,0,21.23,1,9,2021,37,0
2021-09-15,Clothing,88.0,18.2,0,6.93,2,9,2021,37,0
2021-09-16,Clothing,107.0,18.2,0,11.3,3,9,2021,37,0
2021-09-17,Clothing,196.0,15.39,1,11.19,4,9,2021,37,0
2021-09-18,Clothing,193.0,15.39,1,12.97,5,9,2021,37,0
2021-09-19,Clothing,235.0,15.39,1,8.67,6,9,2021,37,0
2021-09-20,Clothing,169.0,15.39,1,12.26,0,9,2021,38,0
2021-09-21,Clothing,142.0,15.39,1,9.72,1,9,2021,38,0
2021-09-22,Clothing,180.0,15.39,1,2.54,2,9,2021,38,0
2021-09-23,Clothing,120.0,18.2,0,10.4,3,9,2021,38,0
2021-09-24,Clothing,138.0,18.2,0,4.77,4,9,2021,38,0
2021-09-25,Clothing,145.0,18.2,0,1.52,5,9,2021,38,0
2021-09-26,Clothing,139.0,18.2,0,10.82,6,9,2021,38,0
2021-09-27,Clothing,117.0,18.2,0,12.52,0,9,2021,39,0
2021-09-28,Clothing,117.0,18.2,0,12.68,1,9,2021,39,0
2021-09-29,Clothing,112.0,18.2,0,12.85,2,9,2021,39,0
2021-09-30,Clothing,100.0,18.2,0,0.34,3,9,2021,39,0
2021-10-01,Clothing,125.0,18.2,0,3.2,4,10,2021,39,0
2021-10-02,Clothing,146.0,18.2,0,19.88,5,10,2021,39,0
2021-10-03,Clothing,119.0,18.2,0,4.79,6,10,2021,39,0
2021-10-04,Clothing,110.0,18.2,0,13.12,0,10,2021,40,0
2021-10-05,Clothing,122.0,18.2,0,6.67,1,10,2021,40,0
2021-10-06,Clothing,108.0,18.2,0,10.56,2,10,2021,40,0
2021-10-07,Clothing,121.0,18.2,0,7.07,3,10,2021,40,0
2021-10-08,Clothing,125.0,18.2,0,13.12,4,10,2021,40,0
2021-10-09,Clothing,140.0,18.2,0,11.09,5,10,2021,40,0
2021-10-10,Clothing,143.0,18.2,0,8.26,6,10,2021,40,0
2021-10-11,Clothing,99.0,18.2,0,5.37,0,10,2021,41,0
2021-10-12,Clothing,95.0,18.2,0,12.09,1,10,2021,41,0
2021-10-13,Clothing,112.0,18.2,0,4.82,2,10,2021,41,0
2021-10-14,Clothing,120.0,18.2,0,13.17,3,10,2021,41,0
2021-10-15,Clothing,113.0,18.2,0,24.33,4,10,2021,41,0
2021-10-16,Clothing,151.0,18.2,0,18.12,5,10,2021,41,0
2021-10-17,Clothing,137.0,18.2,0,15.15,6,10,2021,41,0
2021-10-18,Clothing,108.0,18.2,0,11.32,0,10,2021,42,0
2021-10-19,Clothing,106.0,18.2,0,2.26,1,10,2021,42,0
2021-10-20,Clothing,109.0,18.2,0,5.56,2,10,2021,42,0
2021-10-21,Clothing,108.0,18.2,0,18.82,3,10,2021,42,0
2021-10-22,Clothing,136.0,18.2,0,8.7,4,10,2021,42,0
2021-10-23,Clothing,143.0,18.2,0,9.4,5,10,2021,42,0
2021-10-24,Clothing,144.0,18.2,0,12.33,6,10,2021,42,0
2021-10-25,Clothing,97.0,18.2,0,8.12,0,10,2021,43,0
2021-10-26,Clothing,119.0,18.2,0,7.59,1,10,2021,43,0
2021-10-27,Clothing,104.0,18.2,0,13.76,2,10,2021,43,0
2021-10-28,Clothing,112.0,18.2,0,9.86,3,10,2021,43,0
2021-10-29,Clothing,105.0,18.2,0,10.93,4,10,2021,43,0
2021-10-30,Clothing,129.0,18.2,0,11.06,5,10,2021,43,0
2021-10-31,Clothing,223.0,18.2,0,17.91,6,10,2021,43,1
2021-11-01,Clothing,105.0,18.2,0,14.49,0,11,2021,44,0
2021-11-02,Clothing,85.0,18.2,0,15.11,1,11,2021,44,0
2021-11-03,Clothing,107.0,18.2,0,19.36,2,11,2021,44,0
2021-11-04,Clothing,100.0,18.2,0,16.04,3,11,2021,44,0
2021-11-05,Clothing,133.0,18.2,0,15.75,4,11,2021,44,0
2021-11-06,Clothing,135.0,18.2,0,19.89,5,11,2021,44,0
2021-11-07,Clothing,136.0,18.2,0,21.29,6,11,2021,44,0
2021-11-08,Clothing,111.0,18.2,0,17.63,0,11,2021,45,0
2021-11-09,Clothing,92.0,18.2,0,19.19,1,11,2021,45,0
2021-11-10,Clothing,90.0,18.2,0,15.31,2,11,2021,45,0
2021-11-11,Clothing,102.0,18.2,0,15.36,3,11,2021,45,0
2021-11-12,Clothing,125.0,18.2,0,23.97,4,11,2021,45,0
2021-11-13,Clothing,120.0,18.2,0,22.81,5,11,2021,45,0
2021-11-14,Clothing,114.0,18.2,0,23.33,6,11,2021,45,0
2021-11-15,Clothing,107.0,18.2,0,22.94,0,11,2021,46,0
2021-11-16,Clothing,93.0,18.2,0,22.25,1,11,2021,46,0
2021-11-17,Clothing,93.0,18.2,0,26.0,2,11,2021,46,0
2021-11-18,Clothing,86.0,18.2,0,27.7,3,11,2021,46,0
2021-11-19,Clothing,109.0,18.2,0,28.09,4,11,2021,46,0
2021-11-20,Clothing,131.0,18.2,0,23.55,5,11,2021,46,0
2021-11-21,Clothing,139.0,18.2,0,31.52,6,11,2021,46,0
2021-11-22,Clothing,92.0,18.2,0,26.26,0,11,2021,47,0
2021-11-23,Clothing,108.0,18.2,0,28.82,1,11,2021,47,0
2021-11-24,Clothing,89.0,18.2,0,27.62,2,11,2021,47,0
2021-11-25,Clothing,,18.2,0,28.0,3,11,2021,47,1
2021-11-26,Clothing,381.0,18.2,0,23.65,4,11,2021,47,1
2021-11-27,Clothing,131.0,18.2,0,31.41,5,11,2021,47,0
2021-11-28,Clothing,121.0,18.2,0,42.71,6,11,2021,47,0
2021-11-29,Clothing,95.0,18.2,0,27.19,0,11,2021,48,0
2021-11-30,Clothing,104.0,18.2,0,30.01,1,11,2021,48,0
2021-12-01,Clothing,103.0,18.2,0,28.02,2,12,2021,48,0
2021-12-02,Clothing,91.0,18.2,0,28.41,3,12,2021,48,0
2021-12-03,Clothing,110.0,18.2,0,39.18,4,12,2021,48,0
2021-12-04,Clothing,248.0,13.38,1,28.71,5,12,2021,48,0
2021-12-05,Clothing,,13.38,1,30.32,6,12,2021,48,0
2021-12-06,Clothing,182.0,13.38,1,25.37,0,12,2021,49,0
2021-12-07,Clothing,179.0,13.38,1,30.15,1,12,2021,49,0
2021-12-08,Clothing,98.0,18.2,0,26.03,2,12,2021,49,0
2021-12-09,Clothing,104.0,18.2,0,38.37,3,12,2021,49,0
2021-12-10,Clothing,105.0,18.2,0,49.85,4,12,2021,49,0
2021-12-11,Clothing,121.0,18.2,0,34.67,5,12,2021,49,0
2021-12-12,Clothing,127.0,18.2,0,28.82,6,12,2021,49,0
2021-12-13,Clothing,87.0,18.2,0,42.3,0,12,2021,50,0
2021-12-14,Clothing,93.0,18.2,0,34.83,1,12,2021,50,0
2021-12-15,Clothing,87.0,18.2,0,45.62,2,12,2021,50,0
2021-12-16,Clothing,85.0,18.2,0,38.38,3,12,2021,50,0
2021-12-17,Clothing,97.0,18.2,0,37.29,4,12,2021,50,0
2021-12-18,Clothing,133.0,18.2,0,40.23,5,12,2021,50,0
2021-12-19,Clothing,204.0,14.55,1,45.58,6,12,2021,50,0
2021-12-20,Clothing,178.0,14.55,1,41.33,0,12,2021,51,0
2021-12-21,Clothing,147.0,14.55,1,40.66,1,12,2021,51,0
2021-12-22,Clothing,87.0,18.2,0,42.83,2,12,2021,51,0
2021-12-23,Clothing,107.0,18.2,0,38.15,3,12,2021,51,0
2021-12-24,Clothing,93.0,18.2,0,47.18,4,12,2021,51,0
2021-12-25,Clothing,246.0,18.2,0,36.94,5,12,2021,51,1
2021-12-26,Clothing,226.0,18.2,0,44.34,6,12,2021,51,1
2021-12-27,Clothing,81.0,18.2,0,51.04,0,12,2021,52,0
2021-12-28,Clothing,84.0,18.2,0,49.45,1,12,2021,52,0
2021-12-29,Clothing,79.0,18.2,0,51.57,2,12,2021,52,0
2021-12-30,Clothing,89.0,18.2,0,48.99,3,12,2021,52,0
2021-12-31,Clothing,147.0,18.2,0,55.85,4,12,2021,52,1
2022-01-01,Clothing,202.0,18.2,0,55.31,5,1,2022,52,1
2022-01-02,Clothing,116.0,18.2,0,53.61,6,1,2022,52,0
2022-01-03,Clothing,79.0,18.2,0,56.7,0,1,2022,1,0
2022-01-04,Clothing,80.0,18.2,0,56.5,1,1,2022,1,0
2022-01-05,Clothing,82.0,18.2,0,51.24,2,1,2022,1,0
2022-01-06,Clothing,79.0,18.2,0,47.4,3,1,2022,1,0
2022-01-07,Clothing,99.0,18.2,0,56.91,4,1,2022,1,0
2022-01-08,Clothing,118.0,18.2,0,58.22,5,1,2022,1,0
2022-01-09,Clothing,112.0,18.2,0,61.62,6,1,2022,1,0
2022-01-10,Clothing,87.0,18.2,0,52.17,0,1,2022,2,0
2022-01-11,Clothing,87.0,18.2,0,53.0,1,1,2022,2,0
2022-01-12,Clothing,82.0,18.2,0,60.5,2,1,2022,2,0
2022-01-13,Clothing,97.0,18.2,0,58.52,3,1,2022,2,0
2022-01-14,Clothing,117.0,18.2,0,50.12,4,1,2022,2,0
2022-01-15,Clothing,116.0,18.2,0,62.09,5,1,2022,2,0
2022-01-16,Clothing,124.0,18.2,0,51.62,6,1,2022,2,0
2022-01-17,Clothing,89.0,18.2,0,56.81,0,1,2022,3,0
2022-01-18,Clothing,92.0,18.2,0,68.96,1,1,2022,3,0
2022-01-19,Clothing,100.0,18.2,0,71.98,2,1,2022,3,0
2022-01-20,Clothing,98.0,18.2,0,57.42,3,1,2022,3,0
2022-01-21,Clothing,93.0,18.2,0,62.5,4,1,2022,3,0
2022-01-22,Clothing,128.0,18.2,0,65.0,5,1,2022,3,0
2022-01-23,Clothing,134.0,18.2,0,74.33,6,1,2022,3,0
2022-01-24,Clothing,92.0,18.2,0,63.6,0,1,2022,4,0
2022-01-25,Clothing,99.0,18.2,0,64.3,1,1,2022,4,0
2022-01-26,Clothing,86.0,18.2,0,75.05,2,1,2022,4,0
2022-01-27,Clothing,85.0,18.2,0,66.06,3,1,2022,4,0
2022-01-28,Clothing,112.0,18.2,0,72.15,4,1,2022,4,0
2022-01-29,Clothing,109.0,18.2,0,61.76,5,1,2022,4,0
2022-01-30,Clothing,123.0,18.2,0,68.89,6,1,2022,4,0
2022-01-31,Clothing,106.0,18.2,0,62.05,0,1,2022,5,0
2022-02-01,Clothing,80.0,18.2,0,65.66,1,2,2022,5,0
2022-02-02,Clothing,84.0,18.2,0,75.72,2,2,2022,5,0
2022-02-03,Clothing,91.0,18.2,0,71.85,3,2,2022,5,0
2022-02-04,Clothing,113.0,18.2,0,71.07,4,2,2022,5,0
2022-02-05,Clothing,126.0,18.2,0,69.49,5,2,2022,5,0
2022-02-06,Clothing,143.0,18.2,0,72.69,6,2,2022,5,0
2022-02-07,Clothing,106.0,18.2,0,75.84,0,2,2022,6,0
2022-02-08,Clothing,100.0,18.2,0,79.8,1,2,2022,6,0
2022-02-09,Clothing,96.0,18.2,0,62.29,2,2,2022,6,0
2022-02-10,Clothing,104.0,18.2,0,71.79,3,2,2022,6,0
2022-02-11,Clothing,108.0,18.2,0,77.26,4,2,2022,6,0
2022-02-12,Clothing,142.0,18.2,0,76.48,5,2,2022,6,0
2022-02-13,Clothing,119.0,18.2,0,79.5,6,2,2022,6,0
2022-02-14,Clothing,171.0,18.2,0,79.32,0,2,2022,7,1
2022-02-15,Clothing,107.0,18.2,0,76.94,1,2,2022,7,0
2022-02-16,Clothing,99.0,18.2,0,76.31,2,2,2022,7,0
2022-02-17,Clothing,102.0,18.2,0,78.19,3,2,2022,7,0
2022-02-18,Clothing,122.0,18.2,0,85.62,4,2,2022,7,0
2022-02-19,Clothing,104.0,18.2,0,76.67,5,2,2022,7,0
2022-02-20,Clothing,136.0,18.2,0,80.46,6,2,2022,7,0
2022-02-21,Clothing,101.0,18.2,0,82.13,0,2,2022,8,0
2022-02-22,Clothing,99.0,18.2,0,89.44,1,2,2022,8,0
2022-02-23,Clothing,104.0,18.2,0,80.55,2,2,2022,8,0
2022-02-24,Clothing,104.0,18.2,0,87.26,3,2,2022,8,0
2022-02-25,Clothing,109.0,18.2,0,89.02,4,2,2022,8,0
2022-02-26,Clothing,136.0,18.2,0,82.93,5,2,2022,8,0
2022-02-27,Clothing,136.0,18.2,0,82.57,6,2,2022,8,0
2022-02-28,Clothing,,18.2,0,82.35,0,2,2022,9,0
2022-03-01,Clothing,103.0,18.2,0,83.07,1,3,2022,9,0
2022-03-02,Clothing,109.0,18.2,0,88.97,2,3,2022,9,0
2022-03-03,Clothing,97.0,18.2,0,86.19,3,3,2022,9,0
2022-03-04,Clothing,123.0,18.2,0,86.54,4,3,2022,9,0
2022-03-05,Clothing,153.0,18.2,0,80.05,5,3,2022,9,0
2022-03-06,Clothing,118.0,18.2,0,81.15,6,3,2022,9,0
2022-03-07,Clothing,106.0,18.2,0,97.0,0,3,2022,10,0
2022-03-08,Clothing,98.0,18.2,0,85.68,1,3,2022,10,0
2022-03-09,Clothing,98.0,18.2,0,82.96,2,3,2022,10,0
2022-03-10,Clothing,100.0,18.2,0,94.26,3,3,2022,10,0
2022-03-11,Clothing,121.0,18.2,0,88.76,4,3,2022,10,0
2022-03-12,Clothing,161.0,18.2,0,90.49,5,3,2022,10,0
2022-03-13,Clothing,124.0,18.2,0,87.13,6,3,2022,10,0
2022-03-14,Clothing,96.0,18.2,0,86.45,0,3,2022,11,0
2022-03-15,Clothing,93.0,18.2,0,87.4,1,3,2022,11,0
2022-03-16,Clothing,116.0,18.2,0,81.53,2,3,2022,11,0
2022-03-17,Clothing,104.0,18.2,0,88.19,3,3,2022,11,0
2022-03-18,Clothing,123.0,18.2,0,90.28,4,3,2022,11,0
2022-03-19,Clothing,137.0,18.2,0,98.22,5,3,2022,11,0
2022-03-20,Clothing,129.0,18.2,0,89.54,6,3,2022,11,0
2022-03-21,Clothing,104.0,18.2,0,77.58,0,3,2022,12,0
2022-03-22,Clothing,124.0,18.2,0,88.91,1,3,2022,12,0
2022-03-23,Clothing,114.0,18.2,0,103.19,2,3,2022,12,0
2022-03-24,Clothing,101.0,18.2,0,93.93,3,3,2022,12,0
2022-03-25,Clothing,131.0,18.2,0,85.63,4,3,2022,12,0
2022-03-26,Clothing,133.0,18.2,0,92.72,5,3,2022,12,0
2022-03-27,Clothing,120.0,18.2,0,86.13,6,3,2022,12,0
2022-03-28,Clothing,115.0,18.2,0,83.12,0,3,2022,13,0
2022-03-29,Clothing,114.0,18.2,0,88.2,1,3,2022,13,0
2022-03-30,Clothing,112.0,18.2,0,90.43,2,3,2022,13,0
2022-03-31,Clothing,105.0,18.2,0,80.63,3,3,2022,13,0
2022-04-01,Clothing,123.0,18.2,0,84.25,4,4,2022,13,0
2022-04-02,Clothing,151.0,18.2,0,90.05,5,4,2022,13,0
2022-04-03,Clothing,144.0,18.2,0,87.94,6,4,2022,13,0
2022-04-04,Clothing,103.0,18.2,0,91.93,0,4,2022,14,0
2022-04-05,Clothing,91.0,18.2,0,83.84,1,4,2022,14,0
2022-04-06,Clothing,104.0,18.2,0,93.44,2,4,2022,14,0
2022-04-07,Clothing,118.0,18.2,0,83.89,3,4,2022,14,0
2022-04-08,Clothing,112.0,18.2,0,97.94,4,4,2022,14,0
2022-04-09,Clothing,149.0,18.2,0,81.07,5,4,2022,14,0
2022-04-10,Clothing,143.0,18.2,0,84.08,6,4,2022,14,0
2022-04-11,Clothing,113.0,18.2,0,91.52,0,4,2022,15,0
2022-04-12,Clothing,111.0,18.2,0,97.64,1,4,2022,15,0
2022-04-13,Clothing,97.0,18.2,0,90.76,2,4,2022,15,0
2022-04-14,Clothing,95.0,18.2,0,91.85,3,4,2022,15,0
2022-04-15,Clothing,119.0,18.2,0,88.97,4,4,2022,15,0
2022-04-16,Clothing,151.0,18.2,0,83.59,5,4,2022,15,0
2022-04-17,Clothing,133.0,18.2,0,86.09,6,4,2022,15,0
2022-04-18,Clothing,688.0,14.85,1,82.29,0,4,2022,16,0
2022-04-19,Clothing,152.0,14.85,1,81.75,1,4,2022,16,0
2022-04-20,Clothing,201.0,14.85,1,89.94,2,4,2022,16,0
2022-04-21,Clothing,198.0,14.85,1,82.09,3,4,2022,16,0
2022-04-22,Clothing,225.0,14.85,1,89.07,4,4,2022,16,0
2022-04-23,Clothing,151.0,18.2,0,80.72,5,4,2022,16,0
2022-04-24,Clothing,144.0,18.2,0,88.45,6,4,2022,16,0
2022-04-25,Clothing,103.0,18.2,0,84.26,0,4,2022,17,0
2022-04-26,Clothing,101.0,18.2,0,93.46,1,4,2022,17,0
2022-04-27,Clothing,98.0,18.2,0,87.75,2,4,2022,17,0
2022-04-28,Clothing,129.0,18.2,0,92.01,3,4,2022,17,0
2022-04-29,Clothing,127.0,18.2,0,81.74,4,4,2022,17,0
2022-04-30,Clothing,134.0,18.2,0,85.48,5,4,2022,17,0
2022-05-01,Clothing,141.0,18.2,0,79.96,6,5,2022,17,0
2022-05-02,Clothing,95.0,18.2,0,82.46,0,5,2022,18,0
2022-05-03,Clothing,114.0,18.2,0,82.86,1,5,2022,18,0
2022-05-04,Clothing,95.0,18.2,0,80.18,2,5,2022,18,0
2022-05-05,Clothing,110.0,18.2,0,77.36,3,5,2022,18,0
2022-05-06,Clothing,131.0,18.2,0,75.99,4,5,2022,18,0
2022-05-07,Clothing,141.0,18.2,0,70.96,5,5,2022,18,0
2022-05-08,Clothing,136.0,18.2,0,76.98,6,5,2022,18,0
2022-05-09,Clothing,103.0,18.2,0,84.98,0,5,2022,19,0
2022-05-10,Clothing,100.0,18.2,0,73.43,1,5,2022,19,0
2022-05-11,Clothing,94.0,18.2,0,74.15,2,5,2022,19,0
2022-05-12,Clothing,100.0,18.2,0,89.51,3,5,2022,19,0
2022-05-13,Clothing,133.0,18.2,0,76.92,4,5,2022,19,0
2022-05-14,Clothing,134.0,18.2,0,81.25,5,5,2022,19,0
2022-05-15,Clothing,124.0,18.2,0,82.39,6,5,2022,19,0
2022-05-16,Clothing,97.0,18.2,0,82.02,0,5,2022,20,0
2022-05-17,Clothing,107.0,18.2,0,70.61,1,5,2022,20,0
2022-05-18,Clothing,102.0,18.2,0,76.58,2,5,2022,20,0
2022-05-19,Clothing,107.0,18.2,0,69.14,3,5,2022,20,0
2022-05-20,Clothing,114.0,18.2,0,88.95,4,5,2022,20,0
2022-05-21,Clothing,139.0,18.2,0,68.23,5,5,2022,20,0
2022-05-22,Clothing,123.0,18.2,0,70.44,6,5,2022,20,0
2022-05-23,Clothing,97.0,18.2,0,69.95,0,5,2022,21,0
2022-05-24,Clothing,104.0,18.2,0,67.13,1,5,2022,21,0
2022-05-25,Clothing,193.0,13.7,1,80.83,2,5,2022,21,0
2022-05-26,Clothing,175.0,13.7,1,85.62,3,5,2022,21,0
2022-05-27,Clothing,202.0,13.7,1,70.57,4,5,2022,21,0
2022-05-28,Clothing,249.0,13.7,1,65.78,5,5,2022,21,0
2022-05-29,Clothing,275.0,13.7,1,60.62,6,5,2022,21,0
2022-05-30,Clothing,156.0,13.7,1,70.01,0,5,2022,22,0
2022-05-31,Clothing,97.0,18.2,0,69.06,1,5,2022,22,0
2022-06-01,Clothing,83.0,18.2,0,66.79,2,6,2022,22,0
2022-06-02,Clothing,93.0,18.2,0,70.56,3,6,2022,22,0
2022-06-03,Clothing,108.0,18.2,0,70.82,4,6,2022,22,0
2022-06-04,Clothing,123.0,18.2,0,69.85,5,6,2022,22,0
2022-06-05,Clothing,119.0,18.2,0,66.04,6,6,2022,22,0
2022-06-06,Clothing,95.0,18.2,0,61.49,0,6,2022,23,0
2022-06-07,Clothing,88.0,18.2,0,69.7,1,6,2022,23,0
2022-06-08,Clothing,80.0,18.2,0,65.81,2,6,2022,23,0
2022-06-09,Clothing,102.0,18.2,0,69.55,3,6,2022,23,0
2022-06-10,Clothing,208.0,14.3,1,68.42,4,6,2022,23,0
2022-06-11,Clothing,239.0,14.3,1,56.72,5,6,2022,23,0
2022-06-12,Clothing,,14.3,1,56.01,6,6,2022,23,0
2022-06-13,Clothing,170.0,14.3,1,58.75,0,6,2022,24,0
2022-06-14,Clothing,171.0,14.3,1,56.59,1,6,2022,24,0
2022-06-15,Clothing,146.0,14.3,1,64.99,2,6,2022,24,0
2022-06-16,Clothing,168.0,14.3,1,62.3,3,6,2022,24,0
2022-06-17,Clothing,105.0,18.2,0,65.38,4,6,2022,24,0
2022-06-18,Clothing,138.0,18.2,0,61.19,5,6,2022,24,0
2022-06-19,Clothing,136.0,18.2,0,59.58,6,6,2022,24,0
2022-06-20,Clothing,78.0,18.2,0,63.87,0,6,2022,25,0
2022-06-21,Clothing,105.0,18.2,0,59.54,1,6,2022,25,0
2022-06-22,Clothing,80.0,18.2,0,56.85,2,6,2022,25,0
2022-06-23,Clothing,98.0,18.2,0,63.23,3,6,2022,25,0
2022-06-24,Clothing,111.0,18.2,0,55.73,4,6,2022,25,0
2022-06-25,Clothing,108.0,18.2,0,52.94,5,6,2022,25,0
2022-06-26,Clothing,119.0,18.2,0,49.59,6,6,2022,25,0
2022-06-27,Clothing,87.0,18.2,0,56.61,0,6,2022,26,0
2022-06-28,Clothing,89.0,18.2,0,58.59,1,6,2022,26,0
2022-06-29,Clothing,85.0,18.2,0,51.47,2,6,2022,26,0
2022-06-30,Clothing,97.0,18.2,0,57.57,3,6,2022,26,0
2022-07-01,Clothing,101.0,18.2,0,40.49,4,7,2022,26,0
2022-07-02,Clothing,113.0,18.2,0,49.38,5,7,2022,26,0
2022-07-03,Clothing,123.0,18.2,0,48.77,6,7,2022,26,0
2022-07-04,Clothing,127.0,18.2,0,44.64,0,7,2022,27,1
2022-07-05,Clothing,90.0,18.2,0,59.51,1,7,2022,27,0
2022-07-06,Clothing,80.0,18.2,0,46.57,2,7,2022,27,0
2022-07-07,Clothing,82.0,18.2,0,44.18,3,7,2022,27,0
2022-07-08,Clothing,98.0,18.2,0,45.66,4,7,2022,27,0
2022-07-09,Clothing,112.0,18.2,0,34.84,5,7,2022,27,0
2022-07-10,Clothing,124.0,18.2,0,40.37,6,7,2022,27,0
2022-07-11,Clothing,96.0,18.2,0,48.4,0,7,2022,28,0
2022-07-12,Clothing,86.0,18.2,0,39.66,1,7,2022,28,0
2022-07-13,Clothing,97.0,18.2,0,37.99,2,7,2022,28,0
2022-07-14,Clothing,102.0,18.2,0,48.01,3,7,2022,28,0
2022-07-15,Clothing,108.0,18.2,0,47.49,4,7,2022,28,0
2022-07-16,Clothing,113.0,18.2,0,42.7,5,7,2022,28,0
2022-07-17,Clothing,135.0,18.2,0,37.18,6,7,2022,28,0
2022-07-18,Clothing,91.0,18.2,0,37.59,0,7,2022,29,0
2022-07-19,Clothing,91.0,18.2,0,34.11,1,7,2022,29,0
2022-07-20,Clothing,87.0,18.2,0,32.5,2,7,2022,29,0
2022-07-21,Clothing,88.0,18.2,0,31.6,3,7,2022,29,0
2022-07-22,Clothing,176.0,14.11,1,33.09,4,7,2022,29,0
2022-07-23,Clothing,240.0,14.11,1,30.36,5,7,2022,29,0
2022-07-24,Clothing,211.0,14.11,1,27.07,6,7,2022,29,0
2022-07-25,Clothing,215.0,14.11,1,35.35,0,7,2022,30,0
2022-07-26,Clothing,155.0,14.11,1,34.8,1,7,2022,30,0
2022-07-27,Clothing,82.0,18.2,0,41.5,2,7,2022,30,0
2022-07-28,Clothing,101.0,18.2,0,29.04,3,7,2022,30,0
2022-07-29,Clothing,125.0,18.2,0,33.24,4,7,2022,30,0
2022-07-30,Clothing,128.0,18.2,0,32.72,5,7,2022,30,0
2022-07-31,Clothing,132.0,18.2,0,29.28,6,7,2022,30,0
2022-08-01,Clothing,82.0,18.2,0,33.67,0,8,2022,31,0
2022-08-02,Clothing,90.0,18.2,0,33.23,1,8,2022,31,0
2022-08-03,Clothing,86.0,18.2,0,30.41,2,8,2022,31,0
2022-08-04,Clothing,85.0,18.2,0,26.91,3,8,2022,31,0
2022-08-05,Clothing,115.0,18.2,0,25.83,4,8,2022,31,0
2022-08-06,Clothing,107.0,18.2,0,20.21,5,8,2022,31,0
2022-08-07,Clothing,115.0,18.2,0,22.46,6,8,2022,31,0
2022-08-08,Clothing,94.0,18.2,0,22.82,0,8,2022,32,0
2022-08-09,Clothing,90.0,18.2,0,19.77,1,8,2022,32,0
2022-08-10,Clothing,99.0,18.2,0,27.05,2,8,2022,32,0
2022-08-11,Clothing,104.0,18.2,0,30.3,3,8,2022,32,0
2022-08-12,Clothing,125.0,18.2,0,19.25,4,8,2022,32,0
2022-08-13,Clothing,142.0,18.2,0,24.69,5,8,2022,32,0
2022-08-14,Clothing,144.0,18.2,0,17.6,6,8,2022,32,0
2022-08-15,Clothing,101.0,18.2,0,20.74,0,8,2022,33,0
2022-08-16,Clothing,101.0,18.2,0,18.33,1,8,2022,33,0
2022-08-17,Clothing,102.0,18.2,0,24.3,2,8,2022,33,0
2022-08-18,Clothing,105.0,18.2,0,17.42,3,8,2022,33,0
2022-08-19,Clothing,115.0,18.2,0,25.41,4,8,2022,33,0
2022-08-20,Clothing,132.0,18.2,0,18.66,5,8,2022,33,0
2022-08-21,Clothing,125.0,18.2,0,16.2,6,8,2022,33,0
2022-08-22,Clothing,106.0,18.2,0,12.74,0,8,2022,34,0
2022-08-23,Clothing,100.0,18.2,0,19.84,1,8,2022,34,0
2022-08-24,Clothing,94.0,18.2,0,22.63,2,8,2022,34,0
2022-08-25,Clothing,100.0,18.2,0,19.11,3,8,2022,34,0
2022-08-26,Clothing,109.0,18.2,0,28.53,4,8,2022,34,0
2022-08-27,Clothing,149.0,18.2,0,24.09,5,8,2022,34,0
2022-08-28,Clothing,137.0,18.2,0,15.03,6,8,2022,34,0
2022-08-29,Clothing,97.0,18.2,0,14.6,0,8,2022,35,0
2022-08-30,Clothing,108.0,18.2,0,18.18,1,8,2022,35,0
2022-08-31,Clothing,96.0,18.2,0,11.28,2,8,2022,35,0
2022-09-01,Clothing,95.0,18.2,0,20.96,3,9,2022,35,0
2022-09-02,Clothing,132.0,18.2,0,16.61,4,9,2022,35,0
2022-09-03,Clothing,134.0,18.2,0,15.76,5,9,2022,35,0
2022-09-04,Clothing,133.0,18.2,0,17.6,6,9,2022,35,0
2022-09-05,Clothing,106.0,18.2,0,22.48,0,9,2022,36,0
2022-09-06,Clothing,113.0,18.2,0,14.43,1,9,2022,36,0
2022-09-07,Clothing,102.0,18.2,0,12.73,2,9,2022,36,0
2022-09-08,Clothing,98.0,18.2,0,20.57,3,9,2022,36,0
2022-09-09,Clothing,129.0,18.2,0,17.61,4,9,2022,36,0
2022-09-10,Clothing,136.0,18.2,0,10.92,5,9,2022,36,0
2022-09-11,Clothing,160.0,18.2,0,12.32,6,9,2022,36,0
2022-09-12,Clothing,106.0,18.2,0,13.04,0,9,2022,37,0
2022-09-13,Clothing,85.0,18.2,0,13.66,1,9,2022,37,0
2022-09-14,Clothing,106.0,18.2,0,4.87,2,9,2022,37,0
2022-09-15,Clothing,126.0,18.2,0,3.75,3,9,2022,37,0
2022-09-16,Clothing,140.0,18.2,0,6.85,4,9,2022,37,0
2022-09-17,Clothing,163.0,18.2,0,6.29,5,9,2022,37,0
2022-09-18,Clothing,129.0,18.2,0,7.74,6,9,2022,37,0
2022-09-19,Clothing,115.0,18.2,0,13.99,0,9,2022,38,0
2022-09-20,Clothing,99.0,18.2,0,9.84,1,9,2022,38,0
2022-09-21,Clothing,105.0,18.2,0,11.54,2,9,2022,38,0
2022-09-22,Clothing,98.0,18.2,0,4.33,3,9,2022,38,0
2022-09-23,Clothing,119.0,18.2,0,8.05,4,9,2022,38,0
2022-09-24,Clothing,135.0,18.2,0,13.21,5,9,2022,38,0
2022-09-25,Clothing,151.0,18.2,0,13.17,6,9,2022,38,0
2022-09-26,Clothing,114.0,18.2,0,6.51,0,9,2022,39,0
2022-09-27,Clothing,107.0,18.2,0,10.89,1,9,2022,39,0
2022-09-28,Clothing,93.0,18.2,0,21.04,2,9,2022,39,0
2022-09-29,Clothing,107.0,18.2,0,9.93,3,9,2022,39,0
2022-09-30,Clothing,118.0,18.2,0,6.54,4,9,2022,39,0
2022-10-01,Clothing,153.0,18.2,0,9.13,5,10,2022,39,0
2022-10-02,Clothing,154.0,18.2,0,10.47,6,10,2022,39,0
2022-10-03,Clothing,117.0,18.2,0,9.27,0,10,2022,40,0
2022-10-04,Clothing,99.0,18.2,0,9.91,1,10,2022,40,0
2022-10-05,Clothing,81.0,18.2,0,2.89,2,10,2022,40,0
2022-10-06,Clothing,94.0,18.2,0,5.35,3,10,2022,40,0
2022-10-07,Clothing,139.0,18.2,0,9.48,4,10,2022,40,0
2022-10-08,Clothing,138.0,18.2,0,9.48,5,10,2022,40,0
2022-10-09,Clothing,132.0,18.2,0,7.57,6,10,2022,40,0
2022-10-10,Clothing,121.0,18.2,0,9.62,0,10,2022,41,0
2022-10-11,Clothing,115.0,18.2,0,10.93,1,10,2022,41,0
2022-10-12,Clothing,104.0,18.2,0,15.19,2,10,2022,41,0
2022-10-13,Clothing,107.0,18.2,0,10.39,3,10,2022,41,0
2022-10-14,Clothing,123.0,18.2,0,13.03,4,10,2022,41,0
2022-10-15,Clothing,145.0,18.2,0,8.49,5,10,2022,41,0
2022-10-16,Clothing,158.0,18.2,0,14.23,6,10,2022,41,0
2022-10-17,Clothing,110.0,18.2,0,13.43,0,10,2022,42,0
2022-10-18,Clothing,110.0,18.2,0,16.08,1,10,2022,42,0
2022-10-19,Clothing,113.0,18.2,0,15.53,2,10,2022,42,0
2022-10-20,Clothing,99.0,18.2,0,15.12,3,10,2022,42,0
2022-10-21,Clothing,131.0,18.2,0,11.91,4,10,2022,42,0
2022-10-22,Clothing,138.0,18.2,0,13.87,5,10,2022,42,0
2022-10-23,Clothing,111.0,18.2,0,18.22,6,10,2022,42,0
2022-10-24,Clothing,88.0,18.2,0,9.9,0,10,2022,43,0
2022-10-25,Clothing,95.0,18.2,0,10.29,1,10,2022,43,0
2022-10-26,Clothing,106.0,18.2,0,14.63,2,10,2022,43,0
2022-10-27,Clothing,109.0,18.2,0,16.09,3,10,2022,43,0
2022-10-28,Clothing,125.0,18.2,0,10.2,4,10,2022,43,0
2022-10-29,Clothing,162.0,18.2,0,14.26,5,10,2022,43,0
2022-10-30,Clothing,124.0,18.2,0,14.49,6,10,2022,43,0
2022-10-31,Clothing,157.0,18.2,0,4.23,0,10,2022,44,1
2022-11-01,Clothing,105.0,18.2,0,14.55,1,11,2022,44,0
2022-11-02,Clothing,95.0,18.2,0,15.22,2,11,2022,44,0
2022-11-03,Clothing,107.0,18.2,0,15.57,3,11,2022,44,0
2022-11-04,Clothing,106.0,18.2,0,23.83,4,11,2022,44,0
2022-11-05,Clothing,154.0,18.2,0,11.06,5,11,2022,44,0
2022-11-06,Clothing,,18.2,0,13.42,6,11,2022,44,0
2022-11-07,Clothing,120.0,18.2,0,4.88,0,11,2022,45,0
2022-11-08,Clothing,101.0,18.2,0,15.96,1,11,2022,45,0
2022-11-09,Clothing,108.0,18.2,0,16.81,2,11,2022,45,0
2022-11-10,Clothing,105.0,18.2,0,16.67,3,11,2022,45,0
2022-11-11,Clothing,119.0,18.2,0,25.21,4,11,2022,45,0
2022-11-12,Clothing,130.0,18.2,0,24.42,5,11,2022,45,0
2022-11-13,Clothing,135.0,18.2,0,20.97,6,11,2022,45,0
2022-11-14,Clothing,104.0,18.2,0,19.2,0,11,2022,46,0
2022-11-15,Clothing,93.0,18.2,0,26.66,1,11,2022,46,0
2022-11-16,Clothing,97.0,18.2,0,21.92,2,11,2022,46,0
2022-11-17,Clothing,98.0,18.2,0,18.43,3,11,2022,46,0
2022-11-18,Clothing,139.0,18.2,0,14.44,4,11,2022,46,0
2022-11-19,Clothing,133.0,18.2,0,21.33,5,11,2022,46,0
2022-11-20,Clothing,147.0,18.2,0,27.83,6,11,2022,46,0
2022-11-21,Clothing,98.0,18.2,0,35.97,0,11,2022,47,0
2022-11-22,Clothing,99.0,18.2,0,25.43,1,11,2022,47,0
2022-11-23,Clothing,86.0,18.2,0,21.83,2,11,2022,47,0
2022-11-24,Clothing,215.0,18.2,0,20.29,3,11,2022,47,1
2022-11-25,Clothing,351.0,18.2,0,29.53,4,11,2022,47,1
2022-11-26,Clothing,148.0,18.2,0,18.51,5,11,2022,47,0
2022-11-27,Clothing,131.0,18.2,0,30.65,6,11,2022,47,0
2022-11-28,Clothing,109.0,18.2,0,32.57,0,11,2022,48,0
2022-11-29,Clothing,100.0,18.2,0,31.24,1,11,2022,48,0
2022-11-30,Clothing,106.0,18.2,0,28.55,2,11,2022,48,0
2022-12-01,Clothing,98.0,18.2,0,33.07,3,12,2022,48,0
2022-12-02,Clothing,134.0,18.2,0,31.71,4,12,2022,48,0
2022-12-03,Clothing,123.0,18.2,0,27.57,5,12,2022,48,0
2022-12-04,Clothing,118.0,18.2,0,41.32,6,12,2022,48,0
2022-12-05,Clothing,86.0,18.2,0,30.93,0,12,2022,49,0
2022-12-06,Clothing,110.0,18.2,0,37.19,1,12,2022,49,0
2022-12-07,Clothing,98.0,18.2,0,21.85,2,12,2022,49,0
2022-12-08,Clothing,94.0,18.2,0,40.96,3,12,2022,49,0
2022-12-09,Clothing,121.0,18.2,0,42.55,4,12,2022,49,0
2022-12-10,Clothing,132.0,18.2,0,36.0,5,12,2022,49,0
2022-12-11,Clothing,142.0,18.2,0,39.29,6,12,2022,49,0
2022-12-12,Clothing,82.0,18.2,0,39.94,0,12,2022,50,0
2022-12-13,Clothing,89.0,18.2,0,34.59,1,12,2022,50,0
2022-12-14,Clothing,86.0,18.2,0,41.2,2,12,2022,50,0
2022-12-15,Clothing,79.0,18.2,0,35.08,3,12,2022,50,0
2022-12-16,Clothing,116.0,18.2,0,36.74,4,12,2022,50,0
2022-12-17,Clothing,119.0,18.2,0,46.09,5,12,2022,50,0
2022-12-18,Clothing,126.0,18.2,0,46.0,6,12,2022,50,0
2022-12-19,Clothing,108.0,18.2,0,38.26,0,12,2022,51,0
2022-12-20,Clothing,86.0,18.2,0,38.8,1,12,2022,51,0
2022-12-21,Clothing,84.0,18.2,0,39.92,2,12,2022,51,0
2022-12-22,Clothing,92.0,18.2,0,47.49,3,12,2022,51,0
2022-12-23,Clothing,112.0,18.2,0,39.51,4,12,2022,51,0
2022-12-24,Clothing,113.0,18.2,0,46.98,5,12,2022,51,0
2022-12-25,Clothing,275.0,18.2,0,49.61,6,12,2022,51,1
2022-12-26,Clothing,172.0,18.2,0,46.12,0,12,2022,52,1
2022-12-27,Clothing,88.0,18.2,0,52.3,1,12,2022,52,0
2022-12-28,Clothing,71.0,18.2,0,46.41,2,12,2022,52,0
2022-12-29,Clothing,80.0,18.2,0,47.55,3,12,2022,52,0
2022-12-30,Clothing,113.0,18.2,0,44.43,4,12,2022,52,0
2022-12-31,Clothing,190.0,18.2,0,55.09,5,12,2022,52,1
2023-01-01,Clothing,192.0,18.2,0,46.86,6,1,2023,52,1
2023-01-02,Clothing,86.0,18.2,0,53.13,0,1,2023,1,0
2023-01-03,Clothing,86.0,18.2,0,51.71,1,1,2023,1,0
2023-01-04,Clothing,90.0,18.2,0,47.49,2,1,2023,1,0
2023-01-05,Clothing,80.0,18.2,0,50.39,3,1,2023,1,0
2023-01-06,Clothing,96.0,18.2,0,61.04,4,1,2023,1,0
2023-01-07,Clothing,121.0,18.2,0,55.82,5,1,2023,1,0
2023-01-08,Clothing,116.0,18.2,0,50.45,6,1,2023,1,0
2023-01-09,Clothing,94.0,18.2,0,57.7,0,1,2023,2,0
2023-01-10,Clothing,79.0,18.2,0,56.12,1,1,2023,2,0
2023-01-11,Clothing,90.0,18.2,0,74.8,2,1,2023,2,0
2023-01-12,Clothing,101.0,18.2,0,59.63,3,1,2023,2,0
2023-01-13,Clothing,110.0,18.2,0,56.97,4,1,2023,2,0
2023-01-14,Clothing,123.0,18.2,0,66.65,5,1,2023,2,0
2023-01-15,Clothing,119.0,18.2,0,51.01,6,1,2023,2,0
2023-01-16,Clothing,86.0,18.2,0,61.35,0,1,2023,3,0
2023-01-17,Clothing,90.0,18.2,0,71.51,1,1,2023,3,0
2023-01-18,Clothing,99.0,18.2,0,61.62,2,1,2023,3,0
2023-01-19,Clothing,94.0,18.2,0,54.18,3,1,2023,3,0
2023-01-20,Clothing,101.0,18.2,0,61.52,4,1,2023,3,0
2023-01-21,Clothing,120.0,18.2,0,71.42,5,1,2023,3,0
2023-01-22,Clothing,126.0,18.2,0,66.67,6,1,2023,3,0
2023-01-23,Clothing,92.0,18.2,0,61.23,0,1,2023,4,0
2023-01-24,Clothing,9.700000000000001,18.2,0,62.63,1,1,2023,4,0
2023-01-25,Clothing,96.0,18.2,0,63.89,2,1,2023,4,0
2023-01-26,Clothing,105.0,18.2,0,69.12,3,1,2023,4,0
2023-01-27,Clothing,125.0,18.2,0,74.62,4,1,2023,4,0
2023-01-28,Clothing,139.0,18.2,0,73.8,5,1,2023,4,0
2023-01-29,Clothing,117.0,18.2,0,71.43,6,1,2023,4,0
2023-01-30,Clothing,90.0,18.2,0,63.09,0,1,2023,5,0
2023-01-31,Clothing,95.0,18.2,0,63.71,1,1,2023,5,0
2023-02-01,Clothing,91.0,18.2,0,73.6,2,2,2023,5,0
2023-02-02,Clothing,91.0,18.2,0,64.79,3,2,2023,5,0
2023-02-03,Clothing,111.0,18.2,0,70.97,4,2,2023,5,0
2023-02-04,Clothing,127.0,18.2,0,74.19,5,2,2023,5,0
2023-02-05,Clothing,123.0,18.2,0,67.54,6,2,2023,5,0
2023-02-06,Clothing,97.0,18.2,0,68.67,0,2,2023,6,0
2023-02-07,Clothing,107.0,18.2,0,73.87,1,2,2023,6,0
2023-02-08,Clothing,98.0,18.2,0,77.4,2,2,2023,6,0
2023-02-09,Clothing,123.0,18.2,0,80.72,3,2,2023,6,0
2023-02-10,Clothing,119.0,18.2,0,78.98,4,2,2023,6,0
2023-02-11,Clothing,131.0,18.2,0,76.83,5,2,2023,6,0
2023-02-12,Clothing,132.0,18.2,0,73.25,6,2,2023,6,0
2023-02-13,Clothing,103.0,18.2,0,72.13,0,2,2023,7,0
2023-02-14,Clothing,164.0,18.2,0,75.42,1,2,2023,7,1
2023-02-15,Clothing,115.0,18.2,0,80.52,2,2,2023,7,0
2023-02-16,Clothing,97.0,18.2,0,80.63,3,2,2023,7,0
2023-02-17,Clothing,128.0,18.2,0,68.92,4,2,2023,7,0
2023-02-18,Clothing,139.0,18.2,0,75.95,5,2,2023,7,0
2023-02-19,Clothing,118.0,18.2,0,86.35,6,2,2023,7,0
2023-02-20,Clothing,109.0,18.2,0,81.17,0,2,2023,8,0
2023-02-21,Clothing,111.0,18.2,0,74.13,1,2,2023,8,0
2023-02-22,Clothing,93.0,18.2,0,93.42,2,2,2023,8,0
2023-02-23,Clothing,206.0,13.46,1,81.91,3,2,2023,8,0
2023-02-24,Clothing,203.0,13.46,1,84.38,4,2,2023,8,0
2023-02-25,Clothing,242.0,13.46,1,84.86,5,2,2023,8,0
2023-02-26,Clothing,288.0,13.46,1,81.41,6,2,2023,8,0
2023-02-27,Clothing,101.0,18.2,0,79.99,0,2,2023,9,0
2023-02-28,Clothing,93.0,18.2,0,94.6,1,2,2023,9,0
2023-03-01,Clothing,103.0,18.2,0,89.37,2,3,2023,9,0
2023-03-02,Clothing,103.0,18.2,0,88.81,3,3,2023,9,0
2023-03-03,Clothing,118.0,18.2,0,87.92,4,3,2023,9,0
2023-03-04,Clothing,149.0,18.2,0,80.35,5,3,2023,9,0
2023-03-05,Clothing,126.0,18.2,0,92.07,6,3,2023,9,0
2023-03-06,Clothing,98.0,18.2,0,81.77,0,3,2023,10,0
2023-03-07,Clothing,105.0,18.2,0,87.7,1,3,2023,10,0
2023-03-08,Clothing,111.0,18.2,0,78.37,2,3,2023,10,0
2023-03-09,Clothing,120.0,18.2,0,76.63,3,3,2023,10,0
2023-03-10,Clothing,118.0,18.2,0,88.69,4,3,2023,10,0
2023-03-11,Clothing,153.0,18.2,0,83.31,5,3,2023,10,0
2023-03-12,Clothing,131.0,18.2,0,77.65,6,3,2023,10,0
2023-03-13,Clothing,123.0,18.2,0,90.53,0,3,2023,11,0
2023-03-14,Clothing,95.0,18.2,0,98.64,1,3,2023,11,0
2023-03-15,Clothing,115.0,18.2,0,95.2,2,3,2023,11,0
2023-03-16,Clothing,104.0,18.2,0,87.16,3,3,2023,11,0
2023-03-17,Clothing,146.0,18.2,0,88.67,4,3,2023,11,0
2023-03-18,Clothing,150.0,18.2,0,93.24,5,3,2023,11,0
2023-03-19,Clothing,130.0,18.2,0,94.57,6,3,2023,11,0
2023-03-20,Clothing,103.0,18.2,0,87.4,0,3,2023,12,0
2023-03-21,Clothing,112.0,18.2,0,89.42,1,3,2023,12,0
2023-03-22,Clothing,113.0,18.2,0,90.88,2,3,2023,12,0
2023-03-23,Clothing,110.0,18.2,0,92.26,3,3,2023,12,0
2023-03-24,Clothing,126.0,18.2,0,88.93,4,3,2023,12,0
2023-03-25,Clothing,153.0,18.2,0,89.09,5,3,2023,12,0
2023-03-26,Clothing,143.0,18.2,0,96.67,6,3,2023,12,0
2023-03-27,Clothing,190.0,13.36,1,95.88,0,3,2023,13,0
2023-03-28,Clothing,193.0,13.36,1,92.28,1,3,2023,13,0
2023-03-29,Clothing,208.0,13.36,1,98.53,2,3,2023,13,0
2023-03-30,Clothing,237.0,13.36,1,88.04,3,3,2023,13,0
2023-03-31,Clothing,279.0,13.36,1,98.11,4,3,2023,13,0
2023-04-01,Clothing,153.0,18.2,0,92.71,5,4,2023,13,0
2023-04-02,Clothing,145.0,18.2,0,106.35,6,4,2023,13,0
2023-04-03,Clothing,115.0,18.2,0,84.02,0,4,2023,14,0
2023-04-04,Clothing,100.0,18.2,0,86.51,1,4,2023,14,0
2023-04-05,Clothing,103.0,18.2,0,92.01,2,4,2023,14,0
2023-04-06,Clothing,103.0,18.2,0,91.85,3,4,2023,14,0
2023-04-07,Clothing,114.0,18.2,0,99.55,4,4,2023,14,0
2023-04-08,Clothing,148.0,18.2,0,86.39,5,4,2023,14,0
2023-04-09,Clothing,144.0,18.2,0,94.17,6,4,2023,14,0
2023-04-10,Clothing,114.0,18.2,0,95.36,0,4,2023,15,0
2023-04-11,Clothing,110.0,18.2,0,92.96,1,4,2023,15,0
2023-04-12,Clothing,106.0,18.2,0,84.51,2,4,2023,15,0
2023-04-13,Clothing,115.0,18.2,0,96.22,3,4,2023,15,0
2023-04-14,Clothing,125.0,18.2,0,95.19,4,4,2023,15,0
2023-04-15,Clothing,148.0,18.2,0,91.88,5,4,2023,15,0
2023-04-16,Clothing,133.0,18.2,0,89.74,6,4,2023,15,0
2023-04-17,Clothing,111.0,18.2,0,89.67,0,4,2023,16,0
2023-04-18,Clothing,111.0,18.2,0,87.96,1,4,2023,16,0
2023-04-19,Clothing,98.0,18.2,0,91.35,2,4,2023,16,0
2023-04-20,Clothing,110.0,18.2,0,88.09,3,4,2023,16,0
2023-04-21,Clothing,119.0,18.2,0,83.47,4,4,2023,16,0
2023-04-22,Clothing,137.0,18.2,0,82.23,5,4,2023,16,0
2023-04-23,Clothing,127.0,18.2,0,83.47,6,4,2023,16,0
2023-04-24,Clothing,118.0,18.2,0,88.08,0,4,2023,17,0
2023-04-25,Clothing,113.0,18.2,0,86.57,1,4,2023,17,0
2023-04-26,Clothing,107.0,18.2,0,87.5,2,4,2023,17,0
2023-04-27,Clothing,126.0,18.2,0,88.64,3,4,2023,17,0
2023-04-28,Clothing,122.0,18.2,0,82.7,4,4,2023,17,0
2023-04-29,Clothing,176.0,18.2,0,92.85,5,4,2023,17,0
2023-04-30,Clothing,136.0,18.2,0,83.86,6,4,2023,17,0
2023-05-01,Clothing,108.0,18.2,0,82.7,0,5,2023,18,0
2023-05-02,Clothing,100.0,18.2,0,86.94,1,5,2023,18,0
2023-05-03,Clothing,105.0,18.2,0,74.99,2,5,2023,18,0
2023-05-04,Clothing,115.0,18.2,0,79.86,3,5,2023,18,0
2023-05-05,Clothing,240.0,13.24,1,88.34,4,5,2023,18,0
2023-05-06,Clothing,315.0,13.24,1,74.37,5,5,2023,18,0
2023-05-07,Clothing,276.0,13.24,1,88.25,6,5,2023,18,0
2023-05-08,Clothing,210.0,13.24,1,89.81,0,5,2023,19,0
2023-05-09,Clothing,94.0,18.2,0,80.0,1,5,2023,19,0
2023-05-10,Clothing,104.0,18.2,0,82.89,2,5,2023,19,0
2023-05-11,Clothing,105.0,18.2,0,86.59,3,5,2023,19,0
2023-05-12,Clothing,115.0,18.2,0,78.22,4,5,2023,19,0
2023-05-13,Clothing,129.0,18.2,0,84.45,5,5,2023,19,0
2023-05-14,Clothing,164.0,18.2,0,76.29,6,5,2023,19,0
2023-05-15,Clothing,100.0,18.2,0,76.79,0,5,2023,20,0
2023-05-16,Clothing,88.0,18.2,0,74.71,1,5,2023,20,0
2023-05-17,Clothing,93.0,18.2,0,79.94,2,5,2023,20,0
2023-05-18,Clothing,,18.2,0,83.52,3,5,2023,20,0
2023-05-19,Clothing,124.0,18.2,0,76.31,4,5,2023,20,0
2023-05-20,Clothing,141.0,18.2,0,70.37,5,5,2023,20,0
2023-05-21,Clothing,140.0,18.2,0,70.79,6,5,2023,20,0
2023-05-22,Clothing,96.0,18.2,0,77.66,0,5,2023,21,0
2023-05-23,Clothing,101.0,18.2,0,84.37,1,5,2023,21,0
2023-05-24,Clothing,90.0,18.2,0,76.58,2,5,2023,21,0
2023-05-25,Clothing,97.0,18.2,0,72.13,3,5,2023,21,0
2023-05-26,Clothing,108.0,18.2,0,77.34,4,5,2023,21,0
2023-05-27,Clothing,120.0,18.2,0,71.75,5,5,2023,21,0
2023-05-28,Clothing,141.0,18.2,0,70.49,6,5,2023,21,0
2023-05-29,Clothing,104.0,18.2,0,67.02,0,5,2023,22,0
2023-05-30,Clothing,104.0,18.2,0,78.27,1,5,2023,22,0
2023-05-31,Clothing,95.0,18.2,0,57.95,2,5,2023,22,0
2023-06-01,Clothing,106.0,18.2,0,74.04,3,6,2023,22,0
2023-06-02,Clothing,98.0,18.2,0,67.13,4,6,2023,22,0
2023-06-03,Clothing,552.0,18.2,0,66.79,5,6,2023,22,0
2023-06-04,Clothing,129.0,18.2,0,76.7,6,6,2023,22,0
2023-06-05,Clothing,101.0,18.2,0,64.05,0,6,2023,23,0
2023-06-06,Clothing,97.0,18.2,0,63.6,1,6,2023,23,0
2023-06-07,Clothing,85.0,18.2,0,65.72,2,6,2023,23,0
2023-06-08,Clothing,86.0,18.2,0,67.81,3,6,2023,23,0
2023-06-09,Clothing,105.0,18.2,0,62.9,4,6,2023,23,0
2023-06-10,Clothing,132.0,18.2,0,56.6,5,6,2023,23,0
2023-06-11,Clothing,131.0,18.2,0,59.5,6,6,2023,23,0
2023-06-12,Clothing,84.0,18.2,0,69.58,0,6,2023,24,0
2023-06-13,Clothing,,18.2,0,62.9,1,6,2023,24,0
2023-06-14,Clothing,85.0,18.2,0,64.12,2,6,2023,24,0
2023-06-15,Clothing,92.0,18.2,0,59.9,3,6,2023,24,0
2023-06-16,Clothing,96.0,18.2,0,57.25,4,6,2023,24,0
2023-06-17,Clothing,109.0,18.2,0,68.27,5,6,2023,24,0
2023-06-18,Clothing,113.0,18.2,0,58.27,6,6,2023,24,0
2023-06-19,Clothing,92.0,18.2,0,56.32,0,6,2023,25,0
2023-06-20,Clothing,81.0,18.2,0,63.35,1,6,2023,25,0
2023-06-21,Clothing,87.0,18.2,0,53.58,2,6,2023,25,0
2023-06-22,Clothing,100.0,18.2,0,53.54,3,6,2023,25,0
2023-06-23,Clothing,94.0,18.2,0,55.88,4,6,2023,25,0
2023-06-24,Clothing,118.0,18.2,0,55.15,5,6,2023,25,0
2023-06-25,Clothing,127.0,18.2,0,55.76,6,6,2023,25,0
2023-06-26,Clothing,86.0,18.2,0,64.24,0,6,2023,26,0
2023-06-27,Clothing,83.0,18.2,0,54.78,1,6,2023,26,0
2023-06-28,Clothing,93.0,18.2,0,40.52,2,6,2023,26,0
2023-06-29,Clothing,88.0,18.2,0,53.35,3,6,2023,26,0
2023-06-30,Clothing,111.0,18.2,0,51.22,4,6,2023,26,0
2023-07-01,Clothing,120.0,18.2,0,50.56,5,7,2023,26,0
2023-07-02,Clothing,111.0,18.2,0,50.89,6,7,2023,26,0
2023-07-03,Clothing,91.0,18.2,0,48.82,0,7,2023,27,0
2023-07-04,Clothing,123.0,18.2,0,48.02,1,7,2023,27,1
2023-07-05,Clothing,92.0,18.2,0,50.66,2,7,2023,27,0
2023-07-06,Clothing,87.0,18.2,0,44.19,3,7,2023,27,0
2023-07-07,Clothing,104.0,18.2,0,41.48,4,7,2023,27,0
2023-07-08,Clothing,119.0,18.2,0,60.65,5,7,2023,27,0
2023-07-09,Clothing,124.0,18.2,0,41.27,6,7,2023,27,0
2023-07-10,Clothing,83.0,18.2,0,44.67,0,7,2023,28,0
2023-07-11,Clothing,96.0,18.2,0,36.01,1,7,2023,28,0
2023-07-12,Clothing,91.0,18.2,0,43.39,2,7,2023,28,0
2023-07-13,Clothing,83.0,18.2,0,37.47,3,7,2023,28,0
2023-07-14,Clothing,117.0,18.2,0,39.25,4,7,2023,28,0
2023-07-15,Clothing,145.0,18.2,0,46.01,5,7,2023,28,0
2023-07-16,Clothing,131.0,18.2,0,42.48,6,7,2023,28,0
2023-07-17,Clothing,103.0,18.2,0,42.3,0,7,2023,29,0
2023-07-18,Clothing,92.0,18.2,0,29.93,1,7,2023,29,0
2023-07-19,Clothing,78.0,18.2,0,47.32,2,7,2023,29,0
2023-07-20,Clothing,82.0,18.2,0,31.52,3,7,2023,29,0
2023-07-21,Clothing,112.0,18.2,0,44.47,4,7,2023,29,0
2023-07-22,Clothing,120.0,18.2,0,41.28,5,7,2023,29,0
2023-07-23,Clothing,115.0,18.2,0,38.42,6,7,2023,29,0
2023-07-24,Clothing,95.0,18.2,0,30.62,0,7,2023,30,0
2023-07-25,Clothing,98.0,18.2,0,35.01,1,7,2023,30,0
2023-07-26,Clothing,82.0,18.2,0,31.27,2,7,2023,30,0
2023-07-27,Clothing,95.0,18.2,0,33.15,3,7,2023,30,0
2023-07-28,Clothing,126.0,18.2,0,31.13,4,7,2023,30,0
2023-07-29,Clothing,118.0,18.2,0,21.57,5,7,2023,30,0
2023-07-30,Clothing,136.0,18.2,0,36.76,6,7,2023,30,0
2023-07-31,Clothing,94.0,18.2,0,30.14,0,7,2023,31,0
2023-08-01,Clothing,100.0,18.2,0,27.53,1,8,2023,31,0
2023-08-02,Clothing,103.0,18.2,0,26.56,2,8,2023,31,0
2023-08-03,Clothing,216.0,12.98,1,30.56,3,8,2023,31,0
2023-08-04,Clothing,251.0,12.98,1,23.72,4,8,2023,31,0
2023-08-05,Clothing,243.0,12.98,1,16.34,5,8,2023,31,0
2023-08-06,Clothing,288.0,12.98,1,29.08,6,8,2023,31,0
2023-08-07,Clothing,188.0,12.98,1,29.08,0,8,2023,32,0
2023-08-08,Clothing,202.0,12.98,1,24.94,1,8,2023,32,0
2023-08-09,Clothing,201.0,12.98,1,19.65,2,8,2023,32,0
2023-08-10,Clothing,107.0,18.2,0,25.29,3,8,2023,32,0
2023-08-11,Clothing,121.0,18.2,0,17.0,4,8,2023,32,0
2023-08-12,Clothing,126.0,18.2,0,18.66,5,8,2023,32,0
2023-08-13,Clothing,119.0,18.2,0,19.52,6,8,2023,32,0
2023-08-14,Clothing,109.0,18.2,0,26.99,0,8,2023,33,0
2023-08-15,Clothing,101.0,18.2,0,20.46,1,8,2023,33,0
2023-08-16,Clothing,108.0,18.2,0,19.54,2,8,2023,33,0
2023-08-17,Clothing,105.0,18.2,0,31.07,3,8,2023,33,0
2023-08-18,Clothing,107.0,18.2,0,22.58,4,8,2023,33,0
2023-08-19,Clothing,148.0,18.2,0,22.05,5,8,2023,33,0
2023-08-20,Clothing,132.0,18.2,0,18.04,6,8,2023,33,0
2023-08-21,Clothing,184.0,14.83,1,16.46,0,8,2023,34,0
2023-08-22,Clothing,166.0,14.83,1,8.07,1,8,2023,34,0
2023-08-23,Clothing,197.0,14.83,1,23.42,2,8,2023,34,0
2023-08-24,Clothing,171.0,14.83,1,20.39,3,8,2023,34,0
2023-08-25,Clothing,119.0,18.2,0,16.84,4,8,2023,34,0
2023-08-26,Clothing,141.0,18.2,0,16.65,5,8,2023,34,0
2023-08-27,Clothing,126.0,18.2,0,20.63,6,8,2023,34,0
2023-08-28,Clothing,108.0,18.2,0,8.79,0,8,2023,35,0
2023-08-29,Clothing,117.0,18.2,0,13.24,1,8,2023,35,0
2023-08-30,Clothing,98.0,18.2,0,10.15,2,8,2023,35,0
2023-08-31,Clothing,112.0,18.2,0,24.33,3,8,2023,35,0
2023-09-01,Clothing,97.0,18.2,0,19.51,4,9,2023,35,0
2023-09-02,Clothing,141.0,18.2,0,3.79,5,9,2023,35,0
2023-09-03,Clothing,136.0,18.2,0,6.91,6,9,2023,35,0
2023-09-04,Clothing,100.0,18.2,0,13.5,0,9,2023,36,0
2023-09-05,Clothing,114.0,18.2,0,11.5,1,9,2023,36,0
2023-09-06,Clothing,101.0,18.2,0,6.95,2,9,2023,36,0
2023-09-07,Clothing,108.0,18.2,0,23.02,3,9,2023,36,0
2023-09-08,Clothing,121.0,18.2,0,14.59,4,9,2023,36,0
2023-09-09,Clothing,121.0,18.2,0,15.15,5,9,2023,36,0
2023-09-10,Clothing,128.0,18.2,0,9.06,6,9,2023,36,0
2023-09-11,Clothing,116.0,18.2,0,15.9,0,9,2023,37,0
2023-09-12,Clothing,88.0,18.2,0,10.16,1,9,2023,37,0
2023-09-13,Clothing,98.0,18.2,0,10.44,2,9,2023,37,0
2023-09-14,Clothing,107.0,18.2,0,14.71,3,9,2023,37,0
2023-09-15,Clothing,144.0,18.2,0,3.32,4,9,2023,37,0
2023-09-16,Clothing,153.0,18.2,0,19.27,5,9,2023,37,0
2023-09-17,Clothing,136.0,18.2,0,12.03,6,9,2023,37,0
2023-09-18,Clothing,120.0,18.2,0,17.36,0,9,2023,38,0
2023-09-19,Clothing,100.0,18.2,0,5.44,1,9,2023,38,0
2023-09-20,Clothing,114.0,18.2,0,6.07,2,9,2023,38,0
2023-09-21,Clothing,99.0,18.2,0,4.75,3,9,2023,38,0
2023-09-22,Clothing,138.0,18.2,0,11.7,4,9,2023,38,0
2023-09-23,Clothing,140.0,18.2,0,10.69,5,9,2023,38,0
2023-09-24,Clothing,131.0,18.2,0,7.95,6,9,2023,38,0
2023-09-25,Clothing,107.0,18.2,0,5.13,0,9,2023,39,0
2023-09-26,Clothing,109.0,18.2,0,3.8,1,9,2023,39,0
2023-09-27,Clothing,101.0,18.2,0,9.84,2,9,2023,39,0
2023-09-28,Clothing,116.0,18.2,0,7.72,3,9,2023,39,0
2023-09-29,Clothing,121.0,18.2,0,6.59,4,9,2023,39,0
2023-09-30,Clothing,153.0,18.2,0,17.74,5,9,2023,39,0
2023-10-01,Clothing,148.0,18.2,0,9.59,6,10,2023,39,0
2023-10-02,Clothing,109.0,18.2,0,16.36,0,10,2023,40,0
2023-10-03,Clothing,103.0,18.2,0,7.36,1,10,2023,40,0
2023-10-04,Clothing,107.0,18.2,0,11.29,2,10,2023,40,0
2023-10-05,Clothing,116.0,18.2,0,9.83,3,10,2023,40,0
2023-10-06,Clothing,148.0,18.2,0,1.68,4,10,2023,40,0
2023-10-07,Clothing,156.0,18.2,0,17.37,5,10,2023,40,0
2023-10-08,Clothing,154.0,18.2,0,9.64,6,10,2023,40,0
2023-10-09,Clothing,136.0,18.2,0,14.13,0,10,2023,41,0
2023-10-10,Clothing,111.0,18.2,0,6.75,1,10,2023,41,0
2023-10-11,Clothing,109.0,18.2,0,9.8,2,10,2023,41,0
2023-10-12,Clothing,117.0,18.2,0,6.41,3,10,2023,41,0
2023-10-13,Clothing,117.0,18.2,0,17.07,4,10,2023,41,0
2023-10-14,Clothing,140.0,18.2,0,12.59,5,10,2023,41,0
2023-10-15,Clothing,136.0,18.2,0,13.03,6,10,2023,41,0
2023-10-16,Clothing,114.0,18.2,0,18.16,0,10,2023,42,0
2023-10-17,Clothing,104.0,18.2,0,17.34,1,10,2023,42,0
2023-10-18,Clothing,192.0,14.21,1,15.58,2,10,2023,42,0
2023-10-19,Clothing,218.0,14.21,1,4.85,3,10,2023,42,0
2023-10-20,Clothing,245.0,14.21,1,8.7,4,10,2023,42,0
2023-10-21,Clothing,142.0,18.2,0,7.39,5,10,2023,42,0
2023-10-22,Clothing,134.0,18.2,0,16.28,6,10,2023,42,0
2023-10-23,Clothing,180.0,16.33,1,13.75,0,10,2023,43,0
2023-10-24,Clothing,172.0,16.33,1,6.21,1,10,2023,43,0
2023-10-25,Clothing,139.0,16.33,1,12.49,2,10,2023,43,0
2023-10-26,Clothing,107.0,18.2,0,6.25,3,10,2023,43,0
2023-10-27,Clothing,126.0,18.2,0,13.75,4,10,2023,43,0
2023-10-28,Clothing,151.0,18.2,0,6.04,5,10,2023,43,0
2023-10-29,Clothing,150.0,18.2,0,17.28,6,10,2023,43,0
2023-10-30,Clothing,109.0,18.2,0,16.85,0,10,2023,44,0
2023-10-31,Clothing,163.0,18.2,0,24.84,1,10,2023,44,1
2023-11-01,Clothing,103.0,18.2,0,19.89,2,11,2023,44,0
2023-11-02,Clothing,102.0,18.2,0,13.89,3,11,2023,44,0
2023-11-03,Clothing,121.0,18.2,0,20.47,4,11,2023,44,0
2023-11-04,Clothing,141.0,18.2,0,9.76,5,11,2023,44,0
2023-11-05,Clothing,138.0,18.2,0,12.33,6,11,2023,44,0
2023-11-06,Clothing,89.0,18.2,0,19.2,0,11,2023,45,0
2023-11-07,Clothing,99.0,18.2,0,7.15,1,11,2023,45,0
2023-11-08,Clothing,102.0,18.2,0,18.18,2,11,2023,45,0
2023-11-09,Clothing,104.0,18.2,0,13.69,3,11,2023,45,0
2023-11-10,Clothing,119.0,18.2,0,19.73,4,11,2023,45,0
2023-11-11,Clothing,144.0,18.2,0,14.28,5,11,2023,45,0
2023-11-12,Clothing,124.0,18.2,0,22.24,6,11,2023,45,0
2023-11-13,Clothing,90.0,18.2,0,20.68,0,11,2023,46,0
2023-11-14,Clothing,98.0,18.2,0,28.06,1,11,2023,46,0
2023-11-15,Clothing,106.0,18.2,0,21.57,2,11,2023,46,0
2023-11-16,Clothing,119.0,18.2,0,18.18,3,11,2023,46,0
2023-11-17,Clothing,127.0,18.2,0,21.28,4,11,2023,46,0
2023-11-18,Clothing,120.0,18.2,0,16.3,5,11,2023,46,0
2023-11-19,Clothing,131.0,18.2,0,25.57,6,11,2023,46,0
2023-11-20,Clothing,104.0,18.2,0,27.0,0,11,2023,47,0
2023-11-21,Clothing,100.0,18.2,0,36.93,1,11,2023,47,0
2023-11-22,Clothing,102.0,18.2,0,22.01,2,11,2023,47,0
2023-11-23,Clothing,210.0,18.2,0,24.32,3,11,2023,47,1
2023-11-24,Clothing,,18.2,0,23.33,4,11,2023,47,1
2023-11-25,Clothing,138.0,18.2,0,27.83,5,11,2023,47,0
2023-11-26,Clothing,140.0,18.2,0,29.24,6,11,2023,47,0
2023-11-27,Clothing,93.0,18.2,0,27.64,0,11,2023,48,0
2023-11-28,Clothing,94.0,18.2,0,33.91,1,11,2023,48,0
2023-11-29,Clothing,152.0,12.99,1,25.98,2,11,2023,48,0
2023-11-30,Clothing,194.0,12.99,1,34.58,3,11,2023,48,0
2023-12-01,Clothing,222.0,12.99,1,32.94,4,12,2023,48,0
2023-12-02,Clothing,243.0,12.99,1,30.79,5,12,2023,48,0
2023-12-03,Clothing,262.0,12.99,1,29.88,6,12,2023,48,0
2023-12-04,Clothing,97.0,18.2,0,44.2,0,12,2023,49,0
2023-12-05,Clothing,78.0,18.2,0,28.6,1,12,2023,49,0
2023-12-06,Clothing,95.0,18.2,0,34.8,2,12,2023,49,0
2023-12-07,Clothing,91.0,18.2,0,30.19,3,12,2023,49,0
2023-12-08,Clothing,116.0,18.2,0,43.5,4,12,2023,49,0
2023-12-09,Clothing,114.0,18.2,0,39.65,5,12,2023,49,0
2023-12-10,Clothing,125.0,18.2,0,32.46,6,12,2023,49,0
2023-12-11,Clothing,93.0,18.2,0,39.06,0,12,2023,50,0
2023-12-12,Clothing,95.0,18.2,0,38.44,1,12,2023,50,0
2023-12-13,Clothing,92.0,18.2,0,35.22,2,12,2023,50,0
2023-12-14,Clothing,94.0,18.2,0,42.25,3,12,2023,50,0
2023-12-15,Clothing,96.0,18.2,0,41.07,4,12,2023,50,0
2023-12-16,Clothing,109.0,18.2,0,40.86,5,12,2023,50,0
2023-12-17,Clothing,116.0,18.2,0,40.24,6,12,2023,50,0
2023-12-18,Clothing,92.0,18.2,0,43.28,0,12,2023,51,0
2023-12-19,Clothing,86.0,18.2,0,42.94,1,12,2023,51,0
2023-12-20,Clothing,93.0,18.2,0,42.77,2,12,2023,51,0
2023-12-21,Clothing,91.0,18.2,0,39.94,3,12,2023,51,0
2023-12-22,Clothing,98.0,18.2,0,52.3,4,12,2023,51,0
2023-12-23,Clothing,118.0,18.2,0,39.26,5,12,2023,51,0
2023-12-24,Clothing,120.0,18.2,0,47.33,6,12,2023,51,0
2023-12-25,Clothing,230.0,18.2,0,44.27,0,12,2023,52,1
2023-12-26,Clothing,181.0,18.2,0,55.36,1,12,2023,52,1
2023-12-27,Clothing,81.0,18.2,0,42.73,2,12,2023,52,0
2023-12-28,Clothing,90.0,18.2,0,44.26,3,12,2023,52,0
2023-12-29,Clothing,107.0,18.2,0,43.77,4,12,2023,52,0
2023-12-30,Clothing,117.0,18.2,0,50.93,5,12,2023,52,0
2023-12-31,Clothing,176.0,18.2,0,43.13,6,12,2023,52,1
2021-01-01,Groceries,603.0,185.37,0,42.72,4,1,2021,53,1
2021-01-02,Groceries,360.0,185.37,0,51.6,5,1,2021,53,0
2021-01-03,Groceries,295.0,185.37,0,54.03,6,1,2021,53,0
2021-01-04,Groceries,244.0,185.37,0,45.6,0,1,2021,1,0
2021-01-05,Groceries,270.0,185.37,0,57.32,1,1,2021,1,0
2021-01-06,Groceries,256.0,185.37,0,57.13,2,1,2021,1,0
2021-01-07,Groceries,212.0,185.37,0,52.07,3,1,2021,1,0
2021-01-08,Groceries,339.0,185.37,0,54.63,4,1,2021,1,0
2021-01-09,Groceries,357.0,185.37,0,46.42,5,1,2021,1,0
2021-01-10,Groceries,324.0,185.37,0,55.19,6,1,2021,1,0
2021-01-11,Groceries,286.0,185.37,0,57.57,0,1,2021,2,0
2021-01-12,Groceries,245.0,185.37,0,59.05,1,1,2021,2,0
2021-01-13,Groceries,242.0,185.37,0,60.77,2,1,2021,2,0
2021-01-14,Groceries,278.0,185.37,0,60.77,3,1,2021,2,0
2021-01-15,Groceries,353.0,185.37,0,58.89,4,1,2021,2,0
2021-01-16,Groceries,399.0,185.37,0,62.31,5,1,2021,2,0
2021-01-17,Groceries,357.0,185.37,0,66.55,6,1,2021,2,0
2021-01-18,Groceries,274.0,185.37,0,61.72,0,1,2021,3,0
2021-01-19,Groceries,275.0,185.37,0,64.44,1,1,2021,3,0
2021-01-20,Groceries,230.0,185.37,0,62.57,2,1,2021,3,0
2021-01-21,Groceries,285.0,185.37,0,60.91,3,1,2021,3,0
2021-01-22,Groceries,291.0,185.37,0,67.4,4,1,2021,3,0
2021-01-23,Groceries,362.0,185.37,0,62.65,5,1,2021,3,0
2021-01-24,Groceries,341.0,185.37,0,67.99,6,1,2021,3,0
2021-01-25,Groceries,275.0,185.37,0,66.83,0,1,2021,4,0
2021-01-26,Groceries,261.0,185.37,0,65.79,1,1,2021,4,0
2021-01-27,Groceries,193.0,185.37,0,66.29,2,1,2021,4,0
2021-01-28,Groceries,275.0,185.37,0,66.0,3,1,2021,4,0
2021-01-29,Groceries,325.0,185.37,0,60.92,4,1,2021,4,0
2021-01-30,Groceries,366.0,185.37,0,71.67,5,1,2021,4,0
2021-01-31,Groceries,344.0,185.37,0,71.5,6,1,2021,4,0
2021-02-01,Groceries,300.0,185.37,0,75.18,0,2,2021,5,0
2021-02-02,Groceries,265.0,185.37,0,68.86,1,2,2021,5,0
2021-02-03,Groceries,265.0,185.37,0,81.57,2,2,2021,5,0
2021-02-04,Groceries,293.0,185.37,0,70.77,3,2,2021,5,0
2021-02-05,Groceries,318.0,185.37,0,68.86,4,2,2021,5,0
2021-02-06,Groceries,328.0,185.37,0,68.82,5,2,2021,5,0
2021-02-07,Groceries,279.0,185.37,0,65.67,6,2,2021,5,0
2021-02-08,Groceries,255.0,185.37,0,82.55,0,2,2021,6,0
2021-02-09,Groceries,275.0,185.37,0,82.27,1,2,2021,6,0
2021-02-10,Groceries,249.0,185.37,0,78.95,2,2,2021,6,0
2021-02-11,Groceries,,185.37,0,71.98,3,2,2021,6,0
2021-02-12,Groceries,313.0,185.37,0,86.03,4,2,2021,6,0
2021-02-13,Groceries,390.0,185.37,0,75.72,5,2,2021,6,0
2021-02-14,Groceries,543.0,185.37,0,76.63,6,2,2021,6,1
2021-02-15,Groceries,275.0,185.37,0,85.65,0,2,2021,7,0
2021-02-16,Groceries,269.0,185.37,0,82.24,1,2,2021,7,0
2021-02-17,Groceries,287.0,185.37,0,90.42,2,2,2021,7,0
2021-02-18,Groceries,234.0,185.37,0,81.12,3,2,2021,7,0
2021-02-19,Groceries,298.0,185.37,0,78.35,4,2,2021,7,0
2021-02-20,Groceries,377.0,185.37,0,77.72,5,2,2021,7,0
2021-02-21,Groceries,390.0,185.37,0,71.98,6,2,2021,7,0
2021-02-22,Groceries,270.0,185.37,0,80.24,0,2,2021,8,0
2021-02-23,Groceries,253.0,185.37,0,87.78,1,2,2021,8,0
2021-02-24,Groceries,272.0,185.37,0,85.46,2,2,2021,8,0
2021-02-25,Groceries,290.0,185.37,0,82.96,3,2,2021,8,0
2021-02-26,Groceries,300.0,185.37,0,78.27,4,2,2021,8,0
2021-02-27,Groceries,363.0,185.37,0,84.76,5,2,2021,8,0
2021-02-28,Groceries,380.0,185.37,0,89.06,6,2,2021,8,0
2021-03-01,Groceries,305.0,185.37,0,86.5,0,3,2021,9,0
2021-03-02,Groceries,275.0,185.37,0,85.53,1,3,2021,9,0
2021-03-03,Groceries,257.0,185.37,0,81.05,2,3,2021,9,0
2021-03-04,Groceries,270.0,185.37,0,89.7,3,3,2021,9,0
2021-03-05,Groceries,323.0,185.37,0,70.02,4,3,2021,9,0
2021-03-06,Groceries,350.0,185.37,0,87.9,5,3,2021,9,0
2021-03-07,Groceries,353.0,185.37,0,99.13,6,3,2021,9,0
2021-03-08,Groceries,243.0,185.37,0,79.02,0,3,2021,10,0
2021-03-09,Groceries,286.0,185.37,0,85.63,1,3,2021,10,0
2021-03-10,Groceries,233.0,185.37,0,87.06,2,3,2021,10,0
2021-03-11,Groceries,262.0,185.37,0,85.04,3,3,2021,10,0
2021-03-12,Groceries,312.0,185.37,0,92.78,4,3,2021,10,0
2021-03-13,Groceries,410.0,185.37,0,90.19,5,3,2021,10,0
2021-03-14,Groceries,336.0,185.37,0,88.8,6,3,2021,10,0
2021-03-15,Groceries,251.0,185.37,0,92.24,0,3,2021,11,0
2021-03-16,Groceries,248.0,185.37,0,88.53,1,3,2021,11,0
2021-03-17,Groceries,290.0,185.37,0,104.53,2,3,2021,11,0
2021-03-18,Groceries,210.0,185.37,0,89.56,3,3,2021,11,0
2021-03-19,Groceries,284.0,185.37,0,89.94,4,3,2021,11,0
2021-03-20,Groceries,431.0,185.37,0,80.56,5,3,2021,11,0
2021-03-21,Groceries,364.0,185.37,0,86.54,6,3,2021,11,0
2021-03-22,Groceries,242.0,185.37,0,95.12,0,3,2021,12,0
2021-03-23,Groceries,258.0,185.37,0,82.82,1,3,2021,12,0
2021-03-24,Groceries,258.0,185.37,0,78.81,2,3,2021,12,0
2021-03-25,Groceries,289.0,185.37,0,89.85,3,3,2021,12,0
2021-03-26,Groceries,355.0,185.37,0,96.62,4,3,2021,12,0
2021-03-27,Groceries,365.0,185.37,0,90.05,5,3,2021,12,0
2021-03-28,Groceries,333.0,185.37,0,88.21,6,3,2021,12,0
2021-03-29,Groceries,282.0,185.37,0,80.64,0,3,2021,13,0
2021-03-30,Groceries,245.0,185.37,0,92.23,1,3,2021,13,0
2021-03-31,Groceries,235.0,185.37,0,93.3,2,3,2021,13,0
2021-04-01,Groceries,233.0,185.37,0,81.09,3,4,2021,13,0
2021-04-02,Groceries,271.0,185.37,0,95.67,4,4,2021,13,0
2021-04-03,Groceries,328.0,185.37,0,93.81,5,4,2021,13,0
2021-04-04,Groceries,315.0,185.37,0,95.62,6,4,2021,13,0
2021-04-05,Groceries,272.0,185.37,0,92.83,0,4,2021,14,0
2021-04-06,Groceries,234.0,185.37,0,93.13,1,4,2021,14,0
2021-04-07,Groceries,192.0,185.37,0,92.41,2,4,2021,14,0
2021-04-08,Groceries,249.0,185.37,0,94.07,3,4,2021,14,0
2021-04-09,Groceries,298.0,185.37,0,80.55,4,4,2021,14,0
2021-04-10,Groceries,337.0,185.37,0,82.04,5,4,2021,14,0
2021-04-11,Groceries,390.0,185.37,0,85.76,6,4,2021,14,0
2021-04-12,Groceries,252.0,185.37,0,88.67,0,4,2021,15,0
2021-04-13,Groceries,278.0,185.37,0,91.13,1,4,2021,15,0
2021-04-14,Groceries,256.0,185.37,0,90.66,2,4,2021,15,0
2021-04-15,Groceries,270.0,185.37,0,94.47,3,4,2021,15,0
2021-04-16,Groceries,289.0,185.37,0,94.46,4,4,2021,15,0
2021-04-17,Groceries,352.0,185.37,0,84.18,5,4,2021,15,0
2021-04-18,Groceries,327.0,185.37,0,89.54,6,4,2021,15,0
2021-04-19,Groceries,269.0,185.37,0,83.91,0,4,2021,16,0
2021-04-20,Groceries,255.0,185.37,0,86.99,1,4,2021,16,0
2021-04-21,Groceries,237.0,185.37,0,89.32,2,4,2021,16,0
2021-04-22,Groceries,293.0,185.37,0,70.43,3,4,2021,16,0
2021-04-23,Groceries,320.0,185.37,0,99.29,4,4,2021,16,0
2021-04-24,Groceries,341.0,185.37,0,89.8,5,4,2021,16,0
2021-04-25,Groceries,682.0,137.2,1,83.72,6,4,2021,16,0
2021-04-26,Groceries,641.0,113.56,1,96.06,0,4,2021,17,0
2021-04-27,Groceries,587.0,113.56,1,84.4,1,4,2021,17,0
2021-04-28,Groceries,627.0,113.56,1,86.5,2,4,2021,17,0
2021-04-29,Groceries,627.0,113.56,1,83.09,3,4,2021,17,0
2021-04-30,Groceries,696.0,113.56,1,93.46,4,4,2021,17,0
2021-05-01,Groceries,749.0,113.56,1,84.34,5,5,2021,17,0
2021-05-02,Groceries,338.0,185.37,0,85.27,6,5,2021,17,0
2021-05-03,Groceries,277.0,185.37,0,90.19,0,5,2021,18,0
2021-05-04,Groceries,245.0,185.37,0,86.74,1,5,2021,18,0
2021-05-05,Groceries,308.0,185.37,0,83.17,2,5,2021,18,0
2021-05-06,Groceries,291.0,185.37,0,88.61,3,5,2021,18,0
2021-05-07,Groceries,342.0,185.37,0,95.35,4,5,2021,18,0
2021-05-08,Groceries,376.0,185.37,0,83.85,5,5,2021,18,0
2021-05-09,Groceries,400.0,185.37,0,82.43,6,5,2021,18,0
2021-05-10,Groceries,249.0,185.37,0,82.28,0,5,2021,19,0
2021-05-11,Groceries,206.0,185.37,0,87.55,1,5,2021,19,0
2021-05-12,Groceries,247.0,185.37,0,77.56,2,5,2021,19,0
2021-05-13,Groceries,284.0,185.37,0,78.72,3,5,2021,19,0
2021-05-14,Groceries,314.0,185.37,0,71.96,4,5,2021,19,0
2021-05-15,Groceries,362.0,185.37,0,73.26,5,5,2021,19,0
2021-05-16,Groceries,385.0,185.37,0,76.12,6,5,2021,19,0
2021-05-17,Groceries,274.0,185.37,0,77.94,0,5,2021,20,0
2021-05-18,Groceries,276.0,185.37,0,86.58,1,5,2021,20,0
2021-05-19,Groceries,237.0,185.37,0,79.91,2,5,2021,20,0
2021-05-20,Groceries,248.0,185.37,0,72.16,3,5,2021,20,0
2021-05-21,Groceries,350.0,185.37,0,72.57,4,5,2021,20,0
2021-05-22,Groceries,357.0,185.37,0,82.56,5,5,2021,20,0
2021-05-23,Groceries,331.0,185.37,0,80.78,6,5,2021,20,0
2021-05-24,Groceries,252.0,185.37,0,74.75,0,5,2021,21,0
2021-05-25,Groceries,246.0,185.37,0,71.85,1,5,2021,21,0
2021-05-26,Groceries,242.0,185.37,0,79.14,2,5,2021,21,0
2021-05-27,Groceries,244.0,185.37,0,67.98,3,5,2021,21,0
2021-05-28,Groceries,273.0,185.37,0,74.34,4,5,2021,21,0
2021-05-29,Groceries,349.0,185.37,0,83.17,5,5,2021,21,0
2021-05-30,Groceries,332.0,185.37,0,72.26,6,5,2021,21,0
2021-05-31,Groceries,289.0,185.37,0,66.76,0,5,2021,22,0
2021-06-01,Groceries,266.0,185.37,0,72.1,1,6,2021,22,0
2021-06-02,Groceries,262.0,185.37,0,67.1,2,6,2021,22,0
2021-06-03,Groceries,255.0,185.37,0,61.88,3,6,2021,22,0
2021-06-04,Groceries,307.0,185.37,0,71.74,4,6,2021,22,0
2021-06-05,Groceries,364.0,185.37,0,73.21,5,6,2021,22,0
2021-06-06,Groceries,368.0,185.37,0,65.45,6,6,2021,22,0
2021-06-07,Groceries,264.0,185.37,0,64.49,0,6,2021,23,0
2021-06-08,Groceries,282.0,185.37,0,60.94,1,6,2021,23,0
2021-06-09,Groceries,257.0,185.37,0,64.36,2,6,2021,23,0
2021-06-10,Groceries,289.0,185.37,0,61.66,3,6,2021,23,0
2021-06-11,Groceries,298.0,185.37,0,58.77,4,6,2021,23,0
2021-06-12,Groceries,303.0,185.37,0,72.64,5,6,2021,23,0
2021-06-13,Groceries,356.0,185.37,0,64.86,6,6,2021,23,0
2021-06-14,Groceries,281.0,185.37,0,64.73,0,6,2021,24,0
2021-06-15,Groceries,272.0,185.37,0,65.63,1,6,2021,24,0
2021-06-16,Groceries,449.0,153.8,1,64.4,2,6,2021,24,0
2021-06-17,Groceries,446.0,153.8,1,57.82,3,6,2021,24,0
2021-06-18,Groceries,490.0,153.8,1,60.57,4,6,2021,24,0
2021-06-19,Groceries,625.0,153.8,1,57.2,5,6,2021,24,0
2021-06-20,Groceries,609.0,153.8,1,60.06,6,6,2021,24,0
2021-06-21,Groceries,254.0,185.37,0,58.9,0,6,2021,25,0
2021-06-22,Groceries,283.0,185.37,0,54.6,1,6,2021,25,0
2021-06-23,Groceries,239.0,185.37,0,49.19,2,6,2021,25,0
2021-06-24,Groceries,259.0,185.37,0,55.88,3,6,2021,25,0
2021-06-25,Groceries,351.0,185.37,0,53.45,4,6,2021,25,0
2021-06-26,Groceries,379.0,185.37,0,44.33,5,6,2021,25,0
2021-06-27,Groceries,339.0,185.37,0,55.63,6,6,2021,25,0
2021-06-28,Groceries,272.0,185.37,0,57.24,0,6,2021,26,0
2021-06-29,Groceries,263.0,185.37,0,64.36,1,6,2021,26,0
2021-06-30,Groceries,201.0,185.37,0,49.08,2,6,2021,26,0
2021-07-01,Groceries,252.0,185.37,0,47.65,3,7,2021,26,0
2021-07-02,Groceries,309.0,185.37,0,44.11,4,7,2021,26,0
2021-07-03,Groceries,344.0,185.37,0,50.01,5,7,2021,26,0
2021-07-04,Groceries,498.0,185.37,0,49.29,6,7,2021,26,1
2021-07-05,Groceries,290.0,185.37,0,43.53,0,7,2021,27,0
2021-07-06,Groceries,253.0,185.37,0,46.03,1,7,2021,27,0
2021-07-07,Groceries,235.0,185.37,0,36.33,2,7,2021,27,0
2021-07-08,Groceries,279.0,185.37,0,50.17,3,7,2021,27,0
2021-07-09,Groceries,302.0,185.37,0,41.0,4,7,2021,27,0
2021-07-10,Groceries,350.0,185.37,0,43.99,5,7,2021,27,0
2021-07-11,Groceries,341.0,185.37,0,36.35,6,7,2021,27,0
2021-07-12,Groceries,314.0,185.37,0,39.9,0,7,2021,28,0
2021-07-13,Groceries,213.0,185.37,0,40.74,1,7,2021,28,0
2021-07-14,Groceries,249.0,185.37,0,41.4,2,7,2021,28,0
2021-07-15,Groceries,272.0,185.37,0,43.19,3,7,2021,28,0
2021-07-16,Groceries,291.0,185.37,0,47.31,4,7,2021,28,0
2021-07-17,Groceries,380.0,185.37,0,43.12,5,7,2021,28,0
2021-07-18,Groceries,371.0,185.37,0,43.6,6,7,2021,28,0
2021-07-19,Groceries,265.0,185.37,0,45.36,0,7,2021,29,0
2021-07-20,Groceries,1016.0,185.37,0,40.32,1,7,2021,29,0
2021-07-21,Groceries,255.0,185.37,0,36.64,2,7,2021,29,0
2021-07-22,Groceries,270.0,185.37,0,41.22,3,7,2021,29,0
2021-07-23,Groceries,308.0,185.37,0,40.9,4,7,2021,29,0
2021-07-24,Groceries,349.0,185.37,0,38.13,5,7,2021,29,0
2021-07-25,Groceries,356.0,185.37,0,26.98,6,7,2021,29,0
2021-07-26,Groceries,282.0,185.37,0,29.42,0,7,2021,30,0
2021-07-27,Groceries,235.0,185.37,0,31.63,1,7,2021,30,0
2021-07-28,Groceries,236.0,185.37,0,36.28,2,7,2021,30,0
2021-07-29,Groceries,234.0,185.37,0,31.66,3,7,2021,30,0
2021-07-30,Groceries,332.0,185.37,0,36.84,4,7,2021,30,0
2021-07-31,Groceries,362.0,185.37,0,37.13,5,7,2021,30,0
2021-08-01,Groceries,363.0,185.37,0,35.95,6,8,2021,30,0
2021-08-02,Groceries,236.0,185.37,0,35.39,0,8,2021,31,0
2021-08-03,Groceries,297.0,185.37,0,23.59,1,8,2021,31,0
2021-08-04,Groceries,245.0,185.37,0,30.6,2,8,2021,31,0
2021-08-05,Groceries,276.0,185.37,0,24.58,3,8,2021,31,0
2021-08-06,Groceries,332.0,185.37,0,18.8,4,8,2021,31,0
2021-08-07,Groceries,327.0,185.37,0,25.05,5,8,2021,31,0
2021-08-08,Groceries,334.0,185.37,0,32.56,6,8,2021,31,0
2021-08-09,Groceries,270.0,185.37,0,27.69,0,8,2021,32,0
2021-08-10,Groceries,320.0,185.37,0,34.94,1,8,2021,32,0
2021-08-11,Groceries,263.0,185.37,0,25.2,2,8,2021,32,0
2021-08-12,Groceries,307.0,185.37,0,36.03,3,8,2021,32,0
2021-08-13,Groceries,341.0,185.37,0,24.17,4,8,2021,32,0
2021-08-14,Groceries,365.0,185.37,0,22.88,5,8,2021,32,0
2021-08-15,Groceries,321.0,185.37,0,15.87,6,8,2021,32,0
2021-08-16,Groceries,289.0,185.37,0,27.33,0,8,2021,33,0
2021-08-17,Groceries,229.0,185.37,0,18.78,1,8,2021,33,0
2021-08-18,Groceries,290.0,185.37,0,17.58,2,8,2021,33,0
2021-08-19,Groceries,276.0,185.37,0,26.76,3,8,2021,33,0
2021-08-20,Groceries,245.0,185.37,0,25.68,4,8,2021,33,0
2021-08-21,Groceries,345.0,185.37,0,25.1,5,8,2021,33,0
2021-08-22,Groceries,367.0,185.37,0,17.19,6,8,2021,33,0
2021-08-23,Groceries,261.0,185.37,0,18.32,0,8,2021,34,0
2021-08-24,Groceries,439.0,161.25,1,17.85,1,8,2021,34,0
2021-08-25,Groceries,383.0,161.25,1,21.65,2,8,2021,34,0
2021-08-26,Groceries,389.0,161.25,1,25.11,3,8,2021,34,0
2021-08-27,Groceries,309.0,185.37,0,18.79,4,8,2021,34,0
2021-08-28,Groceries,356.0,185.37,0,26.44,5,8,2021,34,0
2021-08-29,Groceries,339.0,185.37,0,20.68,6,8,2021,34,0
2021-08-30,Groceries,292.0,185.37,0,14.65,0,8,2021,35,0
2021-08-31,Groceries,243.0,185.37,0,19.62,1,8,2021,35,0
2021-09-01,Groceries,264.0,185.37,0,23.66,2,9,2021,35,0
2021-09-02,Groceries,,185.37,0,24.79,3,9,2021,35,0
2021-09-03,Groceries,272.0,185.37,0,20.41,4,9,2021,35,0
2021-09-04,Groceries,318.0,185.37,0,14.29,5,9,2021,35,0
2021-09-05,Groceries,350.0,185.37,0,12.78,6,9,2021,35,0
2021-09-06,Groceries,309.0,185.37,0,16.46,0,9,2021,36,0
2021-09-07,Groceries,273.0,185.37,0,21.67,1,9,2021,36,0
2021-09-08,Groceries,222.0,185.37,0,15.2,2,9,2021,36,0
2021-09-09,Groceries,205.0,185.37,0,15.04,3,9,2021,36,0
2021-09-10,Groceries,329.0,185.37,0,12.78,4,9,2021,36,0
2021-09-11,Groceries,352.0,185.37,0,10.65,5,9,2021,36,0
2021-09-12,Groceries,381.0,185.37,0,11.25,6,9,2021,36,0
2021-09-13,Groceries,248.0,185.37,0,12.53,0,9,2021,37,0
2021-09-14,Groceries,268.0,185.37,0,20.24,1,9,2021,37,0
2021-09-15,Groceries,275.0,185.37,0,10.26,2,9,2021,37,0
2021-09-16,Groceries,263.0,185.37,0,11.55,3,9,2021,37,0
2021-09-17,Groceries,300.0,185.37,0,6.79,4,9,2021,37,0
2021-09-18,Groceries,356.0,185.37,0,14.54,5,9,2021,37,0
2021-09-19,Groceries,365.0,185.37,0,17.65,6,9,2021,37,0
2021-09-20,Groceries,266.0,185.37,0,18.81,0,9,2021,38,0
2021-09-21,Groceries,281.0,185.37,0,11.58,1,9,2021,38,0
2021-09-22,Groceries,,185.37,0,13.32,2,9,2021,38,0
2021-09-23,Groceries,243.0,185.37,0,9.59,3,9,2021,38,0
2021-09-24,Groceries,360.0,185.37,0,12.91,4,9,2021,38,0
2021-09-25,Groceries,338.0,185.37,0,11.77,5,9,2021,38,0
2021-09-26,Groceries,334.0,185.37,0,10.42,6,9,2021,38,0
2021-09-27,Groceries,265.0,185.37,0,10.77,0,9,2021,39,0
2021-09-28,Groceries,262.0,185.37,0,12.3,1,9,2021,39,0
2021-09-29,Groceries,250.0,185.37,0,8.55,2,9,2021,39,0
2021-09-30,Groceries,272.0,185.37,0,8.79,3,9,2021,39,0
2021-10-01,Groceries,310.0,185.37,0,18.54,4,10,2021,39,0
2021-10-02,Groceries,360.0,185.37,0,23.56,5,10,2021,39,0
2021-10-03,Groceries,284.0,185.37,0,4.01,6,10,2021,39,0
2021-10-04,Groceries,307.0,185.37,0,3.77,0,10,2021,40,0
2021-10-05,Groceries,258.0,185.37,0,5.32,1,10,2021,40,0
2021-10-06,Groceries,270.0,185.37,0,9.65,2,10,2021,40,0
2021-10-07,Groceries,242.0,185.37,0,14.71,3,10,2021,40,0
2021-10-08,Groceries,299.0,185.37,0,13.27,4,10,2021,40,0
2021-10-09,Groceries,336.0,185.37,0,11.26,5,10,2021,40,0
2021-10-10,Groceries,391.0,185.37,0,13.15,6,10,2021,40,0
2021-10-11,Groceries,254.0,185.37,0,7.16,0,10,2021,41,0
2021-10-12,Groceries,277.0,185.37,0,9.53,1,10,2021,41,0
2021-10-13,Groceries,244.0,185.37,0,10.79,2,10,2021,41,0
2021-10-14,Groceries,263.0,185.37,0,3.11,3,10,2021,41,0
2021-10-15,Groceries,305.0,185.37,0,5.39,4,10,2021,41,0
2021-10-16,Groceries,392.0,185.37,0,5.76,5,10,2021,41,0
2021-10-17,Groceries,297.0,185.37,0,15.38,6,10,2021,41,0
2021-10-18,Groceries,239.0,185.37,0,12.98,0,10,2021,42,0
2021-10-19,Groceries,220.0,185.37,0,15.01,1,10,2021,42,0
2021-10-20,Groceries,235.0,185.37,0,2.98,2,10,2021,42,0
2021-10-21,Groceries,255.0,185.37,0,4.99,3,10,2021,42,0
2021-10-22,Groceries,271.0,185.37,0,15.96,4,10,2021,42,0
2021-10-23,Groceries,335.0,185.37,0,-1.0,5,10,2021,42,0
2021-10-24,Groceries,293.0,185.37,0,19.28,6,10,2021,42,0
2021-10-25,Groceries,245.0,185.37,0,4.32,0,10,2021,43,0
2021-10-26,Groceries,286.0,185.37,0,17.94,1,10,2021,43,0
2021-10-27,Groceries,266.0,185.37,0,9.57,2,10,2021,43,0
2021-10-28,Groceries,277.0,185.37,0,19.57,3,10,2021,43,0
2021-10-29,Groceries,286.0,185.37,0,30.68,4,10,2021,43,0
2021-10-30,Groceries,312.0,185.37,0,3.6,5,10,2021,43,0
2021-10-31,Groceries,477.0,185.37,0,18.78,6,10,2021,43,1
2021-11-01,Groceries,266.0,185.37,0,6.61,0,11,2021,44,0
2021-11-02,Groceries,279.0,185.37,0,18.14,1,11,2021,44,0
2021-11-03,Groceries,277.0,185.37,0,15.34,2,11,2021,44,0
2021-11-04,Groceries,286.0,185.37,0,17.4,3,11,2021,44,0
2021-11-05,Groceries,293.0,185.37,0,12.58,4,11,2021,44,0
2021-11-06,Groceries,356.0,185.37,0,21.44,5,11,2021,44,0
2021-11-07,Groceries,341.0,185.37,0,10.7,6,11,2021,44,0
2021-11-08,Groceries,263.0,185.37,0,24.57,0,11,2021,45,0
2021-11-09,Groceries,303.0,185.37,0,16.74,1,11,2021,45,0
2021-11-10,Groceries,222.0,185.37,0,12.21,2,11,2021,45,0
2021-11-11,Groceries,268.0,185.37,0,27.64,3,11,2021,45,0
2021-11-12,Groceries,341.0,185.37,0,19.78,4,11,2021,45,0
2021-11-13,Groceries,314.0,185.37,0,30.12,5,11,2021,45,0
2021-11-14,Groceries,332.0,185.37,0,27.16,6,11,2021,45,0
2021-11-15,Groceries,256.0,185.37,0,17.54,0,11,2021,46,0
2021-11-16,Groceries,256.0,185.37,0,21.6,1,11,2021,46,0
2021-11-17,Groceries,225.0,185.37,0,23.12,2,11,2021,46,0
2021-11-18,Groceries,286.0,185.37,0,30.65,3,11,2021,46,0
2021-11-19,Groceries,328.0,185.37,0,25.72,4,11,2021,46,0
2021-11-20,Groceries,370.0,185.37,0,24.94,5,11,2021,46,0
2021-11-21,Groceries,326.0,185.37,0,23.58,6,11,2021,46,0
2021-11-22,Groceries,269.0,185.37,0,24.87,0,11,2021,47,0
2021-11-23,Groceries,242.0,185.37,0,32.18,1,11,2021,47,0
2021-11-24,Groceries,251.0,185.37,0,26.23,2,11,2021,47,0
2021-11-25,Groceries,704.0,185.37,0,24.79,3,11,2021,47,1
2021-11-26,Groceries,941.0,185.37,0,24.51,4,11,2021,47,1
2021-11-27,Groceries,322.0,185.37,0,25.13,5,11,2021,47,0
2021-11-28,Groceries,355.0,185.37,0,21.47,6,11,2021,47,0
2021-11-29,Groceries,238.0,185.37,0,25.31,0,11,2021,48,0
2021-11-30,Groceries,236.0,185.37,0,37.15,1,11,2021,48,0
2021-12-01,Groceries,237.0,185.37,0,29.22,2,12,2021,48,0
2021-12-02,Groceries,263.0,185.37,0,34.37,3,12,2021,48,0
2021-12-03,Groceries,335.0,185.37,0,19.06,4,12,2021,48,0
2021-12-04,Groceries,372.0,185.37,0,34.91,5,12,2021,48,0
2021-12-05,Groceries,365.0,185.37,0,31.88,6,12,2021,48,0
2021-12-06,Groceries,244.0,185.37,0,30.91,0,12,2021,49,0
2021-12-07,Groceries,250.0,185.37,0,34.85,1,12,2021,49,0
2021-12-08,Groceries,264.0,185.37,0,32.09,2,12,2021,49,0
2021-12-09,Groceries,259.0,185.37,0,24.59,3,12,2021,49,0
2021-12-10,Groceries,305.0,185.37,0,40.46,4,12,2021,49,0
2021-12-11,Groceries,369.0,185.37,0,37.71,5,12,2021,49,0
2021-12-12,Groceries,340.0,185.37,0,35.58,6,12,2021,49,0
2021-12-13,Groceries,426.0,163.81,1,32.97,0,12,2021,50,0
2021-12-14,Groceries,461.0,163.81,1,31.11,1,12,2021,50,0
2021-12-15,Groceries,399.0,163.81,1,40.24,2,12,2021,50,0
2021-12-16,Groceries,468.0,163.81,1,47.85,3,12,2021,50,0
2021-12-17,Groceries,510.0,163.81,1,41.47,4,12,2021,50,0
2021-12-18,Groceries,,185.37,0,34.21,5,12,2021,50,0
2021-12-19,Groceries,319.0,185.37,0,42.92,6,12,2021,50,0
2021-12-20,Groceries,249.0,185.37,0,42.2,0,12,2021,51,0
2021-12-21,Groceries,243.0,185.37,0,47.47,1,12,2021,51,0
2021-12-22,Groceries,256.0,185.37,0,46.86,2,12,2021,51,0
2021-12-23,Groceries,287.0,185.37,0,29.58,3,12,2021,51,0
2021-12-24,Groceries,343.0,185.37,0,47.92,4,12,2021,51,0
2021-12-25,Groceries,912.0,185.37,0,40.86,5,12,2021,51,1
2021-12-26,Groceries,608.0,185.37,0,39.45,6,12,2021,51,1
2021-12-27,Groceries,223.0,185.37,0,46.31,0,12,2021,52,0
2021-12-28,Groceries,263.0,185.37,0,49.99,1,12,2021,52,0
2021-12-29,Groceries,259.0,185.37,0,40.42,2,12,2021,52,0
2021-12-30,Groceries,277.0,185.37,0,52.83,3,12,2021,52,0
2021-12-31,Groceries,583.0,185.37,0,53.82,4,12,2021,52,1
2022-01-01,Groceries,705.0,185.37,0,50.92,5,1,2022,52,1
2022-01-02,Groceries,372.0,185.37,0,47.04,6,1,2022,52,0
2022-01-03,Groceries,247.0,185.37,0,47.17,0,1,2022,1,0
2022-01-04,Groceries,251.0,185.37,0,57.88,1,1,2022,1,0
2022-01-05,Groceries,256.0,185.37,0,45.88,2,1,2022,1,0
2022-01-06,Groceries,256.0,185.37,0,59.45,3,1,2022,1,0
2022-01-07,Groceries,324.0,185.37,0,53.98,4,1,2022,1,0
2022-01-08,Groceries,367.0,185.37,0,55.01,5,1,2022,1,0
2022-01-09,Groceries,320.0,185.37,0,47.63,6,1,2022,1,0
2022-01-10,Groceries,293.0,185.37,0,56.12,0,1,2022,2,0
2022-01-11,Groceries,263.0,185.37,0,60.6,1,1,2022,2,0
2022-01-12,Groceries,223.0,185.37,0,51.52,2,1,2022,2,0
2022-01-13,Groceries,272.0,185.37,0,61.37,3,1,2022,2,0
2022-01-14,Groceries,319.0,185.37,0,59.99,4,1,2022,2,0
2022-01-15,Groceries,384.0,185.37,0,57.0,5,1,2022,2,0
2022-01-16,Groceries,341.0,185.37,0,65.15,6,1,2022,2,0
2022-01-17,Groceries,285.0,185.37,0,50.53,0,1,2022,3,0
2022-01-18,Groceries,265.0,185.37,0,63.93,1,1,2022,3,0
2022-01-19,Groceries,231.0,185.37,0,70.95,2,1,2022,3,0
2022-01-20,Groceries,242.0,185.37,0,70.7,3,1,2022,3,0
2022-01-21,Groceries,340.0,185.37,0,66.1,4,1,2022,3,0
2022-01-22,Groceries,391.0,185.37,0,63.28,5,1,2022,3,0
2022-01-23,Groceries,360.0,185.37,0,62.25,6,1,2022,3,0
2022-01-24,Groceries,299.0,185.37,0,64.54,0,1,2022,4,0
2022-01-25,Groceries,284.0,185.37,0,69.41,1,1,2022,4,0
2022-01-26,Groceries,273.0,185.37,0,63.27,2,1,2022,4,0
2022-01-27,Groceries,253.0,185.37,0,71.72,3,1,2022,4,0
2022-01-28,Groceries,637.0,146.34,1,79.21,4,1,2022,4,0
2022-01-29,Groceries,919.0,111.98,1,68.84,5,1,2022,4,0
2022-01-30,Groceries,840.0,111.98,1,63.03,6,1,2022,4,0
2022-01-31,Groceries,626.0,111.98,1,63.62,0,1,2022,5,0
2022-02-01,Groceries,497.0,141.84,1,74.82,1,2,2022,5,0
2022-02-02,Groceries,224.0,185.37,0,71.22,2,2,2022,5,0
2022-02-03,Groceries,,185.37,0,76.48,3,2,2022,5,0
2022-02-04,Groceries,288.0,185.37,0,70.0,4,2,2022,5,0
2022-02-05,Groceries,367.0,185.37,0,77.39,5,2,2022,5,0
2022-02-06,Groceries,336.0,185.37,0,73.0,6,2,2022,5,0
2022-02-07,Groceries,262.0,185.37,0,70.68,0,2,2022,6,0
2022-02-08,Groceries,246.0,185.37,0,72.88,1,2,2022,6,0
2022-02-09,Groceries,255.0,185.37,0,69.43,2,2,2022,6,0
2022-02-10,Groceries,315.0,185.37,0,85.89,3,2,2022,6,0
2022-02-11,Groceries,347.0,185.37,0,75.98,4,2,2022,6,0
2022-02-12,Groceries,367.0,185.37,0,80.2,5,2,2022,6,0
2022-02-13,Groceries,350.0,185.37,0,74.8,6,2,2022,6,0
2022-02-14,Groceries,457.0,185.37,0,72.72,0,2,2022,7,1
2022-02-15,Groceries,285.0,185.37,0,77.3,1,2,2022,7,0
2022-02-16,Groceries,241.0,185.37,0,84.45,2,2,2022,7,0
2022-02-17,Groceries,272.0,185.37,0,76.81,3,2,2022,7,0
2022-02-18,Groceries,267.0,185.37,0,75.53,4,2,2022,7,0
2022-02-19,Groceries,389.0,185.37,0,81.11,5,2,2022,7,0
2022-02-20,Groceries,409.0,185.37,0,83.27,6,2,2022,7,0
2022-02-21,Groceries,269.0,185.37,0,89.43,0,2,2022,8,0
2022-02-22,Groceries,217.0,185.37,0,83.41,1,2,2022,8,0
2022-02-23,Groceries,271.0,185.37,0,85.27,2,2,2022,8,0
2022-02-24,Groceries,254.0,185.37,0,86.06,3,2,2022,8,0
2022-02-25,Groceries,296.0,185.37,0,77.09,4,2,2022,8,0
2022-02-26,Groceries,375.0,185.37,0,78.43,5,2,2022,8,0
2022-02-27,Groceries,358.0,185.37,0,78.21,6,2,2022,8,0
2022-02-28,Groceries,257.0,185.37,0,77.33,0,2,2022,9,0
2022-03-01,Groceries,248.0,185.37,0,88.33,1,3,2022,9,0
2022-03-02,Groceries,261.0,185.37,0,86.15,2,3,2022,9,0
2022-03-03,Groceries,265.0,185.37,0,85.43,3,3,2022,9,0
2022-03-04,Groceries,285.0,185.37,0,72.4,4,3,2022,9,0
2022-03-05,Groceries,347.0,185.37,0,95.96,5,3,2022,9,0
2022-03-06,Groceries,360.0,185.37,0,81.51,6,3,2022,9,0
2022-03-07,Groceries,264.0,185.37,0,96.54,0,3,2022,10,0
2022-03-08,Groceries,232.0,185.37,0,79.32,1,3,2022,10,0
2022-03-09,Groceries,279.0,185.37,0,82.78,2,3,2022,10,0
2022-03-10,Groceries,214.0,185.37,0,76.09,3,3,2022,10,0
2022-03-11,Groceries,301.0,185.37,0,89.16,4,3,2022,10,0
2022-03-12,Groceries,339.0,185.37,0,82.09,5,3,2022,10,0
2022-03-13,Groceries,355.0,185.37,0,82.46,6,3,2022,10,0
2022-03-14,Groceries,280.0,185.37,0,81.18,0,3,2022,11,0
2022-03-15,Groceries,285.0,185.37,0,92.14,1,3,2022,11,0
2022-03-16,Groceries,244.0,185.37,0,92.0,2,3,2022,11,0
2022-03-17,Groceries,287.0,185.37,0,97.69,3,3,2022,11,0
2022-03-18,Groceries,317.0,185.37,0,85.37,4,3,2022,11,0
2022-03-19,Groceries,308.0,185.37,0,90.06,5,3,2022,11,0
2022-03-20,Groceries,404.0,185.37,0,82.67,6,3,2022,11,0
2022-03-21,Groceries,237.0,185.37,0,87.58,0,3,2022,12,0
2022-03-22,Groceries,271.0,185.37,0,86.78,1,3,2022,12,0
2022-03-23,Groceries,267.0,185.37,0,91.82,2,3,2022,12,0
2022-03-24,Groceries,280.0,185.37,0,94.68,3,3,2022,12,0
2022-03-25,Groceries,300.0,185.37,0,94.64,4,3,2022,12,0
2022-03-26,Groceries,381.0,185.37,0,85.55,5,3,2022,12,0
2022-03-27,Groceries,307.0,185.37,0,94.83,6,3,2022,12,0
2022-03-28,Groceries,266.0,185.37,0,89.67,0,3,2022,13,0
2022-03-29,Groceries,250.0,185.37,0,88.31,1,3,2022,13,0
2022-03-30,Groceries,245.0,185.37,0,86.43,2,3,2022,13,0
2022-03-31,Groceries,283.0,185.37,0,87.19,3,3,2022,13,0
2022-04-01,Groceries,339.0,185.37,0,98.71,4,4,2022,13,0
2022-04-02,Groceries,347.0,185.37,0,91.53,5,4,2022,13,0
2022-04-03,Groceries,373.0,185.37,0,90.85,6,4,2022,13,0
2022-04-04,Groceries,269.0,185.37,0,88.64,0,4,2022,14,0
2022-04-05,Groceries,243.0,185.37,0,102.15,1,4,2022,14,0
2022-04-06,Groceries,254.0,185.37,0,96.39,2,4,2022,14,0
2022-04-07,Groceries,267.0,185.37,0,86.2,3,4,2022,14,0
2022-04-08,Groceries,295.0,185.37,0,88.36,4,4,2022,14,0
2022-04-09,Groceries,369.0,185.37,0,88.57,5,4,2022,14,0
2022-04-10,Groceries,358.0,185.37,0,90.28,6,4,2022,14,0
2022-04-11,Groceries,234.0,185.37,0,85.93,0,4,2022,15,0
2022-04-12,Groceries,227.0,185.37,0,91.51,1,4,2022,15,0
2022-04-13,Groceries,268.0,185.37,0,96.44,2,4,2022,15,0
2022-04-14,Groceries,256.0,185.37,0,82.47,3,4,2022,15,0
2022-04-15,Groceries,320.0,185.37,0,83.24,4,4,2022,15,0
2022-04-16,Groceries,380.0,185.37,0,86.3,5,4,2022,15,0
2022-04-17,Groceries,316.0,185.37,0,86.35,6,4,2022,15,0
2022-04-18,Groceries,238.0,185.37,0,98.34,0,4,2022,16,0
2022-04-19,Groceries,297.0,185.37,0,93.16,1,4,2022,16,0
2022-04-20,Groceries,266.0,185.37,0,92.66,2,4,2022,16,0
2022-04-21,Groceries,265.0,185.37,0,86.39,3,4,2022,16,0
2022-04-22,Groceries,289.0,185.37,0,86.04,4,4,2022,16,0
2022-04-23,Groceries,343.0,185.37,0,79.97,5,4,2022,16,0
2022-04-24,Groceries,318.0,185.37,0,90.88,6,4,2022,16,0
2022-04-25,Groceries,287.0,185.37,0,89.16,0,4,2022,17,0
2022-04-26,Groceries,246.0,185.37,0,92.85,1,4,2022,17,0
2022-04-27,Groceries,282.0,185.37,0,85.08,2,4,2022,17,0
2022-04-28,Groceries,265.0,185.37,0,85.12,3,4,2022,17,0
2022-04-29,Groceries,287.0,185.37,0,86.37,4,4,2022,17,0
2022-04-30,Groceries,345.0,185.37,0,89.66,5,4,2022,17,0
2022-05-01,Groceries,278.0,185.37,0,77.52,6,5,2022,17,0
2022-05-02,Groceries,266.0,185.37,0,88.21,0,5,2022,18,0
2022-05-03,Groceries,259.0,185.37,0,84.07,1,5,2022,18,0
2022-05-04,Groceries,276.0,185.37,0,78.52,2,5,2022,18,0
2022-05-05,Groceries,233.0,185.37,0,73.01,3,5,2022,18,0
2022-05-06,Groceries,342.0,185.37,0,82.37,4,5,2022,18,0
2022-05-07,Groceries,381.0,185.37,0,89.9,5,5,2022,18,0
2022-05-08,Groceries,387.0,185.37,0,90.63,6,5,2022,18,0
2022-05-09,Groceries,267.0,185.37,0,83.62,0,5,2022,19,0
2022-05-10,Groceries,283.0,185.37,0,91.24,1,5,2022,19,0
2022-05-11,Groceries,229.0,185.37,0,80.78,2,5,2022,19,0
2022-05-12,Groceries,290.0,185.37,0,85.32,3,5,2022,19,0
2022-05-13,Groceries,294.0,185.37,0,77.85,4,5,2022,19,0
2022-05-14,Groceries,310.0,185.37,0,77.08,5,5,2022,19,0
2022-05-15,Groceries,320.0,185.37,0,75.79,6,5,2022,19,0
2022-05-16,Groceries,268.0,185.37,0,68.4,0,5,2022,20,0
2022-05-17,Groceries,245.0,185.37,0,84.66,1,5,2022,20,0
2022-05-18,Groceries,267.0,185.37,0,74.52,2,5,2022,20,0
2022-05-19,Groceries,235.0,185.37,0,73.22,3,5,2022,20,0
2022-05-20,Groceries,260.0,185.37,0,70.82,4,5,2022,20,0
2022-05-21,Groceries,397.0,185.37,0,75.18,5,5,2022,20,0
2022-05-22,Groceries,377.0,185.37,0,84.5,6,5,2022,20,0
2022-05-23,Groceries,246.0,185.37,0,85.62,0,5,2022,21,0
2022-05-24,Groceries,262.0,185.37,0,66.31,1,5,2022,21,0
2022-05-25,Groceries,280.0,185.37,0,72.29,2,5,2022,21,0
2022-05-26,Groceries,283.0,185.37,0,68.34,3,5,2022,21,0
2022-05-27,Groceries,317.0,185.37,0,77.89,4,5,2022,21,0
2022-05-28,Groceries,389.0,185.37,0,73.82,5,5,2022,21,0
2022-05-29,Groceries,331.0,185.37,0,68.63,6,5,2022,21,0
2022-05-30,Groceries,269.0,185.37,0,71.59,0,5,2022,22,0
2022-05-31,Groceries,262.0,185.37,0,68.26,1,5,2022,22,0
2022-06-01,Groceries,254.0,185.37,0,78.12,2,6,2022,22,0
2022-06-02,Groceries,266.0,185.37,0,72.19,3,6,2022,22,0
2022-06-03,Groceries,315.0,185.37,0,72.2,4,6,2022,22,0
2022-06-04,Groceries,359.0,185.37,0,54.9,5,6,2022,22,0
2022-06-05,Groceries,322.0,185.37,0,67.29,6,6,2022,22,0
2022-06-06,Groceries,286.0,185.37,0,77.42,0,6,2022,23,0
2022-06-07,Groceries,242.0,185.37,0,73.0,1,6,2022,23,0
2022-06-08,Groceries,255.0,185.37,0,56.51,2,6,2022,23,0
2022-06-09,Groceries,268.0,185.37,0,63.54,3,6,2022,23,0
2022-06-10,Groceries,322.0,185.37,0,58.46,4,6,2022,23,0
2022-06-11,Groceries,297.0,185.37,0,72.38,5,6,2022,23,0
2022-06-12,Groceries,377.0,185.37,0,64.4,6,6,2022,23,0
2022-06-13,Groceries,254.0,185.37,0,58.69,0,6,2022,24,0
2022-06-14,Groceries,288.0,185.37,0,62.04,1,6,2022,24,0
2022-06-15,Groceries,250.0,185.37,0,48.17,2,6,2022,24,0
2022-06-16,Groceries,273.0,185.37,0,55.12,3,6,2022,24,0
2022-06-17,Groceries,361.0,185.37,0,60.06,4,6,2022,24,0
2022-06-18,Groceries,350.0,185.37,0,63.44,5,6,2022,24,0
2022-06-19,Groceries,387.0,185.37,0,48.83,6,6,2022,24,0
2022-06-20,Groceries,269.0,185.37,0,55.96,0,6,2022,25,0
2022-06-21,Groceries,271.0,185.37,0,62.24,1,6,2022,25,0
2022-06-22,Groceries,261.0,185.37,0,49.26,2,6,2022,25,0
2022-06-23,Groceries,293.0,185.37,0,56.98,3,6,2022,25,0
2022-06-24,Groceries,296.0,185.37,0,55.48,4,6,2022,25,0
2022-06-25,Groceries,330.0,185.37,0,63.04,5,6,2022,25,0
2022-06-26,Groceries,334.0,185.37,0,52.63,6,6,2022,25,0
2022-06-27,Groceries,271.0,185.37,0,52.24,0,6,2022,26,0
2022-06-28,Groceries,258.0,185.37,0,56.68,1,6,2022,26,0
2022-06-29,Groceries,274.0,185.37,0,45.09,2,6,2022,26,0
2022-06-30,Groceries,303.0,185.37,0,49.93,3,6,2022,26,0
2022-07-01,Groceries,289.0,185.37,0,48.07,4,7,2022,26,0
2022-07-02,Groceries,337.0,185.37,0,48.96,5,7,2022,26,0
2022-07-03,Groceries,312.0,185.37,0,53.21,6,7,2022,26,0
2022-07-04,Groceries,437.0,185.37,0,51.05,0,7,2022,27,1
2022-07-05,Groceries,269.0,185.37,0,43.85,1,7,2022,27,0
2022-07-06,Groceries,270.0,185.37,0,47.59,2,7,2022,27,0
2022-07-07,Groceries,245.0,185.37,0,53.67,3,7,2022,27,0
2022-07-08,Groceries,313.0,185.37,0,41.38,4,7,2022,27,0
2022-07-09,Groceries,373.0,185.37,0,45.58,5,7,2022,27,0
2022-07-10,Groceries,345.0,185.37,0,43.2,6,7,2022,27,0
2022-07-11,Groceries,292.0,185.37,0,43.17,0,7,2022,28,0
2022-07-12,Groceries,311.0,185.37,0,34.66,1,7,2022,28,0
2022-07-13,Groceries,240.0,185.37,0,49.19,2,7,2022,28,0
2022-07-14,Groceries,252.0,185.37,0,37.59,3,7,2022,28,0
2022-07-15,Groceries,291.0,185.37,0,45.92,4,7,2022,28,0
2022-07-16,Groceries,404.0,185.37,0,37.01,5,7,2022,28,0
2022-07-17,Groceries,382.0,185.37,0,36.33,6,7,2022,28,0
2022-07-18,Groceries,266.0,185.37,0,44.86,0,7,2022,29,0
2022-07-19,Groceries,263.0,185.37,0,43.1,1,7,2022,29,0
2022-07-20,Groceries,243.0,185.37,0,38.52,2,7,2022,29,0
2022-07-21,Groceries,294.0,185.37,0,40.63,3,7,2022,29,0
2022-07-22,Groceries,304.0,185.37,0,34.73,4,7,2022,29,0
2022-07-23,Groceries,351.0,185.37,0,35.49,5,7,2022,29,0
2022-07-24,Groceries,369.0,185.37,0,31.58,6,7,2022,29,0
2022-07-25,Groceries,265.0,185.37,0,38.78,0,7,2022,30,0
2022-07-26,Groceries,258.0,185.37,0,30.16,1,7,2022,30,0
2022-07-27,Groceries,260.0,185.37,0,40.43,2,7,2022,30,0
2022-07-28,Groceries,292.0,185.37,0,30.8,3,7,2022,30,0
2022-07-29,Groceries,,185.37,0,31.87,4,7,2022,30,0
2022-07-30,Groceries,375.0,185.37,0,34.95,5,7,2022,30,0
2022-07-31,Groceries,375.0,185.37,0,30.67,6,7,2022,30,0
2022-08-01,Groceries,264.0,185.37,0,28.46,0,8,2022,31,0
2022-08-02,Groceries,248.0,185.37,0,29.21,1,8,2022,31,0
2022-08-03,Groceries,273.0,185.37,0,33.24,2,8,2022,31,0
2022-08-04,Groceries,279.0,185.37,0,24.88,3,8,2022,31,0
2022-08-05,Groceries,278.0,185.37,0,26.99,4,8,2022,31,0
2022-08-06,Groceries,349.0,185.37,0,27.1,5,8,2022,31,0
2022-08-07,Groceries,350.0,185.37,0,30.81,6,8,2022,31,0
2022-08-08,Groceries,258.0,185.37,0,25.44,0,8,2022,32,0
2022-08-09,Groceries,294.0,185.37,0,34.43,1,8,2022,32,0
2022-08-10,Groceries,270.0,185.37,0,24.07,2,8,2022,32,0
2022-08-11,Groceries,305.0,185.37,0,23.13,3,8,2022,32,0
2022-08-12,Groceries,320.0,185.37,0,22.94,4,8,2022,32,0
2022-08-13,Groceries,361.0,185.37,0,16.69,5,8,2022,32,0
2022-08-14,Groceries,326.0,185.37,0,17.59,6,8,2022,32,0
2022-08-15,Groceries,269.0,185.37,0,19.62,0,8,2022,33,0
2022-08-16,Groceries,263.0,185.37,0,27.46,1,8,2022,33,0
2022-08-17,Groceries,231.0,185.37,0,21.13,2,8,2022,33,0
2022-08-18,Groceries,263.0,185.37,0,18.39,3,8,2022,33,0
2022-08-19,Groceries,306.0,185.37,0,26.48,4,8,2022,33,0
2022-08-20,Groceries,370.0,185.37,0,27.65,5,8,2022,33,0
2022-08-21,Groceries,366.0,185.37,0,25.72,6,8,2022,33,0
2022-08-22,Groceries,256.0,185.37,0,14.74,0,8,2022,34,0
2022-08-23,Groceries,273.0,185.37,0,16.1,1,8,2022,34,0
2022-08-24,Groceries,256.0,185.37,0,27.22,2,8,2022,34,0
2022-08-25,Groceries,212.0,185.37,0,18.95,3,8,2022,34,0
2022-08-26,Groceries,302.0,185.37,0,16.0,4,8,2022,34,0
2022-08-27,Groceries,390.0,185.37,0,20.54,5,8,2022,34,0
2022-08-28,Groceries,305.0,185.37,0,21.6,6,8,2022,34,0
2022-08-29,Groceries,271.0,185.37,0,13.33,0,8,2022,35,0
2022-08-30,Groceries,296.0,185.37,0,16.92,1,8,2022,35,0
2022-08-31,Groceries,244.0,185.37,0,20.11,2,8,2022,35,0
2022-09-01,Groceries,275.0,185.37,0,9.33,3,9,2022,35,0
2022-09-02,Groceries,281.0,185.37,0,14.86,4,9,2022,35,0
2022-09-03,Groceries,405.0,185.37,0,8.91,5,9,2022,35,0
2022-09-04,Groceries,350.0,185.37,0,9.25,6,9,2022,35,0
2022-09-05,Groceries,270.0,185.37,0,11.05,0,9,2022,36,0
2022-09-06,Groceries,292.0,185.37,0,15.96,1,9,2022,36,0
2022-09-07,Groceries,274.0,185.37,0,11.69,2,9,2022,36,0
2022-09-08,Groceries,256.0,185.37,0,9.79,3,9,2022,36,0
2022-09-09,Groceries,298.0,185.37,0,13.03,4,9,2022,36,0
2022-09-10,Groceries,373.0,185.37,0,6.79,5,9,2022,36,0
2022-09-11,Groceries,335.0,185.37,0,14.43,6,9,2022,36,0
2022-09-12,Groceries,223.0,185.37,0,17.72,0,9,2022,37,0
2022-09-13,Groceries,262.0,185.37,0,11.46,1,9,2022,37,0
2022-09-14,Groceries,229.0,185.37,0,10.64,2,9,2022,37,0
2022-09-15,Groceries,311.0,185.37,0,13.33,3,9,2022,37,0
2022-09-16,Groceries,318.0,185.37,0,1.14,4,9,2022,37,0
2022-09-17,Groceries,333.0,185.37,0,13.8,5,9,2022,37,0
2022-09-18,Groceries,333.0,185.37,0,26.47,6,9,2022,37,0
2022-09-19,Groceries,228.0,185.37,0,10.2,0,9,2022,38,0
2022-09-20,Groceries,240.0,185.37,0,10.09,1,9,2022,38,0
2022-09-21,Groceries,281.0,185.37,0,14.28,2,9,2022,38,0
2022-09-22,Groceries,324.0,185.37,0,18.68,3,9,2022,38,0
2022-09-23,Groceries,332.0,185.37,0,15.23,4,9,2022,38,0
2022-09-24,Groceries,356.0,185.37,0,-0.51,5,9,2022,38,0
2022-09-25,Groceries,341.0,185.37,0,13.01,6,9,2022,38,0
2022-09-26,Groceries,249.0,185.37,0,22.99,0,9,2022,39,0
2022-09-27,Groceries,307.0,185.37,0,13.2,1,9,2022,39,0
2022-09-28,Groceries,256.0,185.37,0,4.27,2,9,2022,39,0
2022-09-29,Groceries,322.0,185.37,0,11.43,3,9,2022,39,0
2022-09-30,Groceries,349.0,185.37,0,3.6,4,9,2022,39,0
2022-10-01,Groceries,309.0,185.37,0,16.16,5,10,2022,39,0
2022-10-02,Groceries,334.0,185.37,0,5.23,6,10,2022,39,0
2022-10-03,Groceries,255.0,185.37,0,10.4,0,10,2022,40,0
2022-10-04,Groceries,262.0,185.37,0,5.77,1,10,2022,40,0
2022-10-05,Groceries,259.0,185.37,0,7.37,2,10,2022,40,0
2022-10-06,Groceries,341.0,185.37,0,17.59,3,10,2022,40,0
2022-10-07,Groceries,287.0,185.37,0,10.75,4,10,2022,40,0
2022-10-08,Groceries,366.0,185.37,0,7.52,5,10,2022,40,0
2022-10-09,Groceries,370.0,185.37,0,4.68,6,10,2022,40,0
2022-10-10,Groceries,269.0,185.37,0,1.15,0,10,2022,41,0
2022-10-11,Groceries,266.0,185.37,0,4.36,1,10,2022,41,0
2022-10-12,Groceries,239.0,185.37,0,11.31,2,10,2022,41,0
2022-10-13,Groceries,278.0,185.37,0,15.79,3,10,2022,41,0
2022-10-14,Groceries,327.0,185.37,0,8.23,4,10,2022,41,0
2022-10-15,Groceries,368.0,185.37,0,19.05,5,10,2022,41,0
2022-10-16,Groceries,369.0,185.37,0,7.78,6,10,2022,41,0
2022-10-17,Groceries,300.0,185.37,0,10.36,0,10,2022,42,0
2022-10-18,Groceries,283.0,185.37,0,6.35,1,10,2022,42,0
2022-10-19,Groceries,262.0,185.37,0,16.91,2,10,2022,42,0
2022-10-20,Groceries,250.0,185.37,0,22.66,3,10,2022,42,0
2022-10-21,Groceries,299.0,185.37,0,3.6,4,10,2022,42,0
2022-10-22,Groceries,353.0,185.37,0,10.92,5,10,2022,42,0
2022-10-23,Groceries,360.0,185.37,0,19.22,6,10,2022,42,0
2022-10-24,Groceries,259.0,185.37,0,5.93,0,10,2022,43,0
2022-10-25,Groceries,244.0,185.37,0,16.27,1,10,2022,43,0
2022-10-26,Groceries,236.0,185.37,0,19.83,2,10,2022,43,0
2022-10-27,Groceries,239.0,185.37,0,14.41,3,10,2022,43,0
2022-10-28,Groceries,308.0,185.37,0,17.07,4,10,2022,43,0
2022-10-29,Groceries,317.0,185.37,0,23.44,5,10,2022,43,0
2022-10-30,Groceries,325.0,185.37,0,24.71,6,10,2022,43,0
2022-10-31,Groceries,391.0,185.37,0,14.99,0,10,2022,44,1
2022-11-01,Groceries,235.0,185.37,0,12.99,1,11,2022,44,0
2022-11-02,Groceries,268.0,185.37,0,11.41,2,11,2022,44,0
2022-11-03,Groceries,292.0,185.37,0,21.26,3,11,2022,44,0
2022-11-04,Groceries,301.0,185.37,0,9.89,4,11,2022,44,0
2022-11-05,Groceries,347.0,185.37,0,15.88,5,11,2022,44,0
2022-11-06,Groceries,368.0,185.37,0,18.05,6,11,2022,44,0
2022-11-07,Groceries,254.0,185.37,0,15.43,0,11,2022,45,0
2022-11-08,Groceries,247.0,185.37,0,19.76,1,11,2022,45,0
2022-11-09,Groceries,285.0,185.37,0,31.61,2,11,2022,45,0
2022-11-10,Groceries,295.0,185.37,0,18.62,3,11,2022,45,0
2022-11-11,Groceries,330.0,185.37,0,17.49,4,11,2022,45,0
2022-11-12,Groceries,386.0,185.37,0,25.2,5,11,2022,45,0
2022-11-13,Groceries,297.0,185.37,0,21.78,6,11,2022,45,0
2022-11-14,Groceries,299.0,185.37,0,28.25,0,11,2022,46,0
2022-11-15,Groceries,272.0,185.37,0,22.36,1,11,2022,46,0
2022-11-16,Groceries,282.0,185.37,0,20.78,2,11,2022,46,0
2022-11-17,Groceries,284.0,185.37,0,13.6,3,11,2022,46,0
2022-11-18,Groceries,316.0,185.37,0,14.92,4,11,2022,46,0
2022-11-19,Groceries,352.0,185.37,0,14.36,5,11,2022,46,0
2022-11-20,Groceries,364.0,185.37,0,25.95,6,11,2022,46,0
2022-11-21,Groceries,499.0,139.58,1,17.77,0,11,2022,47,0
2022-11-22,Groceries,535.0,139.58,1,31.4,1,11,2022,47,0
2022-11-23,Groceries,432.0,139.58,1,25.81,2,11,2022,47,0
2022-11-24,Groceries,1101.0,139.58,1,24.99,3,11,2022,47,1
2022-11-25,Groceries,1098.0,185.37,0,22.55,4,11,2022,47,1
2022-11-26,Groceries,341.0,185.37,0,30.44,5,11,2022,47,0
2022-11-27,Groceries,347.0,185.37,0,23.88,6,11,2022,47,0
2022-11-28,Groceries,251.0,185.37,0,23.55,0,11,2022,48,0
2022-11-29,Groceries,271.0,185.37,0,35.01,1,11,2022,48,0
2022-11-30,Groceries,245.0,185.37,0,31.43,2,11,2022,48,0
2022-12-01,Groceries,552.0,131.73,1,29.07,3,12,2022,48,0
2022-12-02,Groceries,683.0,131.73,1,34.06,4,12,2022,48,0
2022-12-03,Groceries,690.0,131.73,1,31.5,5,12,2022,48,0
2022-12-04,Groceries,765.0,131.73,1,33.99,6,12,2022,48,0
2022-12-05,Groceries,287.0,185.37,0,28.6,0,12,2022,49,0
2022-12-06,Groceries,286.0,185.37,0,43.66,1,12,2022,49,0
2022-12-07,Groceries,264.0,185.37,0,31.04,2,12,2022,49,0
2022-12-08,Groceries,347.0,185.37,0,42.35,3,12,2022,49,0
2022-12-09,Groceries,341.0,185.37,0,34.27,4,12,2022,49,0
2022-12-10,Groceries,369.0,185.37,0,39.89,5,12,2022,49,0
2022-12-11,Groceries,329.0,185.37,0,40.17,6,12,2022,49,0
2022-12-12,Groceries,268.0,185.37,0,42.88,0,12,2022,50,0
2022-12-13,Groceries,294.0,185.37,0,33.6,1,12,2022,50,0
2022-12-14,Groceries,296.0,185.37,0,43.84,2,12,2022,50,0
2022-12-15,Groceries,308.0,185.37,0,48.35,3,12,2022,50,0
2022-12-16,Groceries,334.0,185.37,0,38.49,4,12,2022,50,0
2022-12-17,Groceries,324.0,185.37,0,40.63,5,12,2022,50,0
2022-12-18,Groceries,367.0,185.37,0,38.51,6,12,2022,50,0
2022-12-19,Groceries,243.0,185.37,0,40.06,0,12,2022,51,0
2022-12-20,Groceries,232.0,185.37,0,51.03,1,12,2022,51,0
2022-12-21,Groceries,266.0,185.37,0,38.13,2,12,2022,51,0
2022-12-22,Groceries,287.0,185.37,0,39.12,3,12,2022,51,0
2022-12-23,Groceries,338.0,185.37,0,52.56,4,12,2022,51,0
2022-12-24,Groceries,374.0,185.37,0,48.31,5,12,2022,51,0
2022-12-25,Groceries,922.0,185.37,0,56.48,6,12,2022,51,1
2022-12-26,Groceries,447.0,185.37,0,44.31,0,12,2022,52,1
2022-12-27,Groceries,262.0,185.37,0,47.88,1,12,2022,52,0
2022-12-28,Groceries,229.0,185.37,0,44.63,2,12,2022,52,0
2022-12-29,Groceries,232.0,185.37,0,49.34,3,12,2022,52,0
2022-12-30,Groceries,333.0,185.37,0,40.44,4,12,2022,52,0
2022-12-31,Groceries,541.0,185.37,0,53.42,5,12,2022,52,1
2023-01-01,Groceries,681.0,185.37,0,52.31,6,1,2023,52,1
2023-01-02,Groceries,294.0,185.37,0,51.09,0,1,2023,1,0
2023-01-03,Groceries,251.0,185.37,0,50.11,1,1,2023,1,0
2023-01-04,Groceries,273.0,185.37,0,48.28,2,1,2023,1,0
2023-01-05,Groceries,261.0,185.37,0,57.08,3,1,2023,1,0
2023-01-06,Groceries,268.0,185.37,0,48.27,4,1,2023,1,0
2023-01-07,Groceries,363.0,185.37,0,57.37,5,1,2023,1,0
2023-01-08,Groceries,341.0,185.37,0,65.86,6,1,2023,1,0
2023-01-09,Groceries,260.0,185.37,0,63.6,0,1,2023,2,0
2023-01-10,Groceries,306.0,185.37,0,49.33,1,1,2023,2,0
2023-01-11,Groceries,229.0,185.37,0,54.85,2,1,2023,2,0
2023-01-12,Groceries,284.0,185.37,0,60.31,3,1,2023,2,0
2023-01-13,Groceries,290.0,185.37,0,58.53,4,1,2023,2,0
2023-01-14,Groceries,386.0,185.37,0,52.55,5,1,2023,2,0
2023-01-15,Groceries,362.0,185.37,0,62.14,6,1,2023,2,0
2023-01-16,Groceries,278.0,185.37,0,60.83,0,1,2023,3,0
2023-01-17,Groceries,244.0,185.37,0,71.11,1,1,2023,3,0
2023-01-18,Groceries,245.0,185.37,0,60.93,2,1,2023,3,0
2023-01-19,Groceries,296.0,185.37,0,68.69,3,1,2023,3,0
2023-01-20,Groceries,360.0,185.37,0,57.17,4,1,2023,3,0
2023-01-21,Groceries,374.0,185.37,0,59.01,5,1,2023,3,0
2023-01-22,Groceries,329.0,185.37,0,68.4,6,1,2023,3,0
2023-01-23,Groceries,277.0,185.37,0,70.85,0,1,2023,4,0
2023-01-24,Groceries,597.0,139.88,1,61.27,1,1,2023,4,0
2023-01-25,Groceries,498.0,139.88,1,66.81,2,1,2023,4,0
2023-01-26,Groceries,584.0,139.88,1,60.4,3,1,2023,4,0
2023-01-27,Groceries,,139.88,1,67.02,4,1,2023,4,0
2023-01-28,Groceries,679.0,139.88,1,72.73,5,1,2023,4,0
2023-01-29,Groceries,372.0,185.37,0,66.97,6,1,2023,4,0
2023-01-30,Groceries,279.0,185.37,0,68.51,0,1,2023,5,0
2023-01-31,Groceries,248.0,185.37,0,64.7,1,1,2023,5,0
2023-02-01,Groceries,244.0,185.37,0,67.69,2,2,2023,5,0
2023-02-02,Groceries,298.0,185.37,0,80.31,3,2,2023,5,0
2023-02-03,Groceries,345.0,185.37,0,72.46,4,2,2023,5,0
2023-02-04,Groceries,404.0,185.37,0,67.66,5,2,2023,5,0
2023-02-05,Groceries,405.0,185.37,0,71.66,6,2,2023,5,0
2023-02-06,Groceries,273.0,185.37,0,65.8,0,2,2023,6,0
2023-02-07,Groceries,258.0,185.37,0,69.27,1,2,2023,6,0
2023-02-08,Groceries,289.0,185.37,0,81.68,2,2,2023,6,0
2023-02-09,Groceries,292.0,185.37,0,74.7,3,2,2023,6,0
2023-02-10,Groceries,290.0,185.37,0,85.4,4,2,2023,6,0
2023-02-11,Groceries,330.0,185.37,0,75.99,5,2,2023,6,0
2023-02-12,Groceries,368.0,185.37,0,76.8,6,2,2023,6,0
2023-02-13,Groceries,266.0,185.37,0,80.69,0,2,2023,7,0
2023-02-14,Groceries,422.0,185.37,0,64.62,1,2,2023,7,1
2023-02-15,Groceries,284.0,185.37,0,79.49,2,2,2023,7,0
2023-02-16,Groceries,293.0,185.37,0,78.7,3,2,2023,7,0
2023-02-17,Groceries,672.0,137.74,1,86.85,4,2,2023,7,0
2023-02-18,Groceries,587.0,137.74,1,84.7,5,2,2023,7,0
2023-02-19,Groceries,697.0,137.74,1,74.66,6,2,2023,7,0
2023-02-20,Groceries,550.0,137.74,1,86.99,0,2,2023,8,0
2023-02-21,Groceries,447.0,137.74,1,79.9,1,2,2023,8,0
2023-02-22,Groceries,248.0,185.37,0,77.12,2,2,2023,8,0
2023-02-23,Groceries,258.0,185.37,0,83.04,3,2,2023,8,0
2023-02-24,Groceries,316.0,185.37,0,81.45,4,2,2023,8,0
2023-02-25,Groceries,407.0,185.37,0,90.55,5,2,2023,8,0
2023-02-26,Groceries,412.0,185.37,0,84.95,6,2,2023,8,0
2023-02-27,Groceries,253.0,185.37,0,84.65,0,2,2023,9,0
2023-02-28,Groceries,275.0,185.37,0,88.5,1,2,2023,9,0
2023-03-01,Groceries,273.0,185.37,0,89.81,2,3,2023,9,0
2023-03-02,Groceries,285.0,185.37,0,88.62,3,3,2023,9,0
2023-03-03,Groceries,325.0,185.37,0,92.13,4,3,2023,9,0
2023-03-04,Groceries,369.0,185.37,0,88.41,5,3,2023,9,0
2023-03-05,Groceries,402.0,185.37,0,86.52,6,3,2023,9,0
2023-03-06,Groceries,294.0,185.37,0,92.18,0,3,2023,10,0
2023-03-07,Groceries,242.0,185.37,0,85.83,1,3,2023,10,0
2023-03-08,Groceries,278.0,185.37,0,86.73,2,3,2023,10,0
2023-03-09,Groceries,296.0,185.37,0,95.45,3,3,2023,10,0
2023-03-10,Groceries,323.0,185.37,0,95.21,4,3,2023,10,0
2023-03-11,Groceries,393.0,185.37,0,87.31,5,3,2023,10,0
2023-03-12,Groceries,360.0,185.37,0,85.33,6,3,2023,10,0
2023-03-13,Groceries,275.0,185.37,0,95.14,0,3,2023,11,0
2023-03-14,Groceries,267.0,185.37,0,92.04,1,3,2023,11,0
2023-03-15,Groceries,428.0,136.28,1,89.83,2,3,2023,11,0
2023-03-16,Groceries,536.0,136.28,1,86.84,3,3,2023,11,0
2023-03-17,Groceries,583.0,136.28,1,90.29,4,3,2023,11,0
2023-03-18,Groceries,637.0,136.28,1,88.69,5,3,2023,11,0
2023-03-19,Groceries,395.0,185.37,0,85.64,6,3,2023,11,0
2023-03-20,Groceries,281.0,185.37,0,89.76,0,3,2023,12,0
2023-03-21,Groceries,264.0,185.37,0,90.58,1,3,2023,12,0
2023-03-22,Groceries,250.0,185.37,0,87.5,2,3,2023,12,0
2023-03-23,Groceries,283.0,185.37,0,94.01,3,3,2023,12,0
2023-03-24,Groceries,341.0,185.37,0,96.04,4,3,2023,12,0
2023-03-25,Groceries,337.0,185.37,0,94.54,5,3,2023,12,0
2023-03-26,Groceries,355.0,185.37,0,88.39,6,3,2023,12,0
2023-03-27,Groceries,289.0,185.37,0,93.62,0,3,2023,13,0
2023-03-28,Groceries,224.0,185.37,0,90.28,1,3,2023,13,0
2023-03-29,Groceries,260.0,185.37,0,83.76,2,3,2023,13,0
2023-03-30,Groceries,267.0,185.37,0,93.33,3,3,2023,13,0
2023-03-31,Groceries,312.0,185.37,0,90.72,4,3,2023,13,0
2023-04-01,Groceries,346.0,185.37,0,102.97,5,4,2023,13,0
2023-04-02,Groceries,359.0,185.37,0,97.28,6,4,2023,13,0
2023-04-03,Groceries,312.0,185.37,0,93.54,0,4,2023,14,0
2023-04-04,Groceries,258.0,185.37,0,91.2,1,4,2023,14,0
2023-04-05,Groceries,268.0,185.37,0,90.74,2,4,2023,14,0
2023-04-06,Groceries,321.0,185.37,0,84.85,3,4,2023,14,0
2023-04-07,Groceries,302.0,185.37,0,81.11,4,4,2023,14,0
2023-04-08,Groceries,413.0,185.37,0,85.37,5,4,2023,14,0
2023-04-09,Groceries,355.0,185.37,0,89.41,6,4,2023,14,0
2023-04-10,Groceries,309.0,185.37,0,79.02,0,4,2023,15,0
2023-04-11,Groceries,280.0,185.37,0,86.72,1,4,2023,15,0
2023-04-12,Groceries,268.0,185.37,0,88.08,2,4,2023,15,0
2023-04-13,Groceries,275.0,185.37,0,88.11,3,4,2023,15,0
2023-04-14,Groceries,300.0,185.37,0,85.73,4,4,2023,15,0
2023-04-15,Groceries,363.0,185.37,0,87.18,5,4,2023,15,0
2023-04-16,Groceries,380.0,185.37,0,97.34,6,4,2023,15,0
2023-04-17,Groceries,270.0,185.37,0,91.85,0,4,2023,16,0
2023-04-18,Groceries,258.0,185.37,0,85.55,1,4,2023,16,0
2023-04-19,Groceries,256.0,185.37,0,87.81,2,4,2023,16,0
2023-04-20,Groceries,299.0,185.37,0,87.79,3,4,2023,16,0
2023-04-21,Groceries,347.0,185.37,0,83.87,4,4,2023,16,0
2023-04-22,Groceries,342.0,185.37,0,83.63,5,4,2023,16,0
2023-04-23,Groceries,336.0,185.37,0,92.28,6,4,2023,16,0
2023-04-24,Groceries,279.0,185.37,0,84.87,0,4,2023,17,0
2023-04-25,Groceries,297.0,185.37,0,81.23,1,4,2023,17,0
2023-04-26,Groceries,286.0,185.37,0,86.21,2,4,2023,17,0
2023-04-27,Groceries,249.0,185.37,0,86.72,3,4,2023,17,0
2023-04-28,Groceries,309.0,185.37,0,75.97,4,4,2023,17,0
2023-04-29,Groceries,334.0,185.37,0,85.32,5,4,2023,17,0
2023-04-30,Groceries,347.0,185.37,0,89.54,6,4,2023,17,0
2023-05-01,Groceries,306.0,185.37,0,87.12,0,5,2023,18,0
2023-05-02,Groceries,235.0,185.37,0,95.67,1,5,2023,18,0
2023-05-03,Groceries,228.0,185.37,0,90.43,2,5,2023,18,0
2023-05-04,Groceries,258.0,185.37,0,91.05,3,5,2023,18,0
2023-05-05,Groceries,323.0,185.37,0,97.44,4,5,2023,18,0
2023-05-06,Groceries,379.0,185.37,0,86.84,5,5,2023,18,0
2023-05-07,Groceries,367.0,185.37,0,83.48,6,5,2023,18,0
2023-05-08,Groceries,296.0,185.37,0,87.13,0,5,2023,19,0
2023-05-09,Groceries,227.0,185.37,0,79.05,1,5,2023,19,0
2023-05-10,Groceries,287.0,185.37,0,81.96,2,5,2023,19,0
2023-05-11,Groceries,270.0,185.37,0,77.76,3,5,2023,19,0
2023-05-12,Groceries,334.0,185.37,0,82.55,4,5,2023,19,0
2023-05-13,Groceries,323.0,185.37,0,76.85,5,5,2023,19,0
2023-05-14,Groceries,355.0,185.37,0,76.21,6,5,2023,19,0
2023-05-15,Groceries,276.0,185.37,0,81.25,0,5,2023,20,0
2023-05-16,Groceries,289.0,185.37,0,78.02,1,5,2023,20,0
2023-05-17,Groceries,229.0,185.37,0,68.59,2,5,2023,20,0
2023-05-18,Groceries,278.0,185.37,0,70.45,3,5,2023,20,0
2023-05-19,Groceries,289.0,185.37,0,71.49,4,5,2023,20,0
2023-05-20,Groceries,376.0,185.37,0,72.31,5,5,2023,20,0
2023-05-21,Groceries,377.0,185.37,0,78.28,6,5,2023,20,0
2023-05-22,Groceries,299.0,185.37,0,76.78,0,5,2023,21,0
2023-05-23,Groceries,254.0,185.37,0,80.48,1,5,2023,21,0
2023-05-24,Groceries,281.0,185.37,0,78.38,2,5,2023,21,0
2023-05-25,Groceries,307.0,185.37,0,79.42,3,5,2023,21,0
2023-05-26,Groceries,275.0,185.37,0,76.55,4,5,2023,21,0
2023-05-27,Groceries,379.0,185.37,0,74.0,5,5,2023,21,0
2023-05-28,Groceries,383.0,185.37,0,77.88,6,5,2023,21,0
2023-05-29,Groceries,265.0,185.37,0,76.41,0,5,2023,22,0
2023-05-30,Groceries,239.0,185.37,0,73.11,1,5,2023,22,0
2023-05-31,Groceries,282.0,185.37,0,77.0,2,5,2023,22,0
2023-06-01,Groceries,250.0,185.37,0,58.32,3,6,2023,22,0
2023-06-02,Groceries,312.0,185.37,0,68.0,4,6,2023,22,0
2023-06-03,Groceries,360.0,185.37,0,67.32,5,6,2023,22,0
2023-06-04,Groceries,376.0,185.37,0,74.0,6,6,2023,22,0
2023-06-05,Groceries,257.0,185.37,0,75.48,0,6,2023,23,0
2023-06-06,Groceries,250.0,185.37,0,59.75,1,6,2023,23,0
2023-06-07,Groceries,264.0,185.37,0,73.43,2,6,2023,23,0
2023-06-08,Groceries,299.0,185.37,0,59.89,3,6,2023,23,0
2023-06-09,Groceries,374.0,185.37,0,59.4,4,6,2023,23,0
2023-06-10,Groceries,318.0,185.37,0,63.3,5,6,2023,23,0
2023-06-11,Groceries,364.0,185.37,0,62.23,6,6,2023,23,0
2023-06-12,Groceries,248.0,185.37,0,55.38,0,6,2023,24,0
2023-06-13,Groceries,287.0,185.37,0,65.77,1,6,2023,24,0
2023-06-14,Groceries,242.0,185.37,0,65.27,2,6,2023,24,0
2023-06-15,Groceries,262.0,185.37,0,66.48,3,6,2023,24,0
2023-06-16,Groceries,301.0,185.37,0,58.38,4,6,2023,24,0
2023-06-17,Groceries,359.0,185.37,0,59.68,5,6,2023,24,0
2023-06-18,Groceries,365.0,185.37,0,59.06,6,6,2023,24,0
2023-06-19,Groceries,282.0,185.37,0,66.98,0,6,2023,25,0
2023-06-20,Groceries,265.0,185.37,0,43.7,1,6,2023,25,0
2023-06-21,Groceries,234.0,185.37,0,52.41,2,6,2023,25,0
2023-06-22,Groceries,293.0,185.37,0,56.54,3,6,2023,25,0
2023-06-23,Groceries,315.0,185.37,0,50.4,4,6,2023,25,0
2023-06-24,Groceries,395.0,185.37,0,53.86,5,6,2023,25,0
2023-06-25,Groceries,335.0,185.37,0,53.84,6,6,2023,25,0
2023-06-26,Groceries,236.0,185.37,0,50.49,0,6,2023,26,0
2023-06-27,Groceries,264.0,185.37,0,53.42,1,6,2023,26,0
2023-06-28,Groceries,289.0,185.37,0,55.55,2,6,2023,26,0
2023-06-29,Groceries,281.0,185.37,0,50.54,3,6,2023,26,0
2023-06-30,Groceries,311.0,185.37,0,48.77,4,6,2023,26,0
2023-07-01,Groceries,336.0,185.37,0,49.52,5,7,2023,26,0
2023-07-02,Groceries,406.0,185.37,0,49.62,6,7,2023,26,0
2023-07-03,Groceries,249.0,185.37,0,40.27,0,7,2023,27,0
2023-07-04,Groceries,350.0,185.37,0,50.59,1,7,2023,27,1
2023-07-05,Groceries,,185.37,0,45.34,2,7,2023,27,0
2023-07-06,Groceries,236.0,185.37,0,53.21,3,7,2023,27,0
2023-07-07,Groceries,349.0,185.37,0,49.17,4,7,2023,27,0
2023-07-08,Groceries,380.0,185.37,0,51.38,5,7,2023,27,0
2023-07-09,Groceries,381.0,185.37,0,39.8,6,7,2023,27,0
2023-07-10,Groceries,283.0,185.37,0,42.31,0,7,2023,28,0
2023-07-11,Groceries,262.0,185.37,0,37.28,1,7,2023,28,0
2023-07-12,Groceries,240.0,185.37,0,39.28,2,7,2023,28,0
2023-07-13,Groceries,274.0,185.37,0,48.39,3,7,2023,28,0
2023-07-14,Groceries,292.0,185.37,0,48.9,4,7,2023,28,0
2023-07-15,Groceries,627.0,155.33,1,35.05,5,7,2023,28,0
2023-07-16,Groceries,632.0,155.33,1,37.83,6,7,2023,28,0
2023-07-17,Groceries,506.0,155.33,1,39.07,0,7,2023,29,0
2023-07-18,Groceries,456.0,155.33,1,41.72,1,7,2023,29,0
2023-07-19,Groceries,470.0,155.33,1,29.33,2,7,2023,29,0
2023-07-20,Groceries,452.0,155.33,1,29.46,3,7,2023,29,0
2023-07-21,Groceries,508.0,155.33,1,39.27,4,7,2023,29,0
2023-07-22,Groceries,376.0,185.37,0,26.43,5,7,2023,29,0
2023-07-23,Groceries,345.0,185.37,0,33.3,6,7,2023,29,0
2023-07-24,Groceries,277.0,185.37,0,35.7,0,7,2023,30,0
2023-07-25,Groceries,243.0,185.37,0,36.33,1,7,2023,30,0
2023-07-26,Groceries,244.0,185.37,0,32.92,2,7,2023,30,0
2023-07-27,Groceries,292.0,185.37,0,31.17,3,7,2023,30,0
2023-07-28,Groceries,339.0,185.37,0,36.6,4,7,2023,30,0
2023-07-29,Groceries,333.0,185.37,0,33.19,5,7,2023,30,0
2023-07-30,Groceries,638.0,152.85,1,27.92,6,7,2023,30,0
2023-07-31,Groceries,442.0,152.85,1,30.74,0,7,2023,31,0
2023-08-01,Groceries,1808.0,152.85,1,31.87,1,8,2023,31,0
2023-08-02,Groceries,497.0,152.85,1,37.95,2,8,2023,31,0
2023-08-03,Groceries,503.0,152.85,1,32.7,3,8,2023,31,0
2023-08-04,Groceries,337.0,185.37,0,34.26,4,8,2023,31,0
2023-08-05,Groceries,417.0,185.37,0,24.56,5,8,2023,31,0
2023-08-06,Groceries,336.0,185.37,0,24.43,6,8,2023,31,0
2023-08-07,Groceries,250.0,185.37,0,25.31,0,8,2023,32,0
2023-08-08,Groceries,250.0,185.37,0,25.22,1,8,2023,32,0
2023-08-09,Groceries,257.0,185.37,0,20.35,2,8,2023,32,0
2023-08-10,Groceries,225.0,185.37,0,31.18,3,8,2023,32,0
2023-08-11,Groceries,312.0,185.37,0,28.73,4,8,2023,32,0
2023-08-12,Groceries,346.0,185.37,0,22.27,5,8,2023,32,0
2023-08-13,Groceries,378.0,185.37,0,26.49,6,8,2023,32,0
2023-08-14,Groceries,279.0,185.37,0,23.88,0,8,2023,33,0
2023-08-15,Groceries,253.0,185.37,0,25.87,1,8,2023,33,0
2023-08-16,Groceries,275.0,185.37,0,15.06,2,8,2023,33,0
2023-08-17,Groceries,294.0,185.37,0,20.56,3,8,2023,33,0
2023-08-18,Groceries,297.0,185.37,0,20.53,4,8,2023,33,0
2023-08-19,Groceries,348.0,185.37,0,23.47,5,8,2023,33,0
2023-08-20,Groceries,293.0,185.37,0,16.75,6,8,2023,33,0
2023-08-21,Groceries,248.0,185.37,0,6.94,0,8,2023,34,0
2023-08-22,Groceries,250.0,185.37,0,13.6,1,8,2023,34,0
2023-08-23,Groceries,264.0,185.37,0,18.27,2,8,2023,34,0
2023-08-24,Groceries,257.0,185.37,0,18.47,3,8,2023,34,0
2023-08-25,Groceries,629.0,129.79,1,26.16,4,8,2023,34,0
2023-08-26,Groceries,676.0,129.79,1,20.25,5,8,2023,34,0
2023-08-27,Groceries,748.0,129.79,1,17.35,6,8,2023,34,0
2023-08-28,Groceries,582.0,129.79,1,16.4,0,8,2023,35,0
2023-08-29,Groceries,274.0,185.37,0,21.71,1,8,2023,35,0
2023-08-30,Groceries,263.0,185.37,0,12.88,2,8,2023,35,0
2023-08-31,Groceries,243.0,185.37,0,14.77,3,8,2023,35,0
2023-09-01,Groceries,301.0,185.37,0,9.69,4,9,2023,35,0
2023-09-02,Groceries,350.0,185.37,0,21.89,5,9,2023,35,0
2023-09-03,Groceries,345.0,185.37,0,16.44,6,9,2023,35,0
2023-09-04,Groceries,273.0,185.37,0,10.63,0,9,2023,36,0
2023-09-05,Groceries,296.0,185.37,0,13.29,1,9,2023,36,0
2023-09-06,Groceries,280.0,185.37,0,16.12,2,9,2023,36,0
2023-09-07,Groceries,256.0,185.37,0,12.04,3,9,2023,36,0
2023-09-08,Groceries,334.0,185.37,0,10.36,4,9,2023,36,0
2023-09-09,Groceries,381.0,185.37,0,9.5,5,9,2023,36,0
2023-09-10,Groceries,333.0,185.37,0,14.22,6,9,2023,36,0
2023-09-11,Groceries,290.0,185.37,0,10.5,0,9,2023,37,0
2023-09-12,Groceries,262.0,185.37,0,9.8,1,9,2023,37,0
2023-09-13,Groceries,233.0,185.37,0,5.17,2,9,2023,37,0
2023-09-14,Groceries,288.0,185.37,0,12.04,3,9,2023,37,0
2023-09-15,Groceries,323.0,185.37,0,10.56,4,9,2023,37,0
2023-09-16,Groceries,356.0,185.37,0,9.67,5,9,2023,37,0
2023-09-17,Groceries,355.0,185.37,0,12.11,6,9,2023,37,0
2023-09-18,Groceries,256.0,185.37,0,14.7,0,9,2023,38,0
2023-09-19,Groceries,279.0,185.37,0,14.32,1,9,2023,38,0
2023-09-20,Groceries,262.0,185.37,0,13.45,2,9,2023,38,0
2023-09-21,Groceries,282.0,185.37,0,9.36,3,9,2023,38,0
2023-09-22,Groceries,326.0,185.37,0,7.62,4,9,2023,38,0
2023-09-23,Groceries,329.0,185.37,0,5.14,5,9,2023,38,0
2023-09-24,Groceries,331.0,185.37,0,7.3,6,9,2023,38,0
2023-09-25,Groceries,224.0,185.37,0,10.29,0,9,2023,39,0
2023-09-26,Groceries,278.0,185.37,0,6.2,1,9,2023,39,0
2023-09-27,Groceries,237.0,185.37,0,10.56,2,9,2023,39,0
2023-09-28,Groceries,281.0,185.37,0,5.22,3,9,2023,39,0
2023-09-29,Groceries,327.0,185.37,0,1.71,4,9,2023,39,0
2023-09-30,Groceries,380.0,185.37,0,14.1,5,9,2023,39,0
2023-10-01,Groceries,322.0,185.37,0,7.63,6,10,2023,39,0
2023-10-02,Groceries,270.0,185.37,0,5.82,0,10,2023,40,0
2023-10-03,Groceries,301.0,185.37,0,4.56,1,10,2023,40,0
2023-10-04,Groceries,299.0,185.37,0,12.18,2,10,2023,40,0
2023-10-05,Groceries,300.0,185.37,0,16.98,3,10,2023,40,0
2023-10-06,Groceries,326.0,185.37,0,8.15,4,10,2023,40,0
2023-10-07,Groceries,333.0,185.37,0,9.15,5,10,2023,40,0
2023-10-08,Groceries,377.0,185.37,0,15.67,6,10,2023,40,0
2023-10-09,Groceries,521.0,136.99,1,1.35,0,10,2023,41,0
2023-10-10,Groceries,539.0,136.99,1,20.34,1,10,2023,41,0
2023-10-11,Groceries,484.0,136.99,1,22.84,2,10,2023,41,0
2023-10-12,Groceries,532.0,136.99,1,-2.78,3,10,2023,41,0
2023-10-13,Groceries,624.0,136.99,1,10.4,4,10,2023,41,0
2023-10-14,Groceries,718.0,136.99,1,7.44,5,10,2023,41,0
2023-10-15,Groceries,719.0,136.99,1,9.87,6,10,2023,41,0
2023-10-16,Groceries,259.0,185.37,0,9.28,0,10,2023,42,0
2023-10-17,Groceries,237.0,185.37,0,15.61,1,10,2023,42,0
2023-10-18,Groceries,297.0,185.37,0,11.19,2,10,2023,42,0
2023-10-19,Groceries,333.0,185.37,0,7.4,3,10,2023,42,0
2023-10-20,Groceries,329.0,185.37,0,11.32,4,10,2023,42,0
2023-10-21,Groceries,324.0,185.37,0,14.98,5,10,2023,42,0
2023-10-22,Groceries,335.0,185.37,0,6.73,6,10,2023,42,0
2023-10-23,Groceries,283.0,185.37,0,4.67,0,10,2023,43,0
2023-10-24,Groceries,295.0,185.37,0,23.12,1,10,2023,43,0
2023-10-25,Groceries,237.0,185.37,0,10.22,2,10,2023,43,0
2023-10-26,Groceries,275.0,185.37,0,13.03,3,10,2023,43,0
2023-10-27,Groceries,322.0,185.37,0,12.03,4,10,2023,43,0
2023-10-28,Groceries,388.0,185.37,0,17.06,5,10,2023,43,0
2023-10-29,Groceries,347.0,185.37,0,23.5,6,10,2023,43,0
2023-10-30,Groceries,238.0,185.37,0,17.86,0,10,2023,44,0
2023-10-31,Groceries,419.0,185.37,0,7.71,1,10,2023,44,1
2023-11-01,Groceries,287.0,185.37,0,8.73,2,11,2023,44,0
2023-11-02,Groceries,276.0,185.37,0,14.01,3,11,2023,44,0
2023-11-03,Groceries,328.0,185.37,0,15.03,4,11,2023,44,0
2023-11-04,Groceries,349.0,185.37,0,8.14,5,11,2023,44,0
2023-11-05,Groceries,333.0,185.37,0,21.24,6,11,2023,44,0
2023-11-06,Groceries,295.0,185.37,0,12.11,0,11,2023,45,0
2023-11-07,Groceries,274.0,185.37,0,25.41,1,11,2023,45,0
2023-11-08,Groceries,273.0,185.37,0,27.47,2,11,2023,45,0
2023-11-09,Groceries,312.0,185.37,0,17.55,3,11,2023,45,0
2023-11-10,Groceries,291.0,185.37,0,21.42,4,11,2023,45,0
2023-11-11,Groceries,347.0,185.37,0,13.51,5,11,2023,45,0
2023-11-12,Groceries,361.0,185.37,0,23.24,6,11,2023,45,0
2023-11-13,Groceries,260.0,185.37,0,18.09,0,11,2023,46,0
2023-11-14,Groceries,283.0,185.37,0,15.62,1,11,2023,46,0
2023-11-15,Groceries,259.0,185.37,0,20.09,2,11,2023,46,0
2023-11-16,Groceries,256.0,185.37,0,19.69,3,11,2023,46,0
2023-11-17,Groceries,319.0,185.37,0,20.89,4,11,2023,46,0
2023-11-18,Groceries,368.0,185.37,0,27.77,5,11,2023,46,0
2023-11-19,Groceries,384.0,185.37,0,19.61,6,11,2023,46,0
2023-11-20,Groceries,281.0,185.37,0,32.73,0,11,2023,47,0
2023-11-21,Groceries,276.0,185.37,0,17.96,1,11,2023,47,0
2023-11-22,Groceries,270.0,185.37,0,33.2,2,11,2023,47,0
2023-11-23,Groceries,949.0,163.11,1,20.58,3,11,2023,47,1
2023-11-24,Groceries,2141.0,115.45,1,26.21,4,11,2023,47,1
2023-11-25,Groceries,885.0,115.45,1,24.32,5,11,2023,47,0
2023-11-26,Groceries,828.0,115.45,1,25.61,6,11,2023,47,0
2023-11-27,Groceries,487.0,163.11,1,31.91,0,11,2023,48,0
2023-11-28,Groceries,464.0,163.11,1,35.98,1,11,2023,48,0
2023-11-29,Groceries,435.0,163.11,1,35.02,2,11,2023,48,0
2023-11-30,Groceries,287.0,185.37,0,27.63,3,11,2023,48,0
2023-12-01,Groceries,316.0,185.37,0,31.17,4,12,2023,48,0
2023-12-02,Groceries,327.0,185.37,0,26.94,5,12,2023,48,0
2023-12-03,Groceries,351.0,185.37,0,26.5,6,12,2023,48,0
2023-12-04,Groceries,275.0,185.37,0,26.34,0,12,2023,49,0
2023-12-05,Groceries,271.0,185.37,0,30.5,1,12,2023,49,0
2023-12-06,Groceries,,185.37,0,34.56,2,12,2023,49,0
2023-12-07,Groceries,299.0,185.37,0,24.38,3,12,2023,49,0
2023-12-08,Groceries,300.0,185.37,0,34.34,4,12,2023,49,0
2023-12-09,Groceries,343.0,185.37,0,42.79,5,12,2023,49,0
2023-12-10,Groceries,399.0,185.37,0,41.46,6,12,2023,49,0
2023-12-11,Groceries,289.0,185.37,0,33.57,0,12,2023,50,0
2023-12-12,Groceries,258.0,185.37,0,30.16,1,12,2023,50,0
2023-12-13,Groceries,261.0,185.37,0,40.1,2,12,2023,50,0
2023-12-14,Groceries,276.0,185.37,0,26.87,3,12,2023,50,0
2023-12-15,Groceries,319.0,185.37,0,44.67,4,12,2023,50,0
2023-12-16,Groceries,377.0,185.37,0,38.72,5,12,2023,50,0
2023-12-17,Groceries,,185.37,0,49.61,6,12,2023,50,0
2023-12-18,Groceries,277.0,185.37,0,32.49,0,12,2023,51,0
2023-12-19,Groceries,281.0,185.37,0,46.39,1,12,2023,51,0
2023-12-20,Groceries,228.0,185.37,0,41.97,2,12,2023,51,0
2023-12-21,Groceries,268.0,185.37,0,41.49,3,12,2023,51,0
2023-12-22,Groceries,349.0,185.37,0,36.98,4,12,2023,51,0
2023-12-23,Groceries,375.0,185.37,0,47.49,5,12,2023,51,0
2023-12-24,Groceries,23.200000000000003,185.37,0,48.57,6,12,2023,51,0
2023-12-25,Groceries,718.0,185.37,0,54.8,0,12,2023,52,1
2023-12-26,Groceries,553.0,185.37,0,51.6,1,12,2023,52,1
2023-12-27,Groceries,221.0,185.37,0,44.28,2,12,2023,52,0
2023-12-28,Groceries,312.0,185.37,0,42.92,3,12,2023,52,0
2023-12-29,Groceries,247.0,185.37,0,41.78,4,12,2023,52,0
2023-12-30,Groceries,391.0,185.37,0,56.68,5,12,2023,52,0
2023-12-31,Groceries,571.0,185.37,0,46.11,6,12,2023,52,1
2021-01-01,Sports,86.0,150.58,0,47.01,4,1,2021,53,1
2021-01-02,Sports,51.0,150.58,0,44.77,5,1,2021,53,0
2021-01-03,Sports,54.0,150.58,0,56.05,6,1,2021,53,0
2021-01-04,Sports,46.0,150.58,0,51.67,0,1,2021,1,0
2021-01-05,Sports,41.0,150.58,0,63.63,1,1,2021,1,0
2021-01-06,Sports,43.0,150.58,0,51.49,2,1,2021,1,0
2021-01-07,Sports,42.0,150.58,0,59.04,3,1,2021,1,0
2021-01-08,Sports,51.0,150.58,0,60.9,4,1,2021,1,0
2021-01-09,Sports,67.0,150.58,0,53.57,5,1,2021,1,0
2021-01-10,Sports,,150.58,0,53.14,6,1,2021,1,0
2021-01-11,Sports,45.0,150.58,0,61.24,0,1,2021,2,0
2021-01-12,Sports,37.0,150.58,0,61.08,1,1,2021,2,0
2021-01-13,Sports,47.0,150.58,0,51.82,2,1,2021,2,0
2021-01-14,Sports,43.0,150.58,0,53.9,3,1,2021,2,0
2021-01-15,Sports,55.0,150.58,0,47.53,4,1,2021,2,0
2021-01-16,Sports,58.0,150.58,0,63.86,5,1,2021,2,0
2021-01-17,Sports,60.0,150.58,0,60.23,6,1,2021,2,0
2021-01-18,Sports,46.0,150.58,0,61.39,0,1,2021,3,0
2021-01-19,Sports,42.0,150.58,0,54.39,1,1,2021,3,0
2021-01-20,Sports,47.0,150.58,0,58.01,2,1,2021,3,0
2021-01-21,Sports,43.0,150.58,0,61.76,3,1,2021,3,0
2021-01-22,Sports,55.0,150.58,0,61.43,4,1,2021,3,0
2021-01-23,Sports,58.0,150.58,0,66.02,5,1,2021,3,0
2021-01-24,Sports,60.0,150.58,0,68.98,6,1,2021,3,0
2021-01-25,Sports,43.0,150.58,0,78.04,0,1,2021,4,0
2021-01-26,Sports,44.0,150.58,0,67.21,1,1,2021,4,0
2021-01-27,Sports,40.0,150.58,0,73.51,2,1,2021,4,0
2021-01-28,Sports,47.0,150.58,0,64.39,3,1,2021,4,0
2021-01-29,Sports,53.0,150.58,0,60.77,4,1,2021,4,0
2021-01-30,Sports,58.0,150.58,0,67.99,5,1,2021,4,0
2021-01-31,Sports,60.0,150.58,0,62.36,6,1,2021,4,0
2021-02-01,Sports,46.0,150.58,0,71.01,0,2,2021,5,0
2021-02-02,Sports,43.0,150.58,0,67.62,1,2,2021,5,0
2021-02-03,Sports,44.0,150.58,0,62.33,2,2,2021,5,0
2021-02-04,Sports,44.0,150.58,0,81.35,3,2,2021,5,0
2021-02-05,Sports,65.0,150.58,0,70.54,4,2,2021,5,0
2021-02-06,Sports,68.0,150.58,0,65.6,5,2,2021,5,0
2021-02-07,Sports,63.0,150.58,0,78.83,6,2,2021,5,0
2021-02-08,Sports,52.0,150.58,0,71.24,0,2,2021,6,0
2021-02-09,Sports,39.0,150.58,0,80.87,1,2,2021,6,0
2021-02-10,Sports,37.0,150.58,0,72.28,2,2,2021,6,0
2021-02-11,Sports,47.0,150.58,0,73.76,3,2,2021,6,0
2021-02-12,Sports,50.0,150.58,0,78.7,4,2,2021,6,0
2021-02-13,Sports,63.0,150.58,0,80.45,5,2,2021,6,0
2021-02-14,Sports,104.0,150.58,0,81.82,6,2,2021,6,1
2021-02-15,Sports,52.0,150.58,0,78.02,0,2,2021,7,0
2021-02-16,Sports,44.0,150.58,0,81.59,1,2,2021,7,0
2021-02-17,Sports,49.0,150.58,0,83.14,2,2,2021,7,0
2021-02-18,Sports,51.0,150.58,0,80.88,3,2,2021,7,0
2021-02-19,Sports,103.0,122.38,1,79.62,4,2,2021,7,0
2021-02-20,Sports,111.0,122.38,1,73.55,5,2,2021,7,0
2021-02-21,Sports,127.0,122.38,1,84.21,6,2,2021,7,0
2021-02-22,Sports,50.0,150.58,0,81.85,0,2,2021,8,0
2021-02-23,Sports,57.0,150.58,0,79.99,1,2,2021,8,0
2021-02-24,Sports,46.0,150.58,0,88.85,2,2,2021,8,0
2021-02-25,Sports,56.0,150.58,0,75.72,3,2,2021,8,0
2021-02-26,Sports,60.0,150.58,0,91.47,4,2,2021,8,0
2021-02-27,Sports,67.0,150.58,0,83.51,5,2,2021,8,0
2021-02-28,Sports,72.0,150.58,0,85.58,6,2,2021,8,0
2021-03-01,Sports,51.0,150.58,0,82.38,0,3,2021,9,0
2021-03-02,Sports,41.0,150.58,0,76.36,1,3,2021,9,0
2021-03-03,Sports,39.0,150.58,0,84.34,2,3,2021,9,0
2021-03-04,Sports,60.0,150.58,0,87.04,3,3,2021,9,0
2021-03-05,Sports,69.0,150.58,0,89.06,4,3,2021,9,0
2021-03-06,Sports,83.0,150.58,0,85.0,5,3,2021,9,0
2021-03-07,Sports,71.0,150.58,0,75.32,6,3,2021,9,0
2021-03-08,Sports,49.0,150.58,0,78.86,0,3,2021,10,0
2021-03-09,Sports,52.0,150.58,0,97.1,1,3,2021,10,0
2021-03-10,Sports,53.0,150.58,0,81.64,2,3,2021,10,0
2021-03-11,Sports,52.0,150.58,0,94.49,3,3,2021,10,0
2021-03-12,Sports,73.0,150.58,0,82.92,4,3,2021,10,0
2021-03-13,Sports,88.0,150.58,0,86.91,5,3,2021,10,0
2021-03-14,Sports,76.0,150.58,0,91.17,6,3,2021,10,0
2021-03-15,Sports,56.0,150.58,0,84.15,0,3,2021,11,0
2021-03-16,Sports,50.0,150.58,0,96.41,1,3,2021,11,0
2021-03-17,Sports,62.0,150.58,0,89.01,2,3,2021,11,0
2021-03-18,Sports,101.0,123.37,1,91.11,3,3,2021,11,0
2021-03-19,Sports,113.0,123.37,1,87.63,4,3,2021,11,0
2021-03-20,Sports,138.0,123.37,1,92.41,5,3,2021,11,0
2021-03-21,Sports,125.0,123.37,1,97.15,6,3,2021,11,0
2021-03-22,Sports,102.0,123.37,1,88.72,0,3,2021,12,0
2021-03-23,Sports,51.0,150.58,0,98.14,1,3,2021,12,0
2021-03-24,Sports,62.0,150.58,0,86.54,2,3,2021,12,0
2021-03-25,Sports,60.0,150.58,0,93.51,3,3,2021,12,0
2021-03-26,Sports,76.0,150.58,0,92.21,4,3,2021,12,0
2021-03-27,Sports,79.0,150.58,0,84.49,5,3,2021,12,0
2021-03-28,Sports,79.0,150.58,0,90.96,6,3,2021,12,0
2021-03-29,Sports,55.0,150.58,0,89.97,0,3,2021,13,0
2021-03-30,Sports,64.0,150.58,0,85.7,1,3,2021,13,0
2021-03-31,Sports,55.0,150.58,0,91.78,2,3,2021,13,0
2021-04-01,Sports,61.0,150.58,0,90.73,3,4,2021,13,0
2021-04-02,Sports,73.0,150.58,0,89.63,4,4,2021,13,0
2021-04-03,Sports,84.0,150.58,0,89.64,5,4,2021,13,0
2021-04-04,Sports,71.0,150.58,0,89.51,6,4,2021,13,0
2021-04-05,Sports,62.0,150.58,0,88.08,0,4,2021,14,0
2021-04-06,Sports,66.0,150.58,0,90.57,1,4,2021,14,0
2021-04-07,Sports,60.0,150.58,0,86.58,2,4,2021,14,0
2021-04-08,Sports,118.0,116.39,1,103.01,3,4,2021,14,0
2021-04-09,Sports,140.0,116.39,1,82.6,4,4,2021,14,0
2021-04-10,Sports,157.0,116.39,1,86.62,5,4,2021,14,0
2021-04-11,Sports,144.0,116.39,1,86.91,6,4,2021,14,0
2021-04-12,Sports,120.0,116.39,1,99.52,0,4,2021,15,0
2021-04-13,Sports,128.0,116.39,1,82.58,1,4,2021,15,0
2021-04-14,Sports,108.0,116.39,1,91.17,2,4,2021,15,0
2021-04-15,Sports,66.0,150.58,0,90.13,3,4,2021,15,0
2021-04-16,Sports,69.0,150.58,0,90.39,4,4,2021,15,0
2021-04-17,Sports,96.0,150.58,0,94.72,5,4,2021,15,0
2021-04-18,Sports,88.0,150.58,0,94.43,6,4,2021,15,0
2021-04-19,Sports,63.0,150.58,0,85.89,0,4,2021,16,0
2021-04-20,Sports,67.0,150.58,0,88.9,1,4,2021,16,0
2021-04-21,Sports,60.0,150.58,0,78.39,2,4,2021,16,0
2021-04-22,Sports,64.0,150.58,0,87.97,3,4,2021,16,0
2021-04-23,Sports,71.0,150.58,0,83.26,4,4,2021,16,0
2021-04-24,Sports,84.0,150.58,0,86.04,5,4,2021,16,0
2021-04-25,Sports,101.0,150.58,0,78.28,6,4,2021,16,0
2021-04-26,Sports,66.0,150.58,0,88.45,0,4,2021,17,0
2021-04-27,Sports,71.0,150.58,0,77.65,1,4,2021,17,0
2021-04-28,Sports,63.0,150.58,0,86.57,2,4,2021,17,0
2021-04-29,Sports,77.0,150.58,0,79.39,3,4,2021,17,0
2021-04-30,Sports,76.0,150.58,0,80.95,4,4,2021,17,0
2021-05-01,Sports,95.0,150.58,0,90.64,5,5,2021,17,0
2021-05-02,Sports,94.0,150.58,0,87.47,6,5,2021,17,0
2021-05-03,Sports,85.0,150.58,0,89.92,0,5,2021,18,0
2021-05-04,Sports,74.0,150.58,0,91.61,1,5,2021,18,0
2021-05-05,Sports,67.0,150.58,0,79.57,2,5,2021,18,0
2021-05-06,Sports,78.0,150.58,0,90.55,3,5,2021,18,0
2021-05-07,Sports,100.0,150.58,0,75.33,4,5,2021,18,0
2021-05-08,Sports,85.0,150.58,0,85.99,5,5,2021,18,0
2021-05-09,Sports,90.0,150.58,0,79.38,6,5,2021,18,0
2021-05-10,Sports,72.0,150.58,0,76.77,0,5,2021,19,0
2021-05-11,Sports,70.0,150.58,0,84.07,1,5,2021,19,0
2021-05-12,Sports,70.0,150.58,0,85.28,2,5,2021,19,0
2021-05-13,Sports,68.0,150.58,0,84.68,3,5,2021,19,0
2021-05-14,Sports,97.0,150.58,0,80.72,4,5,2021,19,0
2021-05-15,Sports,89.0,150.58,0,79.84,5,5,2021,19,0
2021-05-16,Sports,97.0,150.58,0,81.34,6,5,2021,19,0
2021-05-17,Sports,82.0,150.58,0,79.74,0,5,2021,20,0
2021-05-18,Sports,74.0,150.58,0,80.44,1,5,2021,20,0
2021-05-19,Sports,68.0,150.58,0,78.25,2,5,2021,20,0
2021-05-20,Sports,69.0,150.58,0,80.94,3,5,2021,20,0
2021-05-21,Sports,87.0,150.58,0,68.07,4,5,2021,20,0
2021-05-22,Sports,96.0,150.58,0,75.03,5,5,2021,20,0
2021-05-23,Sports,102.0,150.58,0,68.23,6,5,2021,20,0
2021-05-24,Sports,68.0,150.58,0,75.99,0,5,2021,21,0
2021-05-25,Sports,80.0,150.58,0,82.27,1,5,2021,21,0
2021-05-26,Sports,75.0,150.58,0,71.14,2,5,2021,21,0
2021-05-27,Sports,80.0,150.58,0,73.59,3,5,2021,21,0
2021-05-28,Sports,101.0,150.58,0,76.17,4,5,2021,21,0
2021-05-29,Sports,100.0,150.58,0,61.47,5,5,2021,21,0
2021-05-30,Sports,96.0,150.58,0,68.62,6,5,2021,21,0
2021-05-31,Sports,75.0,150.58,0,72.47,0,5,2021,22,0
2021-06-01,Sports,75.0,150.58,0,55.56,1,6,2021,22,0
2021-06-02,Sports,75.0,150.58,0,64.57,2,6,2021,22,0
2021-06-03,Sports,75.0,150.58,0,74.35,3,6,2021,22,0
2021-06-04,Sports,77.0,150.58,0,73.25,4,6,2021,22,0
2021-06-05,Sports,101.0,150.58,0,69.49,5,6,2021,22,0
2021-06-06,Sports,107.0,150.58,0,71.41,6,6,2021,22,0
2021-06-07,Sports,80.0,150.58,0,67.45,0,6,2021,23,0
2021-06-08,Sports,85.0,150.58,0,68.52,1,6,2021,23,0
2021-06-09,Sports,89.0,150.58,0,63.53,2,6,2021,23,0
2021-06-10,Sports,86.0,150.58,0,65.05,3,6,2021,23,0
2021-06-11,Sports,103.0,150.58,0,60.66,4,6,2021,23,0
2021-06-12,Sports,113.0,150.58,0,69.49,5,6,2021,23,0
2021-06-13,Sports,119.0,150.58,0,70.13,6,6,2021,23,0
2021-06-14,Sports,92.0,150.58,0,68.77,0,6,2021,24,0
2021-06-15,Sports,84.0,150.58,0,59.17,1,6,2021,24,0
2021-06-16,Sports,82.0,150.58,0,55.78,2,6,2021,24,0
2021-06-17,Sports,81.0,150.58,0,66.27,3,6,2021,24,0
2021-06-18,Sports,94.0,150.58,0,61.93,4,6,2021,24,0
2021-06-19,Sports,105.0,150.58,0,60.18,5,6,2021,24,0
2021-06-20,Sports,111.0,150.58,0,54.7,6,6,2021,24,0
2021-06-21,Sports,76.0,150.58,0,59.32,0,6,2021,25,0
2021-06-22,Sports,78.0,150.58,0,51.09,1,6,2021,25,0
2021-06-23,Sports,63.0,150.58,0,59.0,2,6,2021,25,0
2021-06-24,Sports,94.0,150.58,0,62.04,3,6,2021,25,0
2021-06-25,Sports,93.0,150.58,0,62.62,4,6,2021,25,0
2021-06-26,Sports,112.0,150.58,0,57.32,5,6,2021,25,0
2021-06-27,Sports,119.0,150.58,0,46.19,6,6,2021,25,0
2021-06-28,Sports,137.0,127.2,1,53.4,0,6,2021,26,0
2021-06-29,Sports,146.0,127.2,1,62.42,1,6,2021,26,0
2021-06-30,Sports,117.0,127.2,1,46.69,2,6,2021,26,0
2021-07-01,Sports,163.0,127.2,1,50.05,3,7,2021,26,0
2021-07-02,Sports,170.0,127.2,1,56.72,4,7,2021,26,0
2021-07-03,Sports,182.0,127.2,1,52.05,5,7,2021,26,0
2021-07-04,Sports,166.0,150.58,0,60.68,6,7,2021,26,1
2021-07-05,Sports,74.0,150.58,0,43.93,0,7,2021,27,0
2021-07-06,Sports,77.0,150.58,0,41.96,1,7,2021,27,0
2021-07-07,Sports,87.0,150.58,0,52.34,2,7,2021,27,0
2021-07-08,Sports,70.0,150.58,0,39.55,3,7,2021,27,0
2021-07-09,Sports,99.0,150.58,0,43.87,4,7,2021,27,0
2021-07-10,Sports,113.0,150.58,0,43.84,5,7,2021,27,0
2021-07-11,Sports,123.0,150.58,0,48.67,6,7,2021,27,0
2021-07-12,Sports,71.0,150.58,0,45.88,0,7,2021,28,0
2021-07-13,Sports,89.0,150.58,0,44.42,1,7,2021,28,0
2021-07-14,Sports,75.0,150.58,0,39.45,2,7,2021,28,0
2021-07-15,Sports,80.0,150.58,0,46.86,3,7,2021,28,0
2021-07-16,Sports,85.0,150.58,0,60.25,4,7,2021,28,0
2021-07-17,Sports,98.0,150.58,0,42.91,5,7,2021,28,0
2021-07-18,Sports,109.0,150.58,0,39.29,6,7,2021,28,0
2021-07-19,Sports,73.0,150.58,0,31.64,0,7,2021,29,0
2021-07-20,Sports,83.0,150.58,0,34.29,1,7,2021,29,0
2021-07-21,Sports,73.0,150.58,0,35.76,2,7,2021,29,0
2021-07-22,Sports,74.0,150.58,0,33.5,3,7,2021,29,0
2021-07-23,Sports,89.0,150.58,0,35.45,4,7,2021,29,0
2021-07-24,Sports,109.0,150.58,0,43.78,5,7,2021,29,0
2021-07-25,Sports,102.0,150.58,0,40.49,6,7,2021,29,0
2021-07-26,Sports,80.0,150.58,0,32.83,0,7,2021,30,0
2021-07-27,Sports,82.0,150.58,0,26.96,1,7,2021,30,0
2021-07-28,Sports,83.0,150.58,0,39.07,2,7,2021,30,0
2021-07-29,Sports,79.0,150.58,0,31.52,3,7,2021,30,0
2021-07-30,Sports,85.0,150.58,0,22.52,4,7,2021,30,0
2021-07-31,Sports,106.0,150.58,0,34.11,5,7,2021,30,0
2021-08-01,Sports,107.0,150.58,0,35.08,6,8,2021,30,0
2021-08-02,Sports,69.0,150.58,0,17.23,0,8,2021,31,0
2021-08-03,Sports,71.0,150.58,0,24.65,1,8,2021,31,0
2021-08-04,Sports,71.0,150.58,0,27.64,2,8,2021,31,0
2021-08-05,Sports,78.0,150.58,0,31.29,3,8,2021,31,0
2021-08-06,Sports,85.0,150.58,0,24.47,4,8,2021,31,0
2021-08-07,Sports,109.0,150.58,0,22.33,5,8,2021,31,0
2021-08-08,Sports,89.0,150.58,0,29.57,6,8,2021,31,0
2021-08-09,Sports,68.0,150.58,0,23.05,0,8,2021,32,0
2021-08-10,Sports,73.0,150.58,0,27.56,1,8,2021,32,0
2021-08-11,Sports,73.0,150.58,0,18.76,2,8,2021,32,0
2021-08-12,Sports,69.0,150.58,0,17.03,3,8,2021,32,0
2021-08-13,Sports,85.0,150.58,0,27.05,4,8,2021,32,0
2021-08-14,Sports,98.0,150.58,0,24.03,5,8,2021,32,0
2021-08-15,Sports,97.0,150.58,0,26.88,6,8,2021,32,0
2021-08-16,Sports,77.0,150.58,0,19.11,0,8,2021,33,0
2021-08-17,Sports,70.0,150.58,0,17.32,1,8,2021,33,0
2021-08-18,Sports,82.0,150.58,0,27.62,2,8,2021,33,0
2021-08-19,Sports,80.0,150.58,0,12.74,3,8,2021,33,0
2021-08-20,Sports,82.0,150.58,0,26.15,4,8,2021,33,0
2021-08-21,Sports,100.0,150.58,0,26.05,5,8,2021,33,0
2021-08-22,Sports,99.0,150.58,0,23.31,6,8,2021,33,0
2021-08-23,Sports,81.0,150.58,0,15.13,0,8,2021,34,0
2021-08-24,Sports,69.0,150.58,0,14.07,1,8,2021,34,0
2021-08-25,Sports,76.0,150.58,0,16.69,2,8,2021,34,0
2021-08-26,Sports,75.0,150.58,0,10.86,3,8,2021,34,0
2021-08-27,Sports,96.0,150.58,0,12.14,4,8,2021,34,0
2021-08-28,Sports,107.0,150.58,0,19.79,5,8,2021,34,0
2021-08-29,Sports,97.0,150.58,0,19.44,6,8,2021,34,0
2021-08-30,Sports,71.0,150.58,0,10.58,0,8,2021,35,0
2021-08-31,Sports,73.0,150.58,0,18.85,1,8,2021,35,0
2021-09-01,Sports,68.0,150.58,0,17.4,2,9,2021,35,0
2021-09-02,Sports,83.0,150.58,0,22.35,3,9,2021,35,0
2021-09-03,Sports,84.0,150.58,0,17.32,4,9,2021,35,0
2021-09-04,Sports,92.0,150.58,0,19.46,5,9,2021,35,0
2021-09-05,Sports,89.0,150.58,0,16.25,6,9,2021,35,0
2021-09-06,Sports,64.0,150.58,0,18.48,0,9,2021,36,0
2021-09-07,Sports,72.0,150.58,0,6.86,1,9,2021,36,0
2021-09-08,Sports,63.0,150.58,0,12.42,2,9,2021,36,0
2021-09-09,Sports,77.0,150.58,0,12.58,3,9,2021,36,0
2021-09-10,Sports,72.0,150.58,0,11.31,4,9,2021,36,0
2021-09-11,Sports,93.0,150.58,0,14.51,5,9,2021,36,0
2021-09-12,Sports,98.0,150.58,0,15.24,6,9,2021,36,0
2021-09-13,Sports,57.0,150.58,0,13.81,0,9,2021,37,0
2021-09-14,Sports,77.0,150.58,0,10.77,1,9,2021,37,0
2021-09-15,Sports,63.0,150.58,0,7.78,2,9,2021,37,0
2021-09-16,Sports,70.0,150.58,0,16.77,3,9,2021,37,0
2021-09-17,Sports,82.0,150.58,0,12.86,4,9,2021,37,0
2021-09-18,Sports,94.0,150.58,0,5.87,5,9,2021,37,0
2021-09-19,Sports,89.0,150.58,0,9.85,6,9,2021,37,0
2021-09-20,Sports,71.0,150.58,0,1.97,0,9,2021,38,0
2021-09-21,Sports,67.0,150.58,0,10.74,1,9,2021,38,0
2021-09-22,Sports,,150.58,0,9.46,2,9,2021,38,0
2021-09-23,Sports,69.0,150.58,0,7.48,3,9,2021,38,0
2021-09-24,Sports,88.0,150.58,0,18.19,4,9,2021,38,0
2021-09-25,Sports,92.0,150.58,0,4.42,5,9,2021,38,0
2021-09-26,Sports,72.0,150.58,0,13.67,6,9,2021,38,0
2021-09-27,Sports,77.0,150.58,0,21.02,0,9,2021,39,0
2021-09-28,Sports,59.0,150.58,0,15.43,1,9,2021,39,0
2021-09-29,Sports,69.0,150.58,0,9.86,2,9,2021,39,0
2021-09-30,Sports,65.0,150.58,0,4.33,3,9,2021,39,0
2021-10-01,Sports,79.0,150.58,0,3.19,4,10,2021,39,0
2021-10-02,Sports,79.0,150.58,0,7.95,5,10,2021,39,0
2021-10-03,Sports,85.0,150.58,0,6.59,6,10,2021,39,0
2021-10-04,Sports,60.0,150.58,0,6.46,0,10,2021,40,0
2021-10-05,Sports,68.0,150.58,0,8.48,1,10,2021,40,0
2021-10-06,Sports,61.0,150.58,0,9.65,2,10,2021,40,0
2021-10-07,Sports,67.0,150.58,0,12.66,3,10,2021,40,0
2021-10-08,Sports,58.0,150.58,0,4.12,4,10,2021,40,0
2021-10-09,Sports,80.0,150.58,0,6.99,5,10,2021,40,0
2021-10-10,Sports,81.0,150.58,0,9.71,6,10,2021,40,0
2021-10-11,Sports,61.0,150.58,0,9.64,0,10,2021,41,0
2021-10-12,Sports,62.0,150.58,0,19.93,1,10,2021,41,0
2021-10-13,Sports,55.0,150.58,0,12.05,2,10,2021,41,0
2021-10-14,Sports,60.0,150.58,0,2.97,3,10,2021,41,0
2021-10-15,Sports,74.0,150.58,0,13.29,4,10,2021,41,0
2021-10-16,Sports,63.0,150.58,0,14.1,5,10,2021,41,0
2021-10-17,Sports,79.0,150.58,0,10.93,6,10,2021,41,0
2021-10-18,Sports,56.0,150.58,0,5.68,0,10,2021,42,0
2021-10-19,Sports,52.0,150.58,0,20.75,1,10,2021,42,0
2021-10-20,Sports,56.0,150.58,0,6.83,2,10,2021,42,0
2021-10-21,Sports,63.0,150.58,0,15.71,3,10,2021,42,0
2021-10-22,Sports,71.0,150.58,0,13.65,4,10,2021,42,0
2021-10-23,Sports,74.0,150.58,0,15.9,5,10,2021,42,0
2021-10-24,Sports,78.0,150.58,0,21.7,6,10,2021,42,0
2021-10-25,Sports,59.0,150.58,0,16.24,0,10,2021,43,0
2021-10-26,Sports,53.0,150.58,0,10.93,1,10,2021,43,0
2021-10-27,Sports,50.0,150.58,0,19.54,2,10,2021,43,0
2021-10-28,Sports,53.0,150.58,0,11.17,3,10,2021,43,0
2021-10-29,Sports,67.0,150.58,0,15.46,4,10,2021,43,0
2021-10-30,Sports,119.0,126.69,1,8.5,5,10,2021,43,0
2021-10-31,Sports,160.0,126.69,1,10.14,6,10,2021,43,1
2021-11-01,Sports,77.0,126.69,1,15.91,0,11,2021,44,0
2021-11-02,Sports,92.0,126.69,1,17.85,1,11,2021,44,0
2021-11-03,Sports,81.0,126.69,1,7.86,2,11,2021,44,0
2021-11-04,Sports,91.0,126.69,1,19.24,3,11,2021,44,0
2021-11-05,Sports,67.0,150.58,0,13.04,4,11,2021,44,0
2021-11-06,Sports,62.0,150.58,0,23.94,5,11,2021,44,0
2021-11-07,Sports,67.0,150.58,0,16.19,6,11,2021,44,0
2021-11-08,Sports,51.0,150.58,0,12.74,0,11,2021,45,0
2021-11-09,Sports,52.0,150.58,0,19.17,1,11,2021,45,0
2021-11-10,Sports,54.0,150.58,0,14.64,2,11,2021,45,0
2021-11-11,Sports,46.0,150.58,0,26.01,3,11,2021,45,0
2021-11-12,Sports,61.0,150.58,0,20.12,4,11,2021,45,0
2021-11-13,Sports,72.0,150.58,0,19.82,5,11,2021,45,0
2021-11-14,Sports,64.0,150.58,0,24.01,6,11,2021,45,0
2021-11-15,Sports,49.0,150.58,0,16.51,0,11,2021,46,0
2021-11-16,Sports,50.0,150.58,0,15.58,1,11,2021,46,0
2021-11-17,Sports,49.0,150.58,0,24.56,2,11,2021,46,0
2021-11-18,Sports,52.0,150.58,0,17.52,3,11,2021,46,0
2021-11-19,Sports,60.0,150.58,0,18.03,4,11,2021,46,0
2021-11-20,Sports,60.0,150.58,0,28.24,5,11,2021,46,0
2021-11-21,Sports,68.0,150.58,0,27.21,6,11,2021,46,0
2021-11-22,Sports,53.0,150.58,0,18.85,0,11,2021,47,0
2021-11-23,Sports,48.0,150.58,0,22.57,1,11,2021,47,0
2021-11-24,Sports,41.0,150.58,0,21.69,2,11,2021,47,0
2021-11-25,Sports,106.0,150.58,0,35.65,3,11,2021,47,1
2021-11-26,Sports,169.0,150.58,0,31.86,4,11,2021,47,1
2021-11-27,Sports,57.0,150.58,0,25.8,5,11,2021,47,0
2021-11-28,Sports,60.0,150.58,0,31.36,6,11,2021,47,0
2021-11-29,Sports,42.0,150.58,0,22.28,0,11,2021,48,0
2021-11-30,Sports,48.0,150.58,0,26.29,1,11,2021,48,0
2021-12-01,Sports,46.0,150.58,0,30.77,2,12,2021,48,0
2021-12-02,Sports,41.0,150.58,0,33.11,3,12,2021,48,0
2021-12-03,Sports,56.0,150.58,0,30.97,4,12,2021,48,0
2021-12-04,Sports,61.0,150.58,0,33.31,5,12,2021,48,0
2021-12-05,Sports,63.0,150.58,0,33.08,6,12,2021,48,0
2021-12-06,Sports,44.0,150.58,0,32.49,0,12,2021,49,0
2021-12-07,Sports,42.0,150.58,0,32.46,1,12,2021,49,0
2021-12-08,Sports,41.0,150.58,0,32.44,2,12,2021,49,0
2021-12-09,Sports,44.0,150.58,0,36.37,3,12,2021,49,0
2021-12-10,Sports,53.0,150.58,0,37.91,4,12,2021,49,0
2021-12-11,Sports,61.0,150.58,0,37.49,5,12,2021,49,0
2021-12-12,Sports,58.0,150.58,0,31.26,6,12,2021,49,0
2021-12-13,Sports,44.0,150.58,0,32.81,0,12,2021,50,0
2021-12-14,Sports,43.0,150.58,0,40.46,1,12,2021,50,0
2021-12-15,Sports,52.0,150.58,0,46.48,2,12,2021,50,0
2021-12-16,Sports,43.0,150.58,0,40.55,3,12,2021,50,0
2021-12-17,Sports,50.0,150.58,0,38.39,4,12,2021,50,0
2021-12-18,Sports,75.0,150.58,0,42.24,5,12,2021,50,0
2021-12-19,Sports,60.0,150.58,0,36.11,6,12,2021,50,0
2021-12-20,Sports,40.0,150.58,0,49.02,0,12,2021,51,0
2021-12-21,Sports,46.0,150.58,0,44.08,1,12,2021,51,0
2021-12-22,Sports,40.0,150.58,0,40.48,2,12,2021,51,0
2021-12-23,Sports,49.0,150.58,0,43.67,3,12,2021,51,0
2021-12-24,Sports,51.0,150.58,0,42.56,4,12,2021,51,0
2021-12-25,Sports,142.0,150.58,0,52.43,5,12,2021,51,1
2021-12-26,Sports,118.0,150.58,0,45.55,6,12,2021,51,1
2021-12-27,Sports,46.0,150.58,0,48.02,0,12,2021,52,0
2021-12-28,Sports,47.0,150.58,0,50.8,1,12,2021,52,0
2021-12-29,Sports,44.0,150.58,0,44.92,2,12,2021,52,0
2021-12-30,Sports,44.0,150.58,0,50.28,3,12,2021,52,0
2021-12-31,Sports,87.0,150.58,0,51.37,4,12,2021,52,1
2022-01-01,Sports,116.0,150.58,0,42.92,5,1,2022,52,1
2022-01-02,Sports,59.0,150.58,0,52.64,6,1,2022,52,0
2022-01-03,Sports,51.0,150.58,0,51.84,0,1,2022,1,0
2022-01-04,Sports,46.0,150.58,0,53.4,1,1,2022,1,0
2022-01-05,Sports,44.0,150.58,0,53.62,2,1,2022,1,0
2022-01-06,Sports,46.0,150.58,0,55.42,3,1,2022,1,0
2022-01-07,Sports,52.0,150.58,0,61.5,4,1,2022,1,0
2022-01-08,Sports,53.0,150.58,0,49.59,5,1,2022,1,0
2022-01-09,Sports,58.0,150.58,0,54.46,6,1,2022,1,0
2022-01-10,Sports,45.0,150.58,0,60.18,0,1,2022,2,0
2022-01-11,Sports,72.0,124.44,1,59.93,1,1,2022,2,0
2022-01-12,Sports,75.0,124.44,1,60.5,2,1,2022,2,0
2022-01-13,Sports,78.0,124.44,1,72.64,3,1,2022,2,0
2022-01-14,Sports,94.0,124.44,1,62.62,4,1,2022,2,0
2022-01-15,Sports,107.0,124.44,1,65.87,5,1,2022,2,0
2022-01-16,Sports,101.0,124.44,1,59.34,6,1,2022,2,0
2022-01-17,Sports,68.0,124.44,1,56.57,0,1,2022,3,0
2022-01-18,Sports,50.0,150.58,0,60.63,1,1,2022,3,0
2022-01-19,Sports,43.0,150.58,0,66.41,2,1,2022,3,0
2022-01-20,Sports,46.0,150.58,0,65.54,3,1,2022,3,0
2022-01-21,Sports,52.0,150.58,0,66.16,4,1,2022,3,0
2022-01-22,Sports,58.0,150.58,0,63.72,5,1,2022,3,0
2022-01-23,Sports,67.0,150.58,0,63.56,6,1,2022,3,0
2022-01-24,Sports,51.0,150.58,0,65.16,0,1,2022,4,0
2022-01-25,Sports,47.0,150.58,0,70.31,1,1,2022,4,0
2022-01-26,Sports,44.0,150.58,0,71.51,2,1,2022,4,0
2022-01-27,Sports,50.0,150.58,0,62.9,3,1,2022,4,0
2022-01-28,Sports,55.0,150.58,0,72.35,4,1,2022,4,0
2022-01-29,Sports,61.0,150.58,0,65.9,5,1,2022,4,0
2022-01-30,Sports,63.0,150.58,0,72.1,6,1,2022,4,0
2022-01-31,Sports,45.0,150.58,0,69.39,0,1,2022,5,0
2022-02-01,Sports,47.0,150.58,0,78.77,1,2,2022,5,0
2022-02-02,Sports,46.0,150.58,0,69.43,2,2,2022,5,0
2022-02-03,Sports,51.0,150.58,0,72.99,3,2,2022,5,0
2022-02-04,Sports,53.0,150.58,0,75.7,4,2,2022,5,0
2022-02-05,Sports,67.0,150.58,0,68.86,5,2,2022,5,0
2022-02-06,Sports,58.0,150.58,0,73.42,6,2,2022,5,0
2022-02-07,Sports,46.0,150.58,0,73.01,0,2,2022,6,0
2022-02-08,Sports,45.0,150.58,0,72.31,1,2,2022,6,0
2022-02-09,Sports,43.0,150.58,0,73.22,2,2,2022,6,0
2022-02-10,Sports,54.0,150.58,0,81.51,3,2,2022,6,0
2022-02-11,Sports,53.0,150.58,0,73.47,4,2,2022,6,0
2022-02-12,Sports,62.0,150.58,0,79.81,5,2,2022,6,0
2022-02-13,Sports,71.0,150.58,0,79.06,6,2,2022,6,0
2022-02-14,Sports,76.0,150.58,0,70.99,0,2,2022,7,1
2022-02-15,Sports,48.0,150.58,0,81.06,1,2,2022,7,0
2022-02-16,Sports,45.0,150.58,0,71.88,2,2,2022,7,0
2022-02-17,Sports,55.0,150.58,0,82.56,3,2,2022,7,0
2022-02-18,Sports,63.0,150.58,0,77.34,4,2,2022,7,0
2022-02-19,Sports,72.0,150.58,0,80.37,5,2,2022,7,0
2022-02-20,Sports,70.0,150.58,0,74.31,6,2,2022,7,0
2022-02-21,Sports,52.0,150.58,0,81.82,0,2,2022,8,0
2022-02-22,Sports,48.0,150.58,0,86.27,1,2,2022,8,0
2022-02-23,Sports,47.0,150.58,0,78.02,2,2,2022,8,0
2022-02-24,Sports,59.0,150.58,0,79.43,3,2,2022,8,0
2022-02-25,Sports,65.0,150.58,0,85.13,4,2,2022,8,0
2022-02-26,Sports,67.0,150.58,0,85.64,5,2,2022,8,0
2022-02-27,Sports,70.0,150.58,0,71.45,6,2,2022,8,0
2022-02-28,Sports,52.0,150.58,0,94.07,0,2,2022,9,0
2022-03-01,Sports,48.0,150.58,0,86.99,1,3,2022,9,0
2022-03-02,Sports,53.0,150.58,0,88.18,2,3,2022,9,0
2022-03-03,Sports,54.0,150.58,0,84.32,3,3,2022,9,0
2022-03-04,Sports,59.0,150.58,0,76.09,4,3,2022,9,0
2022-03-05,Sports,64.0,150.58,0,89.05,5,3,2022,9,0
2022-03-06,Sports,63.0,150.58,0,83.16,6,3,2022,9,0
2022-03-07,Sports,54.0,150.58,0,89.0,0,3,2022,10,0
2022-03-08,Sports,54.0,150.58,0,85.47,1,3,2022,10,0
2022-03-09,Sports,50.0,150.58,0,88.03,2,3,2022,10,0
2022-03-10,Sports,61.0,150.58,0,83.23,3,3,2022,10,0
2022-03-11,Sports,66.0,150.58,0,91.68,4,3,2022,10,0
2022-03-12,Sports,79.0,150.58,0,81.65,5,3,2022,10,0
2022-03-13,Sports,74.0,150.58,0,99.05,6,3,2022,10,0
2022-03-14,Sports,54.0,150.58,0,99.23,0,3,2022,11,0
2022-03-15,Sports,57.0,150.58,0,96.41,1,3,2022,11,0
2022-03-16,Sports,51.0,150.58,0,94.82,2,3,2022,11,0
2022-03-17,Sports,62.0,150.58,0,88.21,3,3,2022,11,0
2022-03-18,Sports,64.0,150.58,0,94.64,4,3,2022,11,0
2022-03-19,Sports,85.0,150.58,0,88.48,5,3,2022,11,0
2022-03-20,Sports,76.0,150.58,0,81.35,6,3,2022,11,0
2022-03-21,Sports,65.0,150.58,0,96.77,0,3,2022,12,0
2022-03-22,Sports,54.0,150.58,0,95.02,1,3,2022,12,0
2022-03-23,Sports,55.0,150.58,0,89.34,2,3,2022,12,0
2022-03-24,Sports,64.0,150.58,0,83.47,3,3,2022,12,0
2022-03-25,Sports,78.0,150.58,0,86.76,4,3,2022,12,0
2022-03-26,Sports,93.0,150.58,0,80.66,5,3,2022,12,0
2022-03-27,Sports,81.0,150.58,0,94.56,6,3,2022,12,0
2022-03-28,Sports,71.0,150.58,0,81.88,0,3,2022,13,0
2022-03-29,Sports,60.0,150.58,0,91.37,1,3,2022,13,0
2022-03-30,Sports,66.0,150.58,0,85.75,2,3,2022,13,0
2022-03-31,Sports,60.0,150.58,0,82.86,3,3,2022,13,0
2022-04-01,Sports,77.0,150.58,0,91.19,4,4,2022,13,0
2022-04-02,Sports,69.0,150.58,0,88.33,5,4,2022,13,0
2022-04-03,Sports,144.0,114.09,1,94.17,6,4,2022,13,0
2022-04-04,Sports,126.0,114.09,1,83.62,0,4,2022,14,0
2022-04-05,Sports,107.0,114.09,1,86.13,1,4,2022,14,0
2022-04-06,Sports,123.0,114.09,1,77.93,2,4,2022,14,0
2022-04-07,Sports,135.0,114.09,1,78.88,3,4,2022,14,0
2022-04-08,Sports,139.0,114.09,1,98.72,4,4,2022,14,0
2022-04-09,Sports,81.0,150.58,0,100.06,5,4,2022,14,0
2022-04-10,Sports,84.0,150.58,0,90.01,6,4,2022,14,0
2022-04-11,Sports,62.0,150.58,0,85.32,0,4,2022,15,0
2022-04-12,Sports,65.0,150.58,0,87.82,1,4,2022,15,0
2022-04-13,Sports,66.0,150.58,0,93.55,2,4,2022,15,0
2022-04-14,Sports,68.0,150.58,0,86.47,3,4,2022,15,0
2022-04-15,Sports,90.0,150.58,0,90.07,4,4,2022,15,0
2022-04-16,Sports,86.0,150.58,0,88.65,5,4,2022,15,0
2022-04-17,Sports,100.0,150.58,0,85.69,6,4,2022,15,0
2022-04-18,Sports,63.0,150.58,0,85.72,0,4,2022,16,0
2022-04-19,Sports,68.0,150.58,0,89.61,1,4,2022,16,0
2022-04-20,Sports,74.0,150.58,0,83.05,2,4,2022,16,0
2022-04-21,Sports,78.0,150.58,0,89.97,3,4,2022,16,0
2022-04-22,Sports,79.0,150.58,0,85.12,4,4,2022,16,0
2022-04-23,Sports,98.0,150.58,0,87.87,5,4,2022,16,0
2022-04-24,Sports,96.0,150.58,0,93.89,6,4,2022,16,0
2022-04-25,Sports,68.0,150.58,0,85.86,0,4,2022,17,0
2022-04-26,Sports,73.0,150.58,0,91.02,1,4,2022,17,0
2022-04-27,Sports,80.0,150.58,0,77.17,2,4,2022,17,0
2022-04-28,Sports,77.0,150.58,0,83.48,3,4,2022,17,0
2022-04-29,Sports,88.0,150.58,0,85.66,4,4,2022,17,0
2022-04-30,Sports,102.0,150.58,0,94.82,5,4,2022,17,0
2022-05-01,Sports,85.0,150.58,0,75.07,6,5,2022,17,0
2022-05-02,Sports,76.0,150.58,0,84.04,0,5,2022,18,0
2022-05-03,Sports,66.0,150.58,0,91.46,1,5,2022,18,0
2022-05-04,Sports,68.0,150.58,0,79.88,2,5,2022,18,0
2022-05-05,Sports,89.0,150.58,0,82.37,3,5,2022,18,0
2022-05-06,Sports,85.0,150.58,0,84.71,4,5,2022,18,0
2022-05-07,Sports,94.0,150.58,0,83.58,5,5,2022,18,0
2022-05-08,Sports,107.0,150.58,0,90.09,6,5,2022,18,0
2022-05-09,Sports,70.0,150.58,0,84.09,0,5,2022,19,0
2022-05-10,Sports,71.0,150.58,0,88.06,1,5,2022,19,0
2022-05-11,Sports,81.0,150.58,0,79.2,2,5,2022,19,0
2022-05-12,Sports,78.0,150.58,0,76.85,3,5,2022,19,0
2022-05-13,Sports,78.0,150.58,0,78.98,4,5,2022,19,0
2022-05-14,Sports,107.0,150.58,0,73.85,5,5,2022,19,0
2022-05-15,Sports,98.0,150.58,0,81.6,6,5,2022,19,0
2022-05-16,Sports,87.0,150.58,0,76.78,0,5,2022,20,0
2022-05-17,Sports,72.0,150.58,0,74.86,1,5,2022,20,0
2022-05-18,Sports,81.0,150.58,0,80.22,2,5,2022,20,0
2022-05-19,Sports,91.0,150.58,0,71.51,3,5,2022,20,0
2022-05-20,Sports,85.0,150.58,0,80.58,4,5,2022,20,0
2022-05-21,Sports,103.0,150.58,0,73.81,5,5,2022,20,0
2022-05-22,Sports,106.0,150.58,0,81.48,6,5,2022,20,0
2022-05-23,Sports,73.0,150.58,0,73.19,0,5,2022,21,0
2022-05-24,Sports,79.0,150.58,0,77.77,1,5,2022,21,0
2022-05-25,Sports,75.0,150.58,0,74.96,2,5,2022,21,0
2022-05-26,Sports,79.0,150.58,0,77.23,3,5,2022,21,0
2022-05-27,Sports,93.0,150.58,0,73.5,4,5,2022,21,0
2022-05-28,Sports,107.0,150.58,0,64.07,5,5,2022,21,0
2022-05-29,Sports,106.0,150.58,0,76.85,6,5,2022,21,0
2022-05-30,Sports,76.0,150.58,0,70.79,0,5,2022,22,0
2022-05-31,Sports,75.0,150.58,0,74.59,1,5,2022,22,0
2022-06-01,Sports,77.0,150.58,0,73.5,2,6,2022,22,0
2022-06-02,Sports,82.0,150.58,0,65.58,3,6,2022,22,0
2022-06-03,Sports,91.0,150.58,0,64.27,4,6,2022,22,0
2022-06-04,Sports,111.0,150.58,0,71.51,5,6,2022,22,0
2022-06-05,Sports,91.0,150.58,0,66.1,6,6,2022,22,0
2022-06-06,Sports,76.0,150.58,0,71.68,0,6,2022,23,0
2022-06-07,Sports,78.0,150.58,0,65.48,1,6,2022,23,0
2022-06-08,Sports,73.0,150.58,0,70.86,2,6,2022,23,0
2022-06-09,Sports,94.0,150.58,0,67.22,3,6,2022,23,0
2022-06-10,Sports,95.0,150.58,0,65.91,4,6,2022,23,0
2022-06-11,Sports,111.0,150.58,0,61.95,5,6,2022,23,0
2022-06-12,Sports,103.0,150.58,0,64.34,6,6,2022,23,0
2022-06-13,Sports,82.0,150.58,0,68.49,0,6,2022,24,0
2022-06-14,Sports,73.0,150.58,0,61.6,1,6,2022,24,0
2022-06-15,Sports,78.0,150.58,0,63.87,2,6,2022,24,0
2022-06-16,Sports,78.0,150.58,0,60.78,3,6,2022,24,0
2022-06-17,Sports,94.0,150.58,0,60.5,4,6,2022,24,0
2022-06-18,Sports,88.0,150.58,0,67.83,5,6,2022,24,0
2022-06-19,Sports,99.0,150.58,0,64.55,6,6,2022,24,0
2022-06-20,Sports,92.0,150.58,0,58.26,0,6,2022,25,0
2022-06-21,Sports,86.0,150.58,0,58.26,1,6,2022,25,0
2022-06-22,Sports,89.0,150.58,0,53.0,2,6,2022,25,0
2022-06-23,Sports,94.0,150.58,0,54.97,3,6,2022,25,0
2022-06-24,Sports,102.0,150.58,0,56.7,4,6,2022,25,0
2022-06-25,Sports,107.0,150.58,0,58.72,5,6,2022,25,0
2022-06-26,Sports,100.0,150.58,0,57.53,6,6,2022,25,0
2022-06-27,Sports,91.0,150.58,0,47.55,0,6,2022,26,0
2022-06-28,Sports,82.0,150.58,0,57.29,1,6,2022,26,0
2022-06-29,Sports,96.0,150.58,0,51.28,2,6,2022,26,0
2022-06-30,Sports,82.0,150.58,0,46.1,3,6,2022,26,0
2022-07-01,Sports,112.0,150.58,0,57.03,4,7,2022,26,0
2022-07-02,Sports,109.0,150.58,0,56.97,5,7,2022,26,0
2022-07-03,Sports,121.0,150.58,0,50.29,6,7,2022,26,0
2022-07-04,Sports,132.0,150.58,0,51.82,0,7,2022,27,1
2022-07-05,Sports,75.0,150.58,0,51.43,1,7,2022,27,0
2022-07-06,Sports,77.0,150.58,0,53.88,2,7,2022,27,0
2022-07-07,Sports,78.0,150.58,0,49.86,3,7,2022,27,0
2022-07-08,Sports,87.0,150.58,0,38.9,4,7,2022,27,0
2022-07-09,Sports,117.0,150.58,0,54.9,5,7,2022,27,0
2022-07-10,Sports,107.0,150.58,0,49.5,6,7,2022,27,0
2022-07-11,Sports,83.0,150.58,0,40.94,0,7,2022,28,0
2022-07-12,Sports,85.0,150.58,0,37.66,1,7,2022,28,0
2022-07-13,Sports,68.0,150.58,0,44.66,2,7,2022,28,0
2022-07-14,Sports,93.0,150.58,0,40.07,3,7,2022,28,0
2022-07-15,Sports,94.0,150.58,0,42.44,4,7,2022,28,0
2022-07-16,Sports,115.0,150.58,0,43.84,5,7,2022,28,0
2022-07-17,Sports,114.0,150.58,0,36.62,6,7,2022,28,0
2022-07-18,Sports,91.0,150.58,0,33.21,0,7,2022,29,0
2022-07-19,Sports,80.0,150.58,0,40.06,1,7,2022,29,0
2022-07-20,Sports,,150.58,0,34.81,2,7,2022,29,0
2022-07-21,Sports,84.0,150.58,0,37.55,3,7,2022,29,0
2022-07-22,Sports,97.0,150.58,0,29.46,4,7,2022,29,0
2022-07-23,Sports,100.0,150.58,0,34.27,5,7,2022,29,0
2022-07-24,Sports,109.0,150.58,0,38.47,6,7,2022,29,0
2022-07-25,Sports,79.0,150.58,0,37.29,0,7,2022,30,0
2022-07-26,Sports,71.0,150.58,0,29.68,1,7,2022,30,0
2022-07-27,Sports,83.0,150.58,0,27.16,2,7,2022,30,0
2022-07-28,Sports,79.0,150.58,0,32.46,3,7,2022,30,0
2022-07-29,Sports,92.0,150.58,0,34.57,4,7,2022,30,0
2022-07-30,Sports,104.0,150.58,0,33.18,5,7,2022,30,0
2022-07-31,Sports,117.0,150.58,0,27.99,6,7,2022,30,0
2022-08-01,Sports,80.0,150.58,0,31.44,0,8,2022,31,0
2022-08-02,Sports,79.0,150.58,0,36.87,1,8,2022,31,0
2022-08-03,Sports,75.0,150.58,0,29.8,2,8,2022,31,0
2022-08-04,Sports,85.0,150.58,0,20.02,3,8,2022,31,0
2022-08-05,Sports,103.0,150.58,0,28.63,4,8,2022,31,0
2022-08-06,Sports,112.0,150.58,0,37.27,5,8,2022,31,0
2022-08-07,Sports,110.0,150.58,0,20.05,6,8,2022,31,0
2022-08-08,Sports,83.0,150.58,0,26.08,0,8,2022,32,0
2022-08-09,Sports,69.0,150.58,0,24.26,1,8,2022,32,0
2022-08-10,Sports,71.0,150.58,0,25.33,2,8,2022,32,0
2022-08-11,Sports,79.0,150.58,0,25.29,3,8,2022,32,0
2022-08-12,Sports,344.0,150.58,0,29.49,4,8,2022,32,0
2022-08-13,Sports,96.0,150.58,0,23.7,5,8,2022,32,0
2022-08-14,Sports,87.0,150.58,0,29.16,6,8,2022,32,0
2022-08-15,Sports,70.0,150.58,0,21.68,0,8,2022,33,0
2022-08-16,Sports,74.0,150.58,0,20.03,1,8,2022,33,0
2022-08-17,Sports,75.0,150.58,0,17.95,2,8,2022,33,0
2022-08-18,Sports,74.0,150.58,0,11.73,3,8,2022,33,0
2022-08-19,Sports,90.0,150.58,0,21.73,4,8,2022,33,0
2022-08-20,Sports,99.0,150.58,0,30.16,5,8,2022,33,0
2022-08-21,Sports,,150.58,0,21.74,6,8,2022,33,0
2022-08-22,Sports,75.0,150.58,0,22.44,0,8,2022,34,0
2022-08-23,Sports,79.0,150.58,0,16.51,1,8,2022,34,0
2022-08-24,Sports,74.0,150.58,0,16.93,2,8,2022,34,0
2022-08-25,Sports,69.0,150.58,0,22.66,3,8,2022,34,0
2022-08-26,Sports,87.0,150.58,0,27.38,4,8,2022,34,0
2022-08-27,Sports,90.0,150.58,0,24.39,5,8,2022,34,0
2022-08-28,Sports,97.0,150.58,0,20.59,6,8,2022,34,0
2022-08-29,Sports,70.0,150.58,0,16.37,0,8,2022,35,0
2022-08-30,Sports,75.0,150.58,0,16.88,1,8,2022,35,0
2022-08-31,Sports,64.0,150.58,0,11.71,2,8,2022,35,0
2022-09-01,Sports,75.0,150.58,0,7.89,3,9,2022,35,0
2022-09-02,Sports,90.0,150.58,0,9.17,4,9,2022,35,0
2022-09-03,Sports,105.0,150.58,0,14.73,5,9,2022,35,0
2022-09-04,Sports,90.0,150.58,0,12.71,6,9,2022,35,0
2022-09-05,Sports,73.0,150.58,0,6.52,0,9,2022,36,0
2022-09-06,Sports,72.0,150.58,0,13.39,1,9,2022,36,0
2022-09-07,Sports,78.0,150.58,0,11.7,2,9,2022,36,0
2022-09-08,Sports,65.0,150.58,0,7.16,3,9,2022,36,0
2022-09-09,Sports,77.0,150.58,0,10.92,4,9,2022,36,0
2022-09-10,Sports,116.0,150.58,0,10.92,5,9,2022,36,0
2022-09-11,Sports,91.0,150.58,0,9.21,6,9,2022,36,0
2022-09-12,Sports,60.0,150.58,0,16.7,0,9,2022,37,0
2022-09-13,Sports,65.0,150.58,0,2.34,1,9,2022,37,0
2022-09-14,Sports,52.0,150.58,0,1.72,2,9,2022,37,0
2022-09-15,Sports,72.0,150.58,0,11.48,3,9,2022,37,0
2022-09-16,Sports,86.0,150.58,0,11.76,4,9,2022,37,0
2022-09-17,Sports,85.0,150.58,0,13.14,5,9,2022,37,0
2022-09-18,Sports,86.0,150.58,0,8.26,6,9,2022,37,0
2022-09-19,Sports,73.0,150.58,0,6.23,0,9,2022,38,0
2022-09-20,Sports,57.0,150.58,0,10.65,1,9,2022,38,0
2022-09-21,Sports,58.0,150.58,0,8.35,2,9,2022,38,0
2022-09-22,Sports,67.0,150.58,0,18.21,3,9,2022,38,0
2022-09-23,Sports,73.0,150.58,0,8.73,4,9,2022,38,0
2022-09-24,Sports,87.0,150.58,0,10.0,5,9,2022,38,0
2022-09-25,Sports,78.0,150.58,0,22.57,6,9,2022,38,0
2022-09-26,Sports,67.0,150.58,0,9.16,0,9,2022,39,0
2022-09-27,Sports,63.0,150.58,0,12.86,1,9,2022,39,0
2022-09-28,Sports,66.0,150.58,0,13.28,2,9,2022,39,0
2022-09-29,Sports,67.0,150.58,0,13.68,3,9,2022,39,0
2022-09-30,Sports,136.0,119.78,1,11.45,4,9,2022,39,0
2022-10-01,Sports,135.0,119.78,1,10.97,5,10,2022,39,0
2022-10-02,Sports,155.0,119.78,1,10.51,6,10,2022,39,0
2022-10-03,Sports,110.0,119.78,1,7.15,0,10,2022,40,0
2022-10-04,Sports,108.0,119.78,1,11.69,1,10,2022,40,0
2022-10-05,Sports,66.0,150.58,0,20.25,2,10,2022,40,0
2022-10-06,Sports,122.0,107.45,1,16.22,3,10,2022,40,0
2022-10-07,Sports,163.0,107.45,1,11.75,4,10,2022,40,0
2022-10-08,Sports,187.0,107.45,1,14.59,5,10,2022,40,0
2022-10-09,Sports,173.0,107.45,1,6.06,6,10,2022,40,0
2022-10-10,Sports,114.0,107.45,1,9.2,0,10,2022,41,0
2022-10-11,Sports,100.0,107.45,1,15.36,1,10,2022,41,0
2022-10-12,Sports,129.0,107.45,1,18.18,2,10,2022,41,0
2022-10-13,Sports,62.0,150.58,0,7.03,3,10,2022,41,0
2022-10-14,Sports,66.0,150.58,0,8.62,4,10,2022,41,0
2022-10-15,Sports,87.0,150.58,0,22.1,5,10,2022,41,0
2022-10-16,Sports,73.0,150.58,0,11.85,6,10,2022,41,0
2022-10-17,Sports,57.0,150.58,0,20.67,0,10,2022,42,0
2022-10-18,Sports,60.0,150.58,0,12.78,1,10,2022,42,0
2022-10-19,Sports,85.0,126.92,1,13.19,2,10,2022,42,0
2022-10-20,Sports,98.0,126.92,1,10.65,3,10,2022,42,0
2022-10-21,Sports,122.0,126.92,1,17.12,4,10,2022,42,0
2022-10-22,Sports,129.0,126.92,1,19.44,5,10,2022,42,0
2022-10-23,Sports,,126.92,1,7.72,6,10,2022,42,0
2022-10-24,Sports,103.0,126.92,1,11.4,0,10,2022,43,0
2022-10-25,Sports,55.0,150.58,0,18.01,1,10,2022,43,0
2022-10-26,Sports,44.0,150.58,0,13.07,2,10,2022,43,0
2022-10-27,Sports,52.0,150.58,0,11.55,3,10,2022,43,0
2022-10-28,Sports,69.0,150.58,0,19.37,4,10,2022,43,0
2022-10-29,Sports,65.0,150.58,0,20.15,5,10,2022,43,0
2022-10-30,Sports,70.0,150.58,0,12.72,6,10,2022,43,0
2022-10-31,Sports,84.0,150.58,0,16.36,0,10,2022,44,1
2022-11-01,Sports,60.0,150.58,0,9.61,1,11,2022,44,0
2022-11-02,Sports,50.0,150.58,0,11.53,2,11,2022,44,0
2022-11-03,Sports,52.0,150.58,0,17.0,3,11,2022,44,0
2022-11-04,Sports,62.0,150.58,0,16.91,4,11,2022,44,0
2022-11-05,Sports,73.0,150.58,0,12.31,5,11,2022,44,0
2022-11-06,Sports,69.0,150.58,0,13.96,6,11,2022,44,0
2022-11-07,Sports,57.0,150.58,0,12.62,0,11,2022,45,0
2022-11-08,Sports,48.0,150.58,0,20.64,1,11,2022,45,0
2022-11-09,Sports,51.0,150.58,0,8.95,2,11,2022,45,0
2022-11-10,Sports,55.0,150.58,0,14.17,3,11,2022,45,0
2022-11-11,Sports,59.0,150.58,0,10.35,4,11,2022,45,0
2022-11-12,Sports,73.0,150.58,0,22.22,5,11,2022,45,0
2022-11-13,Sports,68.0,150.58,0,11.57,6,11,2022,45,0
2022-11-14,Sports,54.0,150.58,0,21.21,0,11,2022,46,0
2022-11-15,Sports,51.0,150.58,0,29.73,1,11,2022,46,0
2022-11-16,Sports,50.0,150.58,0,30.39,2,11,2022,46,0
2022-11-17,Sports,49.0,150.58,0,13.49,3,11,2022,46,0
2022-11-18,Sports,56.0,150.58,0,24.51,4,11,2022,46,0
2022-11-19,Sports,73.0,150.58,0,18.59,5,11,2022,46,0
2022-11-20,Sports,69.0,150.58,0,18.09,6,11,2022,46,0
2022-11-21,Sports,46.0,150.58,0,24.02,0,11,2022,47,0
2022-11-22,Sports,49.0,150.58,0,31.26,1,11,2022,47,0
2022-11-23,Sports,39.0,150.58,0,28.66,2,11,2022,47,0
2022-11-24,Sports,105.0,150.58,0,22.64,3,11,2022,47,1
2022-11-25,Sports,184.0,150.58,0,30.29,4,11,2022,47,1
2022-11-26,Sports,,150.58,0,16.11,5,11,2022,47,0
2022-11-27,Sports,64.0,150.58,0,24.14,6,11,2022,47,0
2022-11-28,Sports,37.0,150.58,0,24.36,0,11,2022,48,0
2022-11-29,Sports,46.0,150.58,0,29.45,1,11,2022,48,0
2022-11-30,Sports,48.0,150.58,0,28.64,2,11,2022,48,0
2022-12-01,Sports,51.0,150.58,0,29.54,3,12,2022,48,0
2022-12-02,Sports,60.0,150.58,0,29.98,4,12,2022,48,0
2022-12-03,Sports,62.0,150.58,0,31.57,5,12,2022,48,0
2022-12-04,Sports,61.0,150.58,0,34.77,6,12,2022,48,0
2022-12-05,Sports,42.0,150.58,0,33.44,0,12,2022,49,0
2022-12-06,Sports,75.0,126.73,1,31.89,1,12,2022,49,0
2022-12-07,Sports,68.0,126.73,1,35.95,2,12,2022,49,0
2022-12-08,Sports,68.0,126.73,1,38.7,3,12,2022,49,0
2022-12-09,Sports,82.0,126.73,1,32.43,4,12,2022,49,0
2022-12-10,Sports,115.0,126.73,1,35.56,5,12,2022,49,0
2022-12-11,Sports,99.0,126.73,1,42.31,6,12,2022,49,0
2022-12-12,Sports,78.0,126.73,1,31.64,0,12,2022,50,0
2022-12-13,Sports,43.0,150.58,0,46.83,1,12,2022,50,0
2022-12-14,Sports,38.0,150.58,0,31.76,2,12,2022,50,0
2022-12-15,Sports,51.0,150.58,0,37.39,3,12,2022,50,0
2022-12-16,Sports,44.0,150.58,0,35.03,4,12,2022,50,0
2022-12-17,Sports,58.0,150.58,0,51.39,5,12,2022,50,0
2022-12-18,Sports,60.0,150.58,0,38.61,6,12,2022,50,0
2022-12-19,Sports,47.0,150.58,0,39.29,0,12,2022,51,0
2022-12-20,Sports,42.0,150.58,0,40.62,1,12,2022,51,0
2022-12-21,Sports,38.0,150.58,0,43.63,2,12,2022,51,0
2022-12-22,Sports,44.0,150.58,0,42.19,3,12,2022,51,0
2022-12-23,Sports,50.0,150.58,0,43.84,4,12,2022,51,0
2022-12-24,Sports,57.0,150.58,0,27.55,5,12,2022,51,0
2022-12-25,Sports,160.0,150.58,0,46.16,6,12,2022,51,1
2022-12-26,Sports,74.0,150.58,0,46.65,0,12,2022,52,1
2022-12-27,Sports,45.0,150.58,0,52.44,1,12,2022,52,0
2022-12-28,Sports,44.0,150.58,0,54.48,2,12,2022,52,0
2022-12-29,Sports,50.0,150.58,0,47.68,3,12,2022,52,0
2022-12-30,Sports,52.0,150.58,0,53.39,4,12,2022,52,0
2022-12-31,Sports,103.0,150.58,0,44.49,5,12,2022,52,1
2023-01-01,Sports,105.0,150.58,0,54.53,6,1,2023,52,1
2023-01-02,Sports,47.0,150.58,0,48.51,0,1,2023,1,0
2023-01-03,Sports,39.0,150.58,0,46.14,1,1,2023,1,0
2023-01-04,Sports,35.0,150.58,0,51.82,2,1,2023,1,0
2023-01-05,Sports,48.0,150.58,0,60.44,3,1,2023,1,0
2023-01-06,Sports,55.0,150.58,0,55.03,4,1,2023,1,0
2023-01-07,Sports,63.0,150.58,0,62.29,5,1,2023,1,0
2023-01-08,Sports,57.0,150.58,0,51.75,6,1,2023,1,0
2023-01-09,Sports,51.0,150.58,0,61.41,0,1,2023,2,0
2023-01-10,Sports,43.0,150.58,0,53.59,1,1,2023,2,0
2023-01-11,Sports,46.0,150.58,0,58.66,2,1,2023,2,0
2023-01-12,Sports,49.0,150.58,0,59.29,3,1,2023,2,0
2023-01-13,Sports,61.0,150.58,0,62.18,4,1,2023,2,0
2023-01-14,Sports,60.0,150.58,0,60.8,5,1,2023,2,0
2023-01-15,Sports,57.0,150.58,0,56.52,6,1,2023,2,0
2023-01-16,Sports,41.0,150.58,0,65.28,0,1,2023,3,0
2023-01-17,Sports,51.0,150.58,0,70.2,1,1,2023,3,0
2023-01-18,Sports,46.0,150.58,0,59.28,2,1,2023,3,0
2023-01-19,Sports,49.0,150.58,0,53.67,3,1,2023,3,0
2023-01-20,Sports,68.0,150.58,0,66.0,4,1,2023,3,0
2023-01-21,Sports,64.0,150.58,0,62.49,5,1,2023,3,0
2023-01-22,Sports,55.0,150.58,0,64.13,6,1,2023,3,0
2023-01-23,Sports,46.0,150.58,0,68.21,0,1,2023,4,0
2023-01-24,Sports,42.0,150.58,0,63.78,1,1,2023,4,0
2023-01-25,Sports,44.0,150.58,0,65.34,2,1,2023,4,0
2023-01-26,Sports,47.0,150.58,0,66.81,3,1,2023,4,0
2023-01-27,Sports,53.0,150.58,0,75.28,4,1,2023,4,0
2023-01-28,Sports,56.0,150.58,0,68.69,5,1,2023,4,0
2023-01-29,Sports,71.0,150.58,0,62.97,6,1,2023,4,0
2023-01-30,Sports,87.0,120.29,1,63.77,0,1,2023,5,0
2023-01-31,Sports,82.0,120.29,1,71.04,1,1,2023,5,0
2023-02-01,Sports,88.0,120.29,1,65.29,2,2,2023,5,0
2023-02-02,Sports,91.0,120.29,1,63.71,3,2,2023,5,0
2023-02-03,Sports,58.0,150.58,0,75.28,4,2,2023,5,0
2023-02-04,Sports,69.0,150.58,0,76.09,5,2,2023,5,0
2023-02-05,Sports,65.0,150.58,0,71.39,6,2,2023,5,0
2023-02-06,Sports,52.0,150.58,0,75.26,0,2,2023,6,0
2023-02-07,Sports,51.0,150.58,0,75.28,1,2,2023,6,0
2023-02-08,Sports,49.0,150.58,0,77.89,2,2,2023,6,0
2023-02-09,Sports,50.0,150.58,0,78.44,3,2,2023,6,0
2023-02-10,Sports,66.0,150.58,0,62.92,4,2,2023,6,0
2023-02-11,Sports,65.0,150.58,0,75.26,5,2,2023,6,0
2023-02-12,Sports,68.0,150.58,0,79.57,6,2,2023,6,0
2023-02-13,Sports,52.0,150.58,0,75.43,0,2,2023,7,0
2023-02-14,Sports,76.0,150.58,0,78.16,1,2,2023,7,1
2023-02-15,Sports,46.0,150.58,0,82.22,2,2,2023,7,0
2023-02-16,Sports,51.0,150.58,0,79.35,3,2,2023,7,0
2023-02-17,Sports,58.0,150.58,0,86.96,4,2,2023,7,0
2023-02-18,Sports,61.0,150.58,0,85.51,5,2,2023,7,0
2023-02-19,Sports,65.0,150.58,0,79.74,6,2,2023,7,0
2023-02-20,Sports,54.0,150.58,0,79.79,0,2,2023,8,0
2023-02-21,Sports,57.0,150.58,0,66.96,1,2,2023,8,0
2023-02-22,Sports,54.0,150.58,0,80.01,2,2,2023,8,0
2023-02-23,Sports,43.0,150.58,0,75.29,3,2,2023,8,0
2023-02-24,Sports,66.0,150.58,0,83.57,4,2,2023,8,0
2023-02-25,Sports,69.0,150.58,0,83.62,5,2,2023,8,0
2023-02-26,Sports,74.0,150.58,0,86.73,6,2,2023,8,0
2023-02-27,Sports,54.0,150.58,0,90.61,0,2,2023,9,0
2023-02-28,Sports,53.0,150.58,0,83.86,1,2,2023,9,0
2023-03-01,Sports,53.0,150.58,0,95.75,2,3,2023,9,0
2023-03-02,Sports,56.0,150.58,0,85.86,3,3,2023,9,0
2023-03-03,Sports,72.0,150.58,0,78.48,4,3,2023,9,0
2023-03-04,Sports,74.0,150.58,0,82.55,5,3,2023,9,0
2023-03-05,Sports,80.0,150.58,0,83.82,6,3,2023,9,0
2023-03-06,Sports,61.0,150.58,0,88.95,0,3,2023,10,0
2023-03-07,Sports,59.0,150.58,0,81.54,1,3,2023,10,0
2023-03-08,Sports,47.0,150.58,0,85.08,2,3,2023,10,0
2023-03-09,Sports,64.0,150.58,0,86.03,3,3,2023,10,0
2023-03-10,Sports,65.0,150.58,0,84.86,4,3,2023,10,0
2023-03-11,Sports,82.0,150.58,0,91.41,5,3,2023,10,0
2023-03-12,Sports,71.0,150.58,0,90.8,6,3,2023,10,0
2023-03-13,Sports,53.0,150.58,0,93.66,0,3,2023,11,0
2023-03-14,Sports,67.0,150.58,0,86.39,1,3,2023,11,0
2023-03-15,Sports,91.0,122.69,1,94.26,2,3,2023,11,0
2023-03-16,Sports,115.0,122.69,1,81.63,3,3,2023,11,0
2023-03-17,Sports,122.0,122.69,1,81.69,4,3,2023,11,0
2023-03-18,Sports,134.0,122.69,1,82.73,5,3,2023,11,0
2023-03-19,Sports,137.0,122.69,1,89.01,6,3,2023,11,0
2023-03-20,Sports,94.0,122.69,1,95.13,0,3,2023,12,0
2023-03-21,Sports,60.0,150.58,0,86.24,1,3,2023,12,0
2023-03-22,Sports,54.0,150.58,0,87.0,2,3,2023,12,0
2023-03-23,Sports,61.0,150.58,0,88.41,3,3,2023,12,0
2023-03-24,Sports,78.0,150.58,0,92.46,4,3,2023,12,0
2023-03-25,Sports,85.0,150.58,0,87.3,5,3,2023,12,0
2023-03-26,Sports,123.0,124.8,1,87.1,6,3,2023,12,0
2023-03-27,Sports,114.0,124.8,1,83.11,0,3,2023,13,0
2023-03-28,Sports,105.0,124.8,1,87.03,1,3,2023,13,0
2023-03-29,Sports,100.0,124.8,1,95.82,2,3,2023,13,0
2023-03-30,Sports,,150.58,0,90.42,3,3,2023,13,0
2023-03-31,Sports,74.0,150.58,0,86.29,4,3,2023,13,0
2023-04-01,Sports,79.0,150.58,0,96.18,5,4,2023,13,0
2023-04-02,Sports,98.0,150.58,0,87.07,6,4,2023,13,0
2023-04-03,Sports,66.0,150.58,0,97.08,0,4,2023,14,0
2023-04-04,Sports,64.0,150.58,0,96.97,1,4,2023,14,0
2023-04-05,Sports,62.0,150.58,0,90.2,2,4,2023,14,0
2023-04-06,Sports,75.0,150.58,0,82.37,3,4,2023,14,0
2023-04-07,Sports,75.0,150.58,0,101.25,4,4,2023,14,0
2023-04-08,Sports,79.0,150.58,0,91.67,5,4,2023,14,0
2023-04-09,Sports,84.0,150.58,0,88.03,6,4,2023,14,0
2023-04-10,Sports,75.0,150.58,0,94.33,0,4,2023,15,0
2023-04-11,Sports,71.0,150.58,0,92.95,1,4,2023,15,0
2023-04-12,Sports,65.0,150.58,0,95.87,2,4,2023,15,0
2023-04-13,Sports,78.0,150.58,0,85.87,3,4,2023,15,0
2023-04-14,Sports,86.0,150.58,0,90.63,4,4,2023,15,0
2023-04-15,Sports,91.0,150.58,0,82.96,5,4,2023,15,0
2023-04-16,Sports,91.0,150.58,0,92.05,6,4,2023,15,0
2023-04-17,Sports,72.0,150.58,0,88.42,0,4,2023,16,0
2023-04-18,Sports,65.0,150.58,0,89.75,1,4,2023,16,0
2023-04-19,Sports,69.0,150.58,0,87.42,2,4,2023,16,0
2023-04-20,Sports,75.0,150.58,0,86.68,3,4,2023,16,0
2023-04-21,Sports,72.0,150.58,0,83.37,4,4,2023,16,0
2023-04-22,Sports,95.0,150.58,0,91.43,5,4,2023,16,0
2023-04-23,Sports,93.0,150.58,0,94.68,6,4,2023,16,0
2023-04-24,Sports,79.0,150.58,0,84.19,0,4,2023,17,0
2023-04-25,Sports,61.0,150.58,0,89.47,1,4,2023,17,0
2023-04-26,Sports,69.0,150.58,0,88.59,2,4,2023,17,0
2023-04-27,Sports,72.0,150.58,0,86.17,3,4,2023,17,0
2023-04-28,Sports,93.0,150.58,0,78.2,4,4,2023,17,0
2023-04-29,Sports,99.0,150.58,0,79.01,5,4,2023,17,0
2023-04-30,Sports,112.0,150.58,0,81.3,6,4,2023,17,0
2023-05-01,Sports,79.0,150.58,0,74.17,0,5,2023,18,0
2023-05-02,Sports,71.0,150.58,0,91.57,1,5,2023,18,0
2023-05-03,Sports,74.0,150.58,0,86.01,2,5,2023,18,0
2023-05-04,Sports,75.0,150.58,0,83.66,3,5,2023,18,0
2023-05-05,Sports,95.0,150.58,0,72.49,4,5,2023,18,0
2023-05-06,Sports,91.0,150.58,0,73.93,5,5,2023,18,0
2023-05-07,Sports,94.0,150.58,0,82.65,6,5,2023,18,0
2023-05-08,Sports,80.0,150.58,0,92.11,0,5,2023,19,0
2023-05-09,Sports,83.0,150.58,0,78.35,1,5,2023,19,0
2023-05-10,Sports,113.0,116.93,1,85.74,2,5,2023,19,0
2023-05-11,Sports,161.0,116.93,1,78.6,3,5,2023,19,0
2023-05-12,Sports,164.0,116.93,1,80.83,4,5,2023,19,0
2023-05-13,Sports,162.0,116.93,1,86.18,5,5,2023,19,0
2023-05-14,Sports,143.0,116.93,1,77.92,6,5,2023,19,0
2023-05-15,Sports,69.0,150.58,0,75.73,0,5,2023,20,0
2023-05-16,Sports,77.0,150.58,0,85.8,1,5,2023,20,0
2023-05-17,Sports,76.0,150.58,0,78.45,2,5,2023,20,0
2023-05-18,Sports,85.0,150.58,0,83.19,3,5,2023,20,0
2023-05-19,Sports,89.0,150.58,0,73.8,4,5,2023,20,0
2023-05-20,Sports,97.0,150.58,0,83.76,5,5,2023,20,0
2023-05-21,Sports,102.0,150.58,0,77.57,6,5,2023,20,0
2023-05-22,Sports,138.0,123.34,1,77.86,0,5,2023,21,0
2023-05-23,Sports,138.0,123.34,1,75.81,1,5,2023,21,0
2023-05-24,Sports,126.0,123.34,1,72.08,2,5,2023,21,0
2023-05-25,Sports,152.0,123.34,1,74.06,3,5,2023,21,0
2023-05-26,Sports,155.0,123.34,1,71.3,4,5,2023,21,0
2023-05-27,Sports,173.0,123.34,1,77.75,5,5,2023,21,0
2023-05-28,Sports,,150.58,0,71.37,6,5,2023,21,0
2023-05-29,Sports,89.0,150.58,0,64.33,0,5,2023,22,0
2023-05-30,Sports,79.0,150.58,0,62.83,1,5,2023,22,0
2023-05-31,Sports,75.0,150.58,0,62.01,2,5,2023,22,0
2023-06-01,Sports,90.0,150.58,0,73.14,3,6,2023,22,0
2023-06-02,Sports,113.0,150.58,0,63.69,4,6,2023,22,0
2023-06-03,Sports,112.0,150.58,0,70.35,5,6,2023,22,0
2023-06-04,Sports,119.0,150.58,0,68.92,6,6,2023,22,0
2023-06-05,Sports,90.0,150.58,0,67.3,0,6,2023,23,0
2023-06-06,Sports,77.0,150.58,0,69.19,1,6,2023,23,0
2023-06-07,Sports,81.0,150.58,0,67.17,2,6,2023,23,0
2023-06-08,Sports,77.0,150.58,0,52.19,3,6,2023,23,0
2023-06-09,Sports,96.0,150.58,0,63.49,4,6,2023,23,0
2023-06-10,Sports,106.0,150.58,0,66.59,5,6,2023,23,0
2023-06-11,Sports,106.0,150.58,0,72.03,6,6,2023,23,0
2023-06-12,Sports,79.0,150.58,0,71.61,0,6,2023,24,0
2023-06-13,Sports,80.0,150.58,0,55.71,1,6,2023,24,0
2023-06-14,Sports,85.0,150.58,0,60.12,2,6,2023,24,0
2023-06-15,Sports,8.5,150.58,0,53.38,3,6,2023,24,0
2023-06-16,Sports,84.0,150.58,0,68.15,4,6,2023,24,0
2023-06-17,Sports,106.0,150.58,0,64.95,5,6,2023,24,0
2023-06-18,Sports,97.0,150.58,0,60.97,6,6,2023,24,0
2023-06-19,Sports,86.0,150.58,0,59.37,0,6,2023,25,0
2023-06-20,Sports,86.0,150.58,0,64.77,1,6,2023,25,0
2023-06-21,Sports,84.0,150.58,0,63.25,2,6,2023,25,0
2023-06-22,Sports,81.0,150.58,0,62.3,3,6,2023,25,0
2023-06-23,Sports,101.0,150.58,0,58.12,4,6,2023,25,0
2023-06-24,Sports,109.0,150.58,0,53.4,5,6,2023,25,0
2023-06-25,Sports,101.0,150.58,0,58.3,6,6,2023,25,0
2023-06-26,Sports,90.0,150.58,0,57.86,0,6,2023,26,0
2023-06-27,Sports,89.0,150.58,0,52.14,1,6,2023,26,0
2023-06-28,Sports,89.0,150.58,0,50.65,2,6,2023,26,0
2023-06-29,Sports,83.0,150.58,0,57.39,3,6,2023,26,0
2023-06-30,Sports,109.0,150.58,0,59.35,4,6,2023,26,0
2023-07-01,Sports,109.0,150.58,0,46.6,5,7,2023,26,0
2023-07-02,Sports,118.0,150.58,0,48.34,6,7,2023,26,0
2023-07-03,Sports,82.0,150.58,0,50.72,0,7,2023,27,0
2023-07-04,Sports,115.0,150.58,0,50.71,1,7,2023,27,1
2023-07-05,Sports,66.0,150.58,0,44.98,2,7,2023,27,0
2023-07-06,Sports,85.0,150.58,0,56.32,3,7,2023,27,0
2023-07-07,Sports,100.0,150.58,0,48.33,4,7,2023,27,0
2023-07-08,Sports,110.0,150.58,0,48.19,5,7,2023,27,0
2023-07-09,Sports,127.0,150.58,0,53.64,6,7,2023,27,0
2023-07-10,Sports,77.0,150.58,0,41.92,0,7,2023,28,0
2023-07-11,Sports,79.0,150.58,0,43.05,1,7,2023,28,0
2023-07-12,Sports,76.0,150.58,0,36.54,2,7,2023,28,0
2023-07-13,Sports,83.0,150.58,0,41.27,3,7,2023,28,0
2023-07-14,Sports,107.0,150.58,0,34.01,4,7,2023,28,0
2023-07-15,Sports,126.0,150.58,0,44.53,5,7,2023,28,0
2023-07-16,Sports,105.0,150.58,0,42.22,6,7,2023,28,0
2023-07-17,Sports,80.0,150.58,0,38.07,0,7,2023,29,0
2023-07-18,Sports,75.0,150.58,0,38.29,1,7,2023,29,0
2023-07-19,Sports,90.0,150.58,0,41.94,2,7,2023,29,0
2023-07-20,Sports,94.0,150.58,0,31.8,3,7,2023,29,0
2023-07-21,Sports,97.0,150.58,0,37.84,4,7,2023,29,0
2023-07-22,Sports,100.0,150.58,0,39.67,5,7,2023,29,0
2023-07-23,Sports,99.0,150.58,0,26.62,6,7,2023,29,0
2023-07-24,Sports,85.0,150.58,0,38.32,0,7,2023,30,0
2023-07-25,Sports,85.0,150.58,0,25.89,1,7,2023,30,0
2023-07-26,Sports,67.0,150.58,0,33.04,2,7,2023,30,0
2023-07-27,Sports,83.0,150.58,0,27.18,3,7,2023,30,0
2023-07-28,Sports,110.0,150.58,0,39.54,4,7,2023,30,0
2023-07-29,Sports,109.0,150.58,0,25.98,5,7,2023,30,0
2023-07-30,Sports,122.0,150.58,0,22.9,6,7,2023,30,0
2023-07-31,Sports,87.0,150.58,0,31.22,0,7,2023,31,0
2023-08-01,Sports,74.0,150.58,0,27.88,1,8,2023,31,0
2023-08-02,Sports,78.0,150.58,0,21.83,2,8,2023,31,0
2023-08-03,Sports,83.0,150.58,0,31.4,3,8,2023,31,0
2023-08-04,Sports,89.0,150.58,0,18.23,4,8,2023,31,0
2023-08-05,Sports,101.0,150.58,0,22.44,5,8,2023,31,0
2023-08-06,Sports,120.0,150.58,0,24.17,6,8,2023,31,0
2023-08-07,Sports,75.0,150.58,0,30.5,0,8,2023,32,0
2023-08-08,Sports,87.0,150.58,0,32.41,1,8,2023,32,0
2023-08-09,Sports,76.0,150.58,0,30.9,2,8,2023,32,0
2023-08-10,Sports,164.0,109.0,1,24.08,3,8,2023,32,0
2023-08-11,Sports,196.0,109.0,1,12.18,4,8,2023,32,0
2023-08-12,Sports,204.0,109.0,1,25.75,5,8,2023,32,0
2023-08-13,Sports,219.0,109.0,1,30.63,6,8,2023,32,0
2023-08-14,Sports,133.0,109.0,1,28.94,0,8,2023,33,0
2023-08-15,Sports,161.0,109.0,1,24.58,1,8,2023,33,0
2023-08-16,Sports,62.0,150.58,0,15.83,2,8,2023,33,0
2023-08-17,Sports,80.0,150.58,0,18.67,3,8,2023,33,0
2023-08-18,Sports,99.0,150.58,0,30.49,4,8,2023,33,0
2023-08-19,Sports,111.0,150.58,0,13.27,5,8,2023,33,0
2023-08-20,Sports,93.0,150.58,0,14.15,6,8,2023,33,0
2023-08-21,Sports,71.0,150.58,0,24.16,0,8,2023,34,0
2023-08-22,Sports,72.0,150.58,0,16.85,1,8,2023,34,0
2023-08-23,Sports,77.0,150.58,0,12.67,2,8,2023,34,0
2023-08-24,Sports,67.0,150.58,0,25.79,3,8,2023,34,0
2023-08-25,Sports,90.0,150.58,0,20.05,4,8,2023,34,0
2023-08-26,Sports,105.0,150.58,0,15.43,5,8,2023,34,0
2023-08-27,Sports,99.0,150.58,0,11.22,6,8,2023,34,0
2023-08-28,Sports,80.0,150.58,0,26.8,0,8,2023,35,0
2023-08-29,Sports,76.0,150.58,0,16.07,1,8,2023,35,0
2023-08-30,Sports,70.0,150.58,0,22.81,2,8,2023,35,0
2023-08-31,Sports,65.0,150.58,0,19.94,3,8,2023,35,0
2023-09-01,Sports,89.0,150.58,0,12.53,4,9,2023,35,0
2023-09-02,Sports,93.0,150.58,0,12.23,5,9,2023,35,0
2023-09-03,Sports,9.4,150.58,0,21.71,6,9,2023,35,0
2023-09-04,Sports,77.0,150.58,0,21.48,0,9,2023,36,0
2023-09-05,Sports,81.0,150.58,0,4.48,1,9,2023,36,0
2023-09-06,Sports,71.0,150.58,0,16.32,2,9,2023,36,0
2023-09-07,Sports,79.0,150.58,0,12.69,3,9,2023,36,0
2023-09-08,Sports,76.0,150.58,0,7.86,4,9,2023,36,0
2023-09-09,Sports,99.0,150.58,0,14.08,5,9,2023,36,0
2023-09-10,Sports,95.0,150.58,0,5.78,6,9,2023,36,0
2023-09-11,Sports,80.0,150.58,0,9.96,0,9,2023,37,0
2023-09-12,Sports,67.0,150.58,0,8.07,1,9,2023,37,0
2023-09-13,Sports,68.0,150.58,0,9.35,2,9,2023,37,0
2023-09-14,Sports,79.0,150.58,0,11.29,3,9,2023,37,0
2023-09-15,Sports,82.0,150.58,0,6.38,4,9,2023,37,0
2023-09-16,Sports,86.0,150.58,0,19.15,5,9,2023,37,0
2023-09-17,Sports,111.0,150.58,0,13.58,6,9,2023,37,0
2023-09-18,Sports,64.0,150.58,0,19.93,0,9,2023,38,0
2023-09-19,Sports,68.0,150.58,0,10.02,1,9,2023,38,0
2023-09-20,Sports,109.0,132.22,1,7.94,2,9,2023,38,0
2023-09-21,Sports,114.0,132.22,1,19.35,3,9,2023,38,0
2023-09-22,Sports,125.0,132.22,1,7.56,4,9,2023,38,0
2023-09-23,Sports,142.0,132.22,1,9.46,5,9,2023,38,0
2023-09-24,Sports,138.0,132.22,1,13.87,6,9,2023,38,0
2023-09-25,Sports,98.0,132.22,1,4.01,0,9,2023,39,0
2023-09-26,Sports,122.0,132.22,1,13.69,1,9,2023,39,0
2023-09-27,Sports,64.0,150.58,0,13.0,2,9,2023,39,0
2023-09-28,Sports,72.0,150.58,0,16.39,3,9,2023,39,0
2023-09-29,Sports,76.0,150.58,0,14.47,4,9,2023,39,0
2023-09-30,Sports,86.0,150.58,0,16.5,5,9,2023,39,0
2023-10-01,Sports,83.0,150.58,0,9.45,6,10,2023,39,0
2023-10-02,Sports,57.0,150.58,0,5.7,0,10,2023,40,0
2023-10-03,Sports,63.0,150.58,0,20.58,1,10,2023,40,0
2023-10-04,Sports,61.0,150.58,0,2.43,2,10,2023,40,0
2023-10-05,Sports,72.0,150.58,0,2.97,3,10,2023,40,0
2023-10-06,Sports,68.0,150.58,0,12.99,4,10,2023,40,0
2023-10-07,Sports,81.0,150.58,0,18.36,5,10,2023,40,0
2023-10-08,Sports,77.0,150.58,0,11.26,6,10,2023,40,0
2023-10-09,Sports,70.0,150.58,0,15.4,0,10,2023,41,0
2023-10-10,Sports,57.0,150.58,0,0.53,1,10,2023,41,0
2023-10-11,Sports,63.0,150.58,0,8.12,2,10,2023,41,0
2023-10-12,Sports,69.0,150.58,0,1.38,3,10,2023,41,0
2023-10-13,Sports,71.0,150.58,0,14.79,4,10,2023,41,0
2023-10-14,Sports,73.0,150.58,0,3.3,5,10,2023,41,0
2023-10-15,Sports,71.0,150.58,0,4.81,6,10,2023,41,0
2023-10-16,Sports,65.0,150.58,0,13.94,0,10,2023,42,0
2023-10-17,Sports,53.0,150.58,0,16.86,1,10,2023,42,0
2023-10-18,Sports,60.0,150.58,0,10.96,2,10,2023,42,0
2023-10-19,Sports,62.0,150.58,0,14.81,3,10,2023,42,0
2023-10-20,Sports,72.0,150.58,0,14.87,4,10,2023,42,0
2023-10-21,Sports,82.0,150.58,0,11.33,5,10,2023,42,0
2023-10-22,Sports,72.0,150.58,0,7.17,6,10,2023,42,0
2023-10-23,Sports,54.0,150.58,0,15.72,0,10,2023,43,0
2023-10-24,Sports,60.0,150.58,0,16.23,1,10,2023,43,0
2023-10-25,Sports,53.0,150.58,0,17.91,2,10,2023,43,0
2023-10-26,Sports,46.0,150.58,0,15.28,3,10,2023,43,0
2023-10-27,Sports,70.0,150.58,0,8.17,4,10,2023,43,0
2023-10-28,Sports,70.0,150.58,0,17.77,5,10,2023,43,0
2023-10-29,Sports,77.0,150.58,0,14.63,6,10,2023,43,0
2023-10-30,Sports,63.0,150.58,0,12.55,0,10,2023,44,0
2023-10-31,Sports,83.0,150.58,0,13.83,1,10,2023,44,1
2023-11-01,Sports,58.0,150.58,0,12.2,2,11,2023,44,0
2023-11-02,Sports,58.0,150.58,0,20.45,3,11,2023,44,0
2023-11-03,Sports,73.0,150.58,0,9.28,4,11,2023,44,0
2023-11-04,Sports,67.0,150.58,0,11.79,5,11,2023,44,0
2023-11-05,Sports,72.0,150.58,0,15.5,6,11,2023,44,0
2023-11-06,Sports,57.0,150.58,0,25.61,0,11,2023,45,0
2023-11-07,Sports,52.0,150.58,0,23.22,1,11,2023,45,0
2023-11-08,Sports,57.0,150.58,0,10.16,2,11,2023,45,0
2023-11-09,Sports,53.0,150.58,0,25.54,3,11,2023,45,0
2023-11-10,Sports,73.0,150.58,0,25.97,4,11,2023,45,0
2023-11-11,Sports,83.0,150.58,0,13.8,5,11,2023,45,0
2023-11-12,Sports,71.0,150.58,0,7.51,6,11,2023,45,0
2023-11-13,Sports,55.0,150.58,0,20.22,0,11,2023,46,0
2023-11-14,Sports,56.0,150.58,0,26.67,1,11,2023,46,0
2023-11-15,Sports,46.0,150.58,0,29.49,2,11,2023,46,0
2023-11-16,Sports,48.0,150.58,0,17.67,3,11,2023,46,0
2023-11-17,Sports,66.0,150.58,0,31.28,4,11,2023,46,0
2023-11-18,Sports,70.0,150.58,0,11.88,5,11,2023,46,0
2023-11-19,Sports,66.0,150.58,0,21.69,6,11,2023,46,0
2023-11-20,Sports,51.0,150.58,0,21.97,0,11,2023,47,0
2023-11-21,Sports,40.0,150.58,0,30.34,1,11,2023,47,0
2023-11-22,Sports,48.0,150.58,0,31.61,2,11,2023,47,0
2023-11-23,Sports,107.0,150.58,0,30.43,3,11,2023,47,1
2023-11-24,Sports,189.0,150.58,0,19.46,4,11,2023,47,1
2023-11-25,Sports,72.0,150.58,0,31.08,5,11,2023,47,0
2023-11-26,Sports,68.0,150.58,0,29.88,6,11,2023,47,0
2023-11-27,Sports,51.0,150.58,0,19.55,0,11,2023,48,0
2023-11-28,Sports,43.0,150.58,0,18.14,1,11,2023,48,0
2023-11-29,Sports,50.0,150.58,0,34.25,2,11,2023,48,0
2023-11-30,Sports,53.0,150.58,0,28.75,3,11,2023,48,0
2023-12-01,Sports,63.0,150.58,0,23.82,4,12,2023,48,0
2023-12-02,Sports,76.0,150.58,0,29.81,5,12,2023,48,0
2023-12-03,Sports,55.0,150.58,0,33.28,6,12,2023,48,0
2023-12-04,Sports,47.0,150.58,0,31.66,0,12,2023,49,0
2023-12-05,Sports,,150.58,0,24.93,1,12,2023,49,0
2023-12-06,Sports,47.0,150.58,0,42.74,2,12,2023,49,0
2023-12-07,Sports,49.0,150.58,0,38.96,3,12,2023,49,0
2023-12-08,Sports,55.0,150.58,0,32.9,4,12,2023,49,0
2023-12-09,Sports,69.0,150.58,0,33.74,5,12,2023,49,0
2023-12-10,Sports,57.0,150.58,0,37.65,6,12,2023,49,0
2023-12-11,Sports,44.0,150.58,0,30.85,0,12,2023,50,0
2023-12-12,Sports,43.0,150.58,0,38.76,1,12,2023,50,0
2023-12-13,Sports,44.0,150.58,0,31.15,2,12,2023,50,0
2023-12-14,Sports,44.0,150.58,0,38.11,3,12,2023,50,0
2023-12-15,Sports,55.0,150.58,0,33.28,4,12,2023,50,0
2023-12-16,Sports,62.0,150.58,0,34.2,5,12,2023,50,0
2023-12-17,Sports,58.0,150.58,0,48.68,6,12,2023,50,0
2023-12-18,Sports,50.0,150.58,0,41.42,0,12,2023,51,0
2023-12-19,Sports,,150.58,0,42.83,1,12,2023,51,0
2023-12-20,Sports,49.0,150.58,0,32.41,2,12,2023,51,0
2023-12-21,Sports,47.0,150.58,0,40.16,3,12,2023,51,0
2023-12-22,Sports,54.0,150.58,0,46.13,4,12,2023,51,0
2023-12-23,Sports,59.0,150.58,0,45.48,5,12,2023,51,0
2023-12-24,Sports,61.0,150.58,0,34.42,6,12,2023,51,0
2023-12-25,Sports,123.0,150.58,0,46.91,0,12,2023,52,1
2023-12-26,Sports,79.0,150.58,0,48.39,1,12,2023,52,1
2023-12-27,Sports,47.0,150.58,0,53.67,2,12,2023,52,0
2023-12-28,Sports,44.0,150.58,0,44.66,3,12,2023,52,0
2023-12-29,Sports,57.0,150.58,0,37.41,4,12,2023,52,0
2023-12-30,Sports,59.0,150.58,0,44.33,5,12,2023,52,0
2023-12-31,Sports,104.0,150.58,0,44.51,6,12,2023,52,1
2021-01-01,Toys,237.0,94.92,0,48.48,4,1,2021,53,1
2021-01-02,Toys,117.0,94.92,0,51.92,5,1,2021,53,0
2021-01-03,Toys,144.0,94.92,0,49.08,6,1,2021,53,0
2021-01-04,Toys,91.0,94.92,0,51.77,0,1,2021,1,0
2021-01-05,Toys,92.0,94.92,0,66.53,1,1,2021,1,0
2021-01-06,Toys,100.0,94.92,0,55.04,2,1,2021,1,0
2021-01-07,Toys,111.0,94.92,0,57.06,3,1,2021,1,0
2021-01-08,Toys,104.0,94.92,0,51.96,4,1,2021,1,0
2021-01-09,Toys,126.0,94.92,0,61.27,5,1,2021,1,0
2021-01-10,Toys,130.0,94.92,0,60.65,6,1,2021,1,0
2021-01-11,Toys,171.0,75.82,1,61.37,0,1,2021,2,0
2021-01-12,Toys,181.0,75.82,1,59.28,1,1,2021,2,0
2021-01-13,Toys,214.0,75.82,1,64.05,2,1,2021,2,0
2021-01-14,Toys,104.0,94.92,0,65.91,3,1,2021,2,0
2021-01-15,Toys,108.0,94.92,0,61.63,4,1,2021,2,0
2021-01-16,Toys,117.0,94.92,0,60.31,5,1,2021,2,0
2021-01-17,Toys,500.0,94.92,0,66.01,6,1,2021,2,0
2021-01-18,Toys,90.0,94.92,0,57.68,0,1,2021,3,0
2021-01-19,Toys,99.0,94.92,0,59.26,1,1,2021,3,0
2021-01-20,Toys,97.0,94.92,0,63.23,2,1,2021,3,0
2021-01-21,Toys,96.0,94.92,0,55.44,3,1,2021,3,0
2021-01-22,Toys,,94.92,0,68.93,4,1,2021,3,0
2021-01-23,Toys,121.0,94.92,0,60.61,5,1,2021,3,0
2021-01-24,Toys,125.0,94.92,0,63.7,6,1,2021,3,0
2021-01-25,Toys,101.0,94.92,0,65.62,0,1,2021,4,0
2021-01-26,Toys,101.0,94.92,0,67.51,1,1,2021,4,0
2021-01-27,Toys,102.0,94.92,0,66.21,2,1,2021,4,0
2021-01-28,Toys,101.0,94.92,0,68.21,3,1,2021,4,0
2021-01-29,Toys,207.0,77.72,1,68.85,4,1,2021,4,0
2021-01-30,Toys,206.0,77.72,1,67.52,5,1,2021,4,0
2021-01-31,Toys,230.0,77.72,1,66.48,6,1,2021,4,0
2021-02-01,Toys,210.0,66.45,1,76.34,0,2,2021,5,0
2021-02-02,Toys,169.0,81.16,1,61.0,1,2,2021,5,0
2021-02-03,Toys,129.0,81.16,1,71.07,2,2,2021,5,0
2021-02-04,Toys,145.0,81.16,1,70.32,3,2,2021,5,0
2021-02-05,Toys,190.0,81.16,1,75.33,4,2,2021,5,0
2021-02-06,Toys,160.0,81.16,1,66.52,5,2,2021,5,0
2021-02-07,Toys,207.0,81.16,1,71.84,6,2,2021,5,0
2021-02-08,Toys,101.0,94.92,0,74.37,0,2,2021,6,0
2021-02-09,Toys,86.0,94.92,0,80.77,1,2,2021,6,0
2021-02-10,Toys,86.0,94.92,0,77.61,2,2,2021,6,0
2021-02-11,Toys,86.0,94.92,0,70.55,3,2,2021,6,0
2021-02-12,Toys,102.0,94.92,0,74.54,4,2,2021,6,0
2021-02-13,Toys,117.0,94.92,0,81.91,5,2,2021,6,0
2021-02-14,Toys,180.0,94.92,0,71.97,6,2,2021,6,1
2021-02-15,Toys,85.0,94.92,0,78.07,0,2,2021,7,0
2021-02-16,Toys,86.0,94.92,0,78.9,1,2,2021,7,0
2021-02-17,Toys,85.0,94.92,0,77.49,2,2,2021,7,0
2021-02-18,Toys,105.0,94.92,0,93.36,3,2,2021,7,0
2021-02-19,Toys,101.0,94.92,0,78.27,4,2,2021,7,0
2021-02-20,Toys,122.0,94.92,0,83.03,5,2,2021,7,0
2021-02-21,Toys,111.0,94.92,0,77.38,6,2,2021,7,0
2021-02-22,Toys,84.0,94.92,0,84.28,0,2,2021,8,0
2021-02-23,Toys,74.0,94.92,0,86.41,1,2,2021,8,0
2021-02-24,Toys,74.0,94.92,0,79.52,2,2,2021,8,0
2021-02-25,Toys,80.0,94.92,0,82.59,3,2,2021,8,0
2021-02-26,Toys,102.0,94.92,0,78.77,4,2,2021,8,0
2021-02-27,Toys,125.0,94.92,0,77.9,5,2,2021,8,0
2021-02-28,Toys,96.0,94.92,0,89.18,6,2,2021,8,0
2021-03-01,Toys,,94.92,0,81.58,0,3,2021,9,0
2021-03-02,Toys,74.0,94.92,0,72.63,1,3,2021,9,0
2021-03-03,Toys,80.0,94.92,0,93.86,2,3,2021,9,0
2021-03-04,Toys,93.0,94.92,0,81.35,3,3,2021,9,0
2021-03-05,Toys,94.0,94.92,0,84.45,4,3,2021,9,0
2021-03-06,Toys,110.0,94.92,0,94.19,5,3,2021,9,0
2021-03-07,Toys,121.0,94.92,0,85.57,6,3,2021,9,0
2021-03-08,Toys,85.0,94.92,0,85.75,0,3,2021,10,0
2021-03-09,Toys,75.0,94.92,0,80.7,1,3,2021,10,0
2021-03-10,Toys,80.0,94.92,0,78.93,2,3,2021,10,0
2021-03-11,Toys,77.0,94.92,0,86.52,3,3,2021,10,0
2021-03-12,Toys,97.0,94.92,0,89.41,4,3,2021,10,0
2021-03-13,Toys,111.0,94.92,0,89.35,5,3,2021,10,0
2021-03-14,Toys,93.0,94.92,0,85.64,6,3,2021,10,0
2021-03-15,Toys,80.0,94.92,0,88.35,0,3,2021,11,0
2021-03-16,Toys,76.0,94.92,0,79.26,1,3,2021,11,0
2021-03-17,Toys,79.0,94.92,0,90.93,2,3,2021,11,0
2021-03-18,Toys,85.0,94.92,0,89.61,3,3,2021,11,0
2021-03-19,Toys,94.0,94.92,0,98.83,4,3,2021,11,0
2021-03-20,Toys,100.0,94.92,0,89.15,5,3,2021,11,0
2021-03-21,Toys,108.0,94.92,0,84.54,6,3,2021,11,0
2021-03-22,Toys,71.0,94.92,0,89.13,0,3,2021,12,0
2021-03-23,Toys,66.0,94.92,0,87.85,1,3,2021,12,0
2021-03-24,Toys,54.0,94.92,0,91.77,2,3,2021,12,0
2021-03-25,Toys,76.0,94.92,0,89.82,3,3,2021,12,0
2021-03-26,Toys,81.0,94.92,0,83.47,4,3,2021,12,0
2021-03-27,Toys,101.0,94.92,0,81.66,5,3,2021,12,0
2021-03-28,Toys,81.0,94.92,0,91.21,6,3,2021,12,0
2021-03-29,Toys,69.0,94.92,0,96.85,0,3,2021,13,0
2021-03-30,Toys,73.0,94.92,0,90.37,1,3,2021,13,0
2021-03-31,Toys,63.0,94.92,0,94.06,2,3,2021,13,0
2021-04-01,Toys,75.0,94.92,0,95.06,3,4,2021,13,0
2021-04-02,Toys,79.0,94.92,0,91.33,4,4,2021,13,0
2021-04-03,Toys,93.0,94.92,0,85.91,5,4,2021,13,0
2021-04-04,Toys,96.0,94.92,0,90.93,6,4,2021,13,0
2021-04-05,Toys,74.0,94.92,0,95.95,0,4,2021,14,0
2021-04-06,Toys,68.0,94.92,0,92.52,1,4,2021,14,0
2021-04-07,Toys,62.0,94.92,0,93.55,2,4,2021,14,0
2021-04-08,Toys,67.0,94.92,0,87.42,3,4,2021,14,0
2021-04-09,Toys,82.0,94.92,0,88.63,4,4,2021,14,0
2021-04-10,Toys,82.0,94.92,0,88.95,5,4,2021,14,0
2021-04-11,Toys,86.0,94.92,0,89.18,6,4,2021,14,0
2021-04-12,Toys,64.0,94.92,0,95.16,0,4,2021,15,0
2021-04-13,Toys,63.0,94.92,0,77.45,1,4,2021,15,0
2021-04-14,Toys,58.0,94.92,0,89.19,2,4,2021,15,0
2021-04-15,Toys,56.0,94.92,0,88.49,3,4,2021,15,0
2021-04-16,Toys,78.0,94.92,0,81.86,4,4,2021,15,0
2021-04-17,Toys,91.0,94.92,0,91.9,5,4,2021,15,0
2021-04-18,Toys,71.0,94.92,0,84.73,6,4,2021,15,0
2021-04-19,Toys,64.0,94.92,0,86.36,0,4,2021,16,0
2021-04-20,Toys,66.0,94.92,0,97.18,1,4,2021,16,0
2021-04-21,Toys,62.0,94.92,0,92.76,2,4,2021,16,0
2021-04-22,Toys,60.0,94.92,0,90.35,3,4,2021,16,0
2021-04-23,Toys,65.0,94.92,0,89.13,4,4,2021,16,0
2021-04-24,Toys,81.0,94.92,0,86.15,5,4,2021,16,0
2021-04-25,Toys,80.0,94.92,0,96.7,6,4,2021,16,0
2021-04-26,Toys,60.0,94.92,0,90.44,0,4,2021,17,0
2021-04-27,Toys,57.0,94.92,0,82.39,1,4,2021,17,0
2021-04-28,Toys,52.0,94.92,0,78.83,2,4,2021,17,0
2021-04-29,Toys,61.0,94.92,0,88.36,3,4,2021,17,0
2021-04-30,Toys,70.0,94.92,0,84.92,4,4,2021,17,0
2021-05-01,Toys,77.0,94.92,0,77.72,5,5,2021,17,0
2021-05-02,Toys,,94.92,0,86.67,6,5,2021,17,0
2021-05-03,Toys,64.0,94.92,0,82.83,0,5,2021,18,0
2021-05-04,Toys,52.0,94.92,0,86.46,1,5,2021,18,0
2021-05-05,Toys,59.0,94.92,0,85.65,2,5,2021,18,0
2021-05-06,Toys,53.0,94.92,0,80.01,3,5,2021,18,0
2021-05-07,Toys,69.0,94.92,0,85.83,4,5,2021,18,0
2021-05-08,Toys,79.0,94.92,0,79.77,5,5,2021,18,0
2021-05-09,Toys,69.0,94.92,0,79.68,6,5,2021,18,0
2021-05-10,Toys,61.0,94.92,0,78.76,0,5,2021,19,0
2021-05-11,Toys,54.0,94.92,0,86.65,1,5,2021,19,0
2021-05-12,Toys,47.0,94.92,0,79.15,2,5,2021,19,0
2021-05-13,Toys,52.0,94.92,0,86.97,3,5,2021,19,0
2021-05-14,Toys,66.0,94.92,0,88.57,4,5,2021,19,0
2021-05-15,Toys,74.0,94.92,0,75.49,5,5,2021,19,0
2021-05-16,Toys,62.0,94.92,0,64.1,6,5,2021,19,0
2021-05-17,Toys,50.0,94.92,0,83.45,0,5,2021,20,0
2021-05-18,Toys,50.0,94.92,0,76.02,1,5,2021,20,0
2021-05-19,Toys,47.0,94.92,0,72.9,2,5,2021,20,0
2021-05-20,Toys,61.0,94.92,0,73.78,3,5,2021,20,0
2021-05-21,Toys,59.0,94.92,0,74.13,4,5,2021,20,0
2021-05-22,Toys,65.0,94.92,0,82.17,5,5,2021,20,0
2021-05-23,Toys,70.0,94.92,0,75.95,6,5,2021,20,0
2021-05-24,Toys,47.0,94.92,0,81.03,0,5,2021,21,0
2021-05-25,Toys,51.0,94.92,0,76.54,1,5,2021,21,0
2021-05-26,Toys,40.0,94.92,0,71.97,2,5,2021,21,0
2021-05-27,Toys,47.0,94.92,0,71.0,3,5,2021,21,0
2021-05-28,Toys,60.0,94.92,0,75.19,4,5,2021,21,0
2021-05-29,Toys,71.0,94.92,0,75.91,5,5,2021,21,0
2021-05-30,Toys,58.0,94.92,0,76.21,6,5,2021,21,0
2021-05-31,Toys,43.0,94.92,0,69.33,0,5,2021,22,0
2021-06-01,Toys,48.0,94.92,0,70.93,1,6,2021,22,0
2021-06-02,Toys,43.0,94.92,0,72.37,2,6,2021,22,0
2021-06-03,Toys,46.0,94.92,0,66.93,3,6,2021,22,0
2021-06-04,Toys,57.0,94.92,0,62.56,4,6,2021,22,0
2021-06-05,Toys,58.0,94.92,0,63.59,5,6,2021,22,0
2021-06-06,Toys,50.0,94.92,0,65.79,6,6,2021,22,0
2021-06-07,Toys,40.0,94.92,0,69.69,0,6,2021,23,0
2021-06-08,Toys,44.0,94.92,0,72.04,1,6,2021,23,0
2021-06-09,Toys,37.0,94.92,0,58.33,2,6,2021,23,0
2021-06-10,Toys,45.0,94.92,0,61.48,3,6,2021,23,0
2021-06-11,Toys,46.0,94.92,0,62.04,4,6,2021,23,0
2021-06-12,Toys,67.0,94.92,0,67.15,5,6,2021,23,0
2021-06-13,Toys,68.0,94.92,0,59.88,6,6,2021,23,0
2021-06-14,Toys,40.0,94.92,0,59.72,0,6,2021,24,0
2021-06-15,Toys,44.0,94.92,0,54.15,1,6,2021,24,0
2021-06-16,Toys,39.0,94.92,0,62.96,2,6,2021,24,0
2021-06-17,Toys,43.0,94.92,0,59.07,3,6,2021,24,0
2021-06-18,Toys,58.0,94.92,0,55.94,4,6,2021,24,0
2021-06-19,Toys,56.0,94.92,0,57.24,5,6,2021,24,0
2021-06-20,Toys,55.0,94.92,0,63.5,6,6,2021,24,0
2021-06-21,Toys,40.0,94.92,0,52.17,0,6,2021,25,0
2021-06-22,Toys,46.0,94.92,0,52.3,1,6,2021,25,0
2021-06-23,Toys,31.0,94.92,0,62.09,2,6,2021,25,0
2021-06-24,Toys,42.0,94.92,0,55.53,3,6,2021,25,0
2021-06-25,Toys,50.0,94.92,0,57.82,4,6,2021,25,0
2021-06-26,Toys,54.0,94.92,0,55.79,5,6,2021,25,0
2021-06-27,Toys,60.0,94.92,0,52.92,6,6,2021,25,0
2021-06-28,Toys,47.0,94.92,0,50.67,0,6,2021,26,0
2021-06-29,Toys,37.0,94.92,0,55.88,1,6,2021,26,0
2021-06-30,Toys,48.0,94.92,0,56.84,2,6,2021,26,0
2021-07-01,Toys,39.0,94.92,0,55.77,3,7,2021,26,0
2021-07-02,Toys,55.0,94.92,0,43.73,4,7,2021,26,0
2021-07-03,Toys,58.0,94.92,0,55.49,5,7,2021,26,0
2021-07-04,Toys,75.0,94.92,0,46.49,6,7,2021,26,1
2021-07-05,Toys,41.0,94.92,0,43.82,0,7,2021,27,0
2021-07-06,Toys,42.0,94.92,0,46.06,1,7,2021,27,0
2021-07-07,Toys,42.0,94.92,0,50.37,2,7,2021,27,0
2021-07-08,Toys,41.0,94.92,0,48.24,3,7,2021,27,0
2021-07-09,Toys,49.0,94.92,0,43.57,4,7,2021,27,0
2021-07-10,Toys,54.0,94.92,0,48.36,5,7,2021,27,0
2021-07-11,Toys,51.0,94.92,0,44.19,6,7,2021,27,0
2021-07-12,Toys,40.0,94.92,0,39.94,0,7,2021,28,0
2021-07-13,Toys,38.0,94.92,0,38.59,1,7,2021,28,0
2021-07-14,Toys,41.0,94.92,0,43.51,2,7,2021,28,0
2021-07-15,Toys,46.0,94.92,0,40.38,3,7,2021,28,0
2021-07-16,Toys,51.0,94.92,0,33.24,4,7,2021,28,0
2021-07-17,Toys,68.0,94.92,0,43.69,5,7,2021,28,0
2021-07-18,Toys,47.0,94.92,0,36.39,6,7,2021,28,0
2021-07-19,Toys,46.0,94.92,0,46.09,0,7,2021,29,0
2021-07-20,Toys,43.0,94.92,0,30.46,1,7,2021,29,0
2021-07-21,Toys,46.0,94.92,0,35.92,2,7,2021,29,0
2021-07-22,Toys,48.0,94.92,0,32.68,3,7,2021,29,0
2021-07-23,Toys,52.0,94.92,0,30.65,4,7,2021,29,0
2021-07-24,Toys,61.0,94.92,0,32.46,5,7,2021,29,0
2021-07-25,Toys,56.0,94.92,0,43.11,6,7,2021,29,0
2021-07-26,Toys,48.0,94.92,0,34.34,0,7,2021,30,0
2021-07-27,Toys,38.0,94.92,0,29.04,1,7,2021,30,0
2021-07-28,Toys,47.0,94.92,0,23.24,2,7,2021,30,0
2021-07-29,Toys,47.0,94.92,0,23.16,3,7,2021,30,0
2021-07-30,Toys,52.0,94.92,0,28.47,4,7,2021,30,0
2021-07-31,Toys,61.0,94.92,0,27.38,5,7,2021,30,0
2021-08-01,Toys,60.0,94.92,0,28.83,6,8,2021,30,0
2021-08-02,Toys,52.0,94.92,0,18.0,0,8,2021,31,0
2021-08-03,Toys,58.0,94.92,0,28.31,1,8,2021,31,0
2021-08-04,Toys,50.0,94.92,0,33.33,2,8,2021,31,0
2021-08-05,Toys,47.0,94.92,0,35.73,3,8,2021,31,0
2021-08-06,Toys,59.0,94.92,0,17.58,4,8,2021,31,0
2021-08-07,Toys,68.0,94.92,0,22.48,5,8,2021,31,0
2021-08-08,Toys,59.0,94.92,0,21.66,6,8,2021,31,0
2021-08-09,Toys,44.0,94.92,0,26.12,0,8,2021,32,0
2021-08-10,Toys,48.0,94.92,0,18.75,1,8,2021,32,0
2021-08-11,Toys,51.0,94.92,0,32.73,2,8,2021,32,0
2021-08-12,Toys,44.0,94.92,0,24.01,3,8,2021,32,0
2021-08-13,Toys,55.0,94.92,0,22.66,4,8,2021,32,0
2021-08-14,Toys,70.0,94.92,0,30.73,5,8,2021,32,0
2021-08-15,Toys,67.0,94.92,0,22.19,6,8,2021,32,0
2021-08-16,Toys,57.0,94.92,0,23.78,0,8,2021,33,0
2021-08-17,Toys,45.0,94.92,0,17.54,1,8,2021,33,0
2021-08-18,Toys,60.0,94.92,0,13.97,2,8,2021,33,0
2021-08-19,Toys,47.0,94.92,0,17.3,3,8,2021,33,0
2021-08-20,Toys,51.0,94.92,0,30.83,4,8,2021,33,0
2021-08-21,Toys,70.0,94.92,0,22.61,5,8,2021,33,0
2021-08-22,Toys,64.0,94.92,0,20.38,6,8,2021,33,0
2021-08-23,Toys,54.0,94.92,0,13.69,0,8,2021,34,0
2021-08-24,Toys,53.0,94.92,0,22.71,1,8,2021,34,0
2021-08-25,Toys,52.0,94.92,0,10.95,2,8,2021,34,0
2021-08-26,Toys,52.0,94.92,0,9.5,3,8,2021,34,0
2021-08-27,Toys,67.0,94.92,0,14.15,4,8,2021,34,0
2021-08-28,Toys,73.0,94.92,0,26.34,5,8,2021,34,0
2021-08-29,Toys,80.0,94.92,0,25.68,6,8,2021,34,0
2021-08-30,Toys,56.0,94.92,0,13.57,0,8,2021,35,0
2021-08-31,Toys,51.0,94.92,0,12.1,1,8,2021,35,0
2021-09-01,Toys,48.0,94.92,0,6.93,2,9,2021,35,0
2021-09-02,Toys,58.0,94.92,0,15.19,3,9,2021,35,0
2021-09-03,Toys,61.0,94.92,0,15.29,4,9,2021,35,0
2021-09-04,Toys,70.0,94.92,0,18.11,5,9,2021,35,0
2021-09-05,Toys,81.0,94.92,0,18.42,6,9,2021,35,0
2021-09-06,Toys,51.0,94.92,0,12.59,0,9,2021,36,0
2021-09-07,Toys,65.0,94.92,0,16.08,1,9,2021,36,0
2021-09-08,Toys,59.0,94.92,0,9.53,2,9,2021,36,0
2021-09-09,Toys,62.0,94.92,0,15.46,3,9,2021,36,0
2021-09-10,Toys,66.0,94.92,0,9.99,4,9,2021,36,0
2021-09-11,Toys,88.0,94.92,0,14.59,5,9,2021,36,0
2021-09-12,Toys,82.0,94.92,0,13.96,6,9,2021,36,0
2021-09-13,Toys,,94.92,0,12.2,0,9,2021,37,0
2021-09-14,Toys,116.0,73.36,1,15.62,1,9,2021,37,0
2021-09-15,Toys,98.0,73.36,1,3.61,2,9,2021,37,0
2021-09-16,Toys,105.0,73.36,1,5.96,3,9,2021,37,0
2021-09-17,Toys,127.0,73.36,1,9.76,4,9,2021,37,0
2021-09-18,Toys,165.0,73.36,1,3.74,5,9,2021,37,0
2021-09-19,Toys,86.0,94.92,0,8.78,6,9,2021,37,0
2021-09-20,Toys,72.0,94.92,0,8.81,0,9,2021,38,0
2021-09-21,Toys,61.0,94.92,0,17.11,1,9,2021,38,0
2021-09-22,Toys,68.0,94.92,0,11.17,2,9,2021,38,0
2021-09-23,Toys,108.0,83.71,1,15.5,3,9,2021,38,0
2021-09-24,Toys,116.0,83.71,1,11.78,4,9,2021,38,0
2021-09-25,Toys,,83.71,1,7.52,5,9,2021,38,0
2021-09-26,Toys,142.0,83.71,1,10.8,6,9,2021,38,0
2021-09-27,Toys,104.0,83.71,1,13.73,0,9,2021,39,0
2021-09-28,Toys,108.0,83.71,1,16.01,1,9,2021,39,0
2021-09-29,Toys,68.0,94.92,0,9.36,2,9,2021,39,0
2021-09-30,Toys,72.0,94.92,0,1.77,3,9,2021,39,0
2021-10-01,Toys,81.0,94.92,0,1.41,4,10,2021,39,0
2021-10-02,Toys,162.0,72.24,1,8.38,5,10,2021,39,0
2021-10-03,Toys,180.0,72.24,1,-1.66,6,10,2021,39,0
2021-10-04,Toys,128.0,72.24,1,19.04,0,10,2021,40,0
2021-10-05,Toys,124.0,72.24,1,13.09,1,10,2021,40,0
2021-10-06,Toys,132.0,72.24,1,6.98,2,10,2021,40,0
2021-10-07,Toys,152.0,72.24,1,4.68,3,10,2021,40,0
2021-10-08,Toys,89.0,94.92,0,15.45,4,10,2021,40,0
2021-10-09,Toys,97.0,94.92,0,4.83,5,10,2021,40,0
2021-10-10,Toys,95.0,94.92,0,5.41,6,10,2021,40,0
2021-10-11,Toys,81.0,94.92,0,6.79,0,10,2021,41,0
2021-10-12,Toys,61.0,94.92,0,11.32,1,10,2021,41,0
2021-10-13,Toys,80.0,94.92,0,13.99,2,10,2021,41,0
2021-10-14,Toys,68.0,94.92,0,17.0,3,10,2021,41,0
2021-10-15,Toys,81.0,94.92,0,16.42,4,10,2021,41,0
2021-10-16,Toys,101.0,94.92,0,11.37,5,10,2021,41,0
2021-10-17,Toys,122.0,94.92,0,16.66,6,10,2021,41,0
2021-10-18,Toys,91.0,94.92,0,8.4,0,10,2021,42,0
2021-10-19,Toys,83.0,94.92,0,2.85,1,10,2021,42,0
2021-10-20,Toys,81.0,94.92,0,8.82,2,10,2021,42,0
2021-10-21,Toys,71.0,94.92,0,8.37,3,10,2021,42,0
2021-10-22,Toys,97.0,94.92,0,9.49,4,10,2021,42,0
2021-10-23,Toys,105.0,94.92,0,8.1,5,10,2021,42,0
2021-10-24,Toys,102.0,94.92,0,10.86,6,10,2021,42,0
2021-10-25,Toys,84.0,94.92,0,16.53,0,10,2021,43,0
2021-10-26,Toys,79.0,94.92,0,22.3,1,10,2021,43,0
2021-10-27,Toys,87.0,94.92,0,5.39,2,10,2021,43,0
2021-10-28,Toys,73.0,94.92,0,7.88,3,10,2021,43,0
2021-10-29,Toys,100.0,94.92,0,10.68,4,10,2021,43,0
2021-10-30,Toys,106.0,94.92,0,18.79,5,10,2021,43,0
2021-10-31,Toys,164.0,94.92,0,14.28,6,10,2021,43,1
2021-11-01,Toys,89.0,94.92,0,12.03,0,11,2021,44,0
2021-11-02,Toys,77.0,94.92,0,19.59,1,11,2021,44,0
2021-11-03,Toys,85.0,94.92,0,21.16,2,11,2021,44,0
2021-11-04,Toys,88.0,94.92,0,16.66,3,11,2021,44,0
2021-11-05,Toys,97.0,94.92,0,13.06,4,11,2021,44,0
2021-11-06,Toys,114.0,94.92,0,18.89,5,11,2021,44,0
2021-11-07,Toys,115.0,94.92,0,16.78,6,11,2021,44,0
2021-11-08,Toys,84.0,94.92,0,17.16,0,11,2021,45,0
2021-11-09,Toys,88.0,94.92,0,16.23,1,11,2021,45,0
2021-11-10,Toys,85.0,94.92,0,23.85,2,11,2021,45,0
2021-11-11,Toys,88.0,94.92,0,20.92,3,11,2021,45,0
2021-11-12,Toys,120.0,94.92,0,25.3,4,11,2021,45,0
2021-11-13,Toys,126.0,94.92,0,27.26,5,11,2021,45,0
2021-11-14,Toys,116.0,94.92,0,23.35,6,11,2021,45,0
2021-11-15,Toys,93.0,94.92,0,19.0,0,11,2021,46,0
2021-11-16,Toys,83.0,94.92,0,27.22,1,11,2021,46,0
2021-11-17,Toys,86.0,94.92,0,24.85,2,11,2021,46,0
2021-11-18,Toys,93.0,94.92,0,36.04,3,11,2021,46,0
2021-11-19,Toys,,94.92,0,25.09,4,11,2021,46,0
2021-11-20,Toys,129.0,94.92,0,27.54,5,11,2021,46,0
2021-11-21,Toys,118.0,94.92,0,26.03,6,11,2021,46,0
2021-11-22,Toys,92.0,94.92,0,24.62,0,11,2021,47,0
2021-11-23,Toys,88.0,94.92,0,24.37,1,11,2021,47,0
2021-11-24,Toys,113.0,94.92,0,27.68,2,11,2021,47,0
2021-11-25,Toys,314.0,84.69,1,29.37,3,11,2021,47,1
2021-11-26,Toys,432.0,84.69,1,33.1,4,11,2021,47,1
2021-11-27,Toys,172.0,84.69,1,29.45,5,11,2021,47,0
2021-11-28,Toys,207.0,84.69,1,26.17,6,11,2021,47,0
2021-11-29,Toys,165.0,84.69,1,27.43,0,11,2021,48,0
2021-11-30,Toys,138.0,84.69,1,23.04,1,11,2021,48,0
2021-12-01,Toys,103.0,94.92,0,38.56,2,12,2021,48,0
2021-12-02,Toys,105.0,94.92,0,28.14,3,12,2021,48,0
2021-12-03,Toys,112.0,94.92,0,36.3,4,12,2021,48,0
2021-12-04,Toys,127.0,94.92,0,33.45,5,12,2021,48,0
2021-12-05,Toys,130.0,94.92,0,34.21,6,12,2021,48,0
2021-12-06,Toys,105.0,94.92,0,32.73,0,12,2021,49,0
2021-12-07,Toys,99.0,94.92,0,30.0,1,12,2021,49,0
2021-12-08,Toys,90.0,94.92,0,29.73,2,12,2021,49,0
2021-12-09,Toys,99.0,94.92,0,43.85,3,12,2021,49,0
2021-12-10,Toys,134.0,94.92,0,36.42,4,12,2021,49,0
2021-12-11,Toys,135.0,94.92,0,42.13,5,12,2021,49,0
2021-12-12,Toys,139.0,94.92,0,44.07,6,12,2021,49,0
2021-12-13,Toys,104.0,94.92,0,35.75,0,12,2021,50,0
2021-12-14,Toys,99.0,94.92,0,40.58,1,12,2021,50,0
2021-12-15,Toys,97.0,94.92,0,39.35,2,12,2021,50,0
2021-12-16,Toys,109.0,94.92,0,34.0,3,12,2021,50,0
2021-12-17,Toys,123.0,94.92,0,39.53,4,12,2021,50,0
2021-12-18,Toys,136.0,94.92,0,44.06,5,12,2021,50,0
2021-12-19,Toys,124.0,94.92,0,39.3,6,12,2021,50,0
2021-12-20,Toys,103.0,94.92,0,40.85,0,12,2021,51,0
2021-12-21,Toys,98.0,94.92,0,42.28,1,12,2021,51,0
2021-12-22,Toys,95.0,94.92,0,54.39,2,12,2021,51,0
2021-12-23,Toys,125.0,94.92,0,35.34,3,12,2021,51,0
2021-12-24,Toys,103.0,94.92,0,47.7,4,12,2021,51,0
2021-12-25,Toys,361.0,94.92,0,44.61,5,12,2021,51,1
2021-12-26,Toys,221.0,94.92,0,43.36,6,12,2021,51,1
2021-12-27,Toys,102.0,94.92,0,45.86,0,12,2021,52,0
2021-12-28,Toys,119.0,94.92,0,51.27,1,12,2021,52,0
2021-12-29,Toys,90.0,94.92,0,52.25,2,12,2021,52,0
2021-12-30,Toys,97.0,94.92,0,50.24,3,12,2021,52,0
2021-12-31,Toys,188.0,94.92,0,55.46,4,12,2021,52,1
2022-01-01,Toys,225.0,94.92,0,57.03,5,1,2022,52,1
2022-01-02,Toys,141.0,94.92,0,55.46,6,1,2022,52,0
2022-01-03,Toys,96.0,94.92,0,49.33,0,1,2022,1,0
2022-01-04,Toys,104.0,94.92,0,55.22,1,1,2022,1,0
2022-01-05,Toys,87.0,94.92,0,55.93,2,1,2022,1,0
2022-01-06,Toys,88.0,94.92,0,50.05,3,1,2022,1,0
2022-01-07,Toys,115.0,94.92,0,46.96,4,1,2022,1,0
2022-01-08,Toys,117.0,94.92,0,45.38,5,1,2022,1,0
2022-01-09,Toys,148.0,94.92,0,56.52,6,1,2022,1,0
2022-01-10,Toys,88.0,94.92,0,58.34,0,1,2022,2,0
2022-01-11,Toys,90.0,94.92,0,51.62,1,1,2022,2,0
2022-01-12,Toys,100.0,94.92,0,63.43,2,1,2022,2,0
2022-01-13,Toys,200.0,66.99,1,59.64,3,1,2022,2,0
2022-01-14,Toys,210.0,66.99,1,66.29,4,1,2022,2,0
2022-01-15,Toys,318.0,66.99,1,62.07,5,1,2022,2,0
2022-01-16,Toys,247.0,66.99,1,55.55,6,1,2022,2,0
2022-01-17,Toys,98.0,94.92,0,63.83,0,1,2022,3,0
2022-01-18,Toys,96.0,94.92,0,65.55,1,1,2022,3,0
2022-01-19,Toys,101.0,94.92,0,60.11,2,1,2022,3,0
2022-01-20,Toys,105.0,94.92,0,56.29,3,1,2022,3,0
2022-01-21,Toys,108.0,94.92,0,64.65,4,1,2022,3,0
2022-01-22,Toys,128.0,94.92,0,59.78,5,1,2022,3,0
2022-01-23,Toys,127.0,94.92,0,71.03,6,1,2022,3,0
2022-01-24,Toys,104.0,94.92,0,64.02,0,1,2022,4,0
2022-01-25,Toys,87.0,94.92,0,75.31,1,1,2022,4,0
2022-01-26,Toys,110.0,94.92,0,56.69,2,1,2022,4,0
2022-01-27,Toys,94.0,94.92,0,68.6,3,1,2022,4,0
2022-01-28,Toys,114.0,94.92,0,75.69,4,1,2022,4,0
2022-01-29,Toys,118.0,94.92,0,64.7,5,1,2022,4,0
2022-01-30,Toys,114.0,94.92,0,68.96,6,1,2022,4,0
2022-01-31,Toys,90.0,94.92,0,68.33,0,1,2022,5,0
2022-02-01,Toys,87.0,94.92,0,67.52,1,2,2022,5,0
2022-02-02,Toys,90.0,94.92,0,72.74,2,2,2022,5,0
2022-02-03,Toys,91.0,94.92,0,65.62,3,2,2022,5,0
2022-02-04,Toys,118.0,94.92,0,72.11,4,2,2022,5,0
2022-02-05,Toys,119.0,94.92,0,75.81,5,2,2022,5,0
2022-02-06,Toys,116.0,94.92,0,72.71,6,2,2022,5,0
2022-02-07,Toys,92.0,94.92,0,69.34,0,2,2022,6,0
2022-02-08,Toys,100.0,94.92,0,80.03,1,2,2022,6,0
2022-02-09,Toys,93.0,94.92,0,79.07,2,2,2022,6,0
2022-02-10,Toys,95.0,94.92,0,70.74,3,2,2022,6,0
2022-02-11,Toys,97.0,94.92,0,69.99,4,2,2022,6,0
2022-02-12,Toys,113.0,94.92,0,72.22,5,2,2022,6,0
2022-02-13,Toys,110.0,94.92,0,80.21,6,2,2022,6,0
2022-02-14,Toys,164.0,94.92,0,79.36,0,2,2022,7,1
2022-02-15,Toys,94.0,94.92,0,82.42,1,2,2022,7,0
2022-02-16,Toys,83.0,94.92,0,77.32,2,2,2022,7,0
2022-02-17,Toys,90.0,94.92,0,74.79,3,2,2022,7,0
2022-02-18,Toys,100.0,94.92,0,84.47,4,2,2022,7,0
2022-02-19,Toys,206.0,73.85,1,77.56,5,2,2022,7,0
2022-02-20,Toys,225.0,73.85,1,81.71,6,2,2022,7,0
2022-02-21,Toys,161.0,73.85,1,73.46,0,2,2022,8,0
2022-02-22,Toys,187.0,73.85,1,78.79,1,2,2022,8,0
2022-02-23,Toys,174.0,73.85,1,87.1,2,2,2022,8,0
2022-02-24,Toys,184.0,73.85,1,78.88,3,2,2022,8,0
2022-02-25,Toys,109.0,94.92,0,86.93,4,2,2022,8,0
2022-02-26,Toys,114.0,94.92,0,71.59,5,2,2022,8,0
2022-02-27,Toys,121.0,94.92,0,80.83,6,2,2022,8,0
2022-02-28,Toys,85.0,94.92,0,83.14,0,2,2022,9,0
2022-03-01,Toys,96.0,94.92,0,93.06,1,3,2022,9,0
2022-03-02,Toys,86.0,94.92,0,78.85,2,3,2022,9,0
2022-03-03,Toys,90.0,94.92,0,88.39,3,3,2022,9,0
2022-03-04,Toys,101.0,94.92,0,90.65,4,3,2022,9,0
2022-03-05,Toys,130.0,94.92,0,82.07,5,3,2022,9,0
2022-03-06,Toys,98.0,94.92,0,84.12,6,3,2022,9,0
2022-03-07,Toys,97.0,94.92,0,86.99,0,3,2022,10,0
2022-03-08,Toys,81.0,94.92,0,79.16,1,3,2022,10,0
2022-03-09,Toys,72.0,94.92,0,84.56,2,3,2022,10,0
2022-03-10,Toys,80.0,94.92,0,93.48,3,3,2022,10,0
2022-03-11,Toys,84.0,94.92,0,89.97,4,3,2022,10,0
2022-03-12,Toys,115.0,94.92,0,86.81,5,3,2022,10,0
2022-03-13,Toys,98.0,94.92,0,88.39,6,3,2022,10,0
2022-03-14,Toys,82.0,94.92,0,90.95,0,3,2022,11,0
2022-03-15,Toys,86.0,94.92,0,92.11,1,3,2022,11,0
2022-03-16,Toys,73.0,94.92,0,85.66,2,3,2022,11,0
2022-03-17,Toys,80.0,94.92,0,96.3,3,3,2022,11,0
2022-03-18,Toys,83.0,94.92,0,95.38,4,3,2022,11,0
2022-03-19,Toys,102.0,94.92,0,92.35,5,3,2022,11,0
2022-03-20,Toys,124.0,94.92,0,84.9,6,3,2022,11,0
2022-03-21,Toys,83.0,94.92,0,84.15,0,3,2022,12,0
2022-03-22,Toys,74.0,94.92,0,87.75,1,3,2022,12,0
2022-03-23,Toys,71.0,94.92,0,89.8,2,3,2022,12,0
2022-03-24,Toys,78.0,94.92,0,80.75,3,3,2022,12,0
2022-03-25,Toys,89.0,94.92,0,92.16,4,3,2022,12,0
2022-03-26,Toys,158.0,81.4,1,96.21,5,3,2022,12,0
2022-03-27,Toys,166.0,81.4,1,92.72,6,3,2022,12,0
2022-03-28,Toys,112.0,81.4,1,86.51,0,3,2022,13,0
2022-03-29,Toys,108.0,81.4,1,85.97,1,3,2022,13,0
2022-03-30,Toys,73.0,94.92,0,91.47,2,3,2022,13,0
2022-03-31,Toys,68.0,94.92,0,89.22,3,3,2022,13,0
2022-04-01,Toys,89.0,94.92,0,92.21,4,4,2022,13,0
2022-04-02,Toys,96.0,94.92,0,93.01,5,4,2022,13,0
2022-04-03,Toys,80.0,94.92,0,95.44,6,4,2022,13,0
2022-04-04,Toys,72.0,94.92,0,84.29,0,4,2022,14,0
2022-04-05,Toys,60.0,94.92,0,91.02,1,4,2022,14,0
2022-04-06,Toys,71.0,94.92,0,88.05,2,4,2022,14,0
2022-04-07,Toys,70.0,94.92,0,89.31,3,4,2022,14,0
2022-04-08,Toys,92.0,94.92,0,94.05,4,4,2022,14,0
2022-04-09,Toys,99.0,94.92,0,94.51,5,4,2022,14,0
2022-04-10,Toys,82.0,94.92,0,96.54,6,4,2022,14,0
2022-04-11,Toys,57.0,94.92,0,91.57,0,4,2022,15,0
2022-04-12,Toys,62.0,94.92,0,88.77,1,4,2022,15,0
2022-04-13,Toys,58.0,94.92,0,87.92,2,4,2022,15,0
2022-04-14,Toys,77.0,94.92,0,80.37,3,4,2022,15,0
2022-04-15,Toys,76.0,94.92,0,95.58,4,4,2022,15,0
2022-04-16,Toys,93.0,94.92,0,87.11,5,4,2022,15,0
2022-04-17,Toys,83.0,94.92,0,91.07,6,4,2022,15,0
2022-04-18,Toys,63.0,94.92,0,91.74,0,4,2022,16,0
2022-04-19,Toys,62.0,94.92,0,81.92,1,4,2022,16,0
2022-04-20,Toys,67.0,94.92,0,83.32,2,4,2022,16,0
2022-04-21,Toys,66.0,94.92,0,95.45,3,4,2022,16,0
2022-04-22,Toys,67.0,94.92,0,88.93,4,4,2022,16,0
2022-04-23,Toys,93.0,94.92,0,84.33,5,4,2022,16,0
2022-04-24,Toys,79.0,94.92,0,86.34,6,4,2022,16,0
2022-04-25,Toys,59.0,94.92,0,92.13,0,4,2022,17,0
2022-04-26,Toys,46.0,94.92,0,91.1,1,4,2022,17,0
2022-04-27,Toys,61.0,94.92,0,78.8,2,4,2022,17,0
2022-04-28,Toys,61.0,94.92,0,94.0,3,4,2022,17,0
2022-04-29,Toys,70.0,94.92,0,90.35,4,4,2022,17,0
2022-04-30,Toys,76.0,94.92,0,84.44,5,4,2022,17,0
2022-05-01,Toys,73.0,94.92,0,78.91,6,5,2022,17,0
2022-05-02,Toys,56.0,94.92,0,89.8,0,5,2022,18,0
2022-05-03,Toys,58.0,94.92,0,86.56,1,5,2022,18,0
2022-05-04,Toys,58.0,94.92,0,76.52,2,5,2022,18,0
2022-05-05,Toys,57.0,94.92,0,82.28,3,5,2022,18,0
2022-05-06,Toys,70.0,94.92,0,98.69,4,5,2022,18,0
2022-05-07,Toys,74.0,94.92,0,82.74,5,5,2022,18,0
2022-05-08,Toys,70.0,94.92,0,78.55,6,5,2022,18,0
2022-05-09,Toys,56.0,94.92,0,76.8,0,5,2022,19,0
2022-05-10,Toys,48.0,94.92,0,90.29,1,5,2022,19,0
2022-05-11,Toys,53.0,94.92,0,85.23,2,5,2022,19,0
2022-05-12,Toys,48.0,94.92,0,87.59,3,5,2022,19,0
2022-05-13,Toys,57.0,94.92,0,81.35,4,5,2022,19,0
2022-05-14,Toys,59.0,94.92,0,85.92,5,5,2022,19,0
2022-05-15,Toys,68.0,94.92,0,74.94,6,5,2022,19,0
2022-05-16,Toys,59.0,94.92,0,79.52,0,5,2022,20,0
2022-05-17,Toys,5.0,94.92,0,79.66,1,5,2022,20,0
2022-05-18,Toys,52.0,94.92,0,84.64,2,5,2022,20,0
2022-05-19,Toys,62.0,94.92,0,78.83,3,5,2022,20,0
2022-05-20,Toys,61.0,94.92,0,73.59,4,5,2022,20,0
2022-05-21,Toys,63.0,94.92,0,76.53,5,5,2022,20,0
2022-05-22,Toys,63.0,94.92,0,67.3,6,5,2022,20,0
2022-05-23,Toys,50.0,94.92,0,63.55,0,5,2022,21,0
2022-05-24,Toys,46.0,94.92,0,78.77,1,5,2022,21,0
2022-05-25,Toys,46.0,94.92,0,72.19,2,5,2022,21,0
2022-05-26,Toys,54.0,94.92,0,72.2,3,5,2022,21,0
2022-05-27,Toys,,94.92,0,77.11,4,5,2022,21,0
2022-05-28,Toys,56.0,94.92,0,79.37,5,5,2022,21,0
2022-05-29,Toys,59.0,94.92,0,74.48,6,5,2022,21,0
2022-05-30,Toys,46.0,94.92,0,80.87,0,5,2022,22,0
2022-05-31,Toys,49.0,94.92,0,73.16,1,5,2022,22,0
2022-06-01,Toys,50.0,94.92,0,71.56,2,6,2022,22,0
2022-06-02,Toys,59.0,94.92,0,70.65,3,6,2022,22,0
2022-06-03,Toys,53.0,94.92,0,62.42,4,6,2022,22,0
2022-06-04,Toys,60.0,94.92,0,73.02,5,6,2022,22,0
2022-06-05,Toys,64.0,94.92,0,55.39,6,6,2022,22,0
2022-06-06,Toys,44.0,94.92,0,64.07,0,6,2022,23,0
2022-06-07,Toys,45.0,94.92,0,66.49,1,6,2022,23,0
2022-06-08,Toys,43.0,94.92,0,61.79,2,6,2022,23,0
2022-06-09,Toys,37.0,94.92,0,62.85,3,6,2022,23,0
2022-06-10,Toys,54.0,94.92,0,73.67,4,6,2022,23,0
2022-06-11,Toys,60.0,94.92,0,69.34,5,6,2022,23,0
2022-06-12,Toys,65.0,94.92,0,59.75,6,6,2022,23,0
2022-06-13,Toys,45.0,94.92,0,60.18,0,6,2022,24,0
2022-06-14,Toys,39.0,94.92,0,55.48,1,6,2022,24,0
2022-06-15,Toys,42.0,94.92,0,64.73,2,6,2022,24,0
2022-06-16,Toys,38.0,94.92,0,59.3,3,6,2022,24,0
2022-06-17,Toys,47.0,94.92,0,50.05,4,6,2022,24,0
2022-06-18,Toys,62.0,94.92,0,59.72,5,6,2022,24,0
2022-06-19,Toys,57.0,94.92,0,60.74,6,6,2022,24,0
2022-06-20,Toys,47.0,94.92,0,62.68,0,6,2022,25,0
2022-06-21,Toys,36.0,94.92,0,56.82,1,6,2022,25,0
2022-06-22,Toys,42.0,94.92,0,54.65,2,6,2022,25,0
2022-06-23,Toys,43.0,94.92,0,65.76,3,6,2022,25,0
2022-06-24,Toys,55.0,94.92,0,55.18,4,6,2022,25,0
2022-06-25,Toys,62.0,94.92,0,58.06,5,6,2022,25,0
2022-06-26,Toys,60.0,94.92,0,51.08,6,6,2022,25,0
2022-06-27,Toys,49.0,94.92,0,56.55,0,6,2022,26,0
2022-06-28,Toys,41.0,94.92,0,45.13,1,6,2022,26,0
2022-06-29,Toys,47.0,94.92,0,49.41,2,6,2022,26,0
2022-06-30,Toys,41.0,94.92,0,44.99,3,6,2022,26,0
2022-07-01,Toys,46.0,94.92,0,47.32,4,7,2022,26,0
2022-07-02,Toys,62.0,94.92,0,55.91,5,7,2022,26,0
2022-07-03,Toys,50.0,94.92,0,45.91,6,7,2022,26,0
2022-07-04,Toys,64.0,94.92,0,51.87,0,7,2022,27,1
2022-07-05,Toys,43.0,94.92,0,55.18,1,7,2022,27,0
2022-07-06,Toys,46.0,94.92,0,46.77,2,7,2022,27,0
2022-07-07,Toys,45.0,94.92,0,51.19,3,7,2022,27,0
2022-07-08,Toys,51.0,94.92,0,48.19,4,7,2022,27,0
2022-07-09,Toys,61.0,94.92,0,45.43,5,7,2022,27,0
2022-07-10,Toys,55.0,94.92,0,47.92,6,7,2022,27,0
2022-07-11,Toys,42.0,94.92,0,52.69,0,7,2022,28,0
2022-07-12,Toys,45.0,94.92,0,39.62,1,7,2022,28,0
2022-07-13,Toys,43.0,94.92,0,37.34,2,7,2022,28,0
2022-07-14,Toys,44.0,94.92,0,36.37,3,7,2022,28,0
2022-07-15,Toys,51.0,94.92,0,45.76,4,7,2022,28,0
2022-07-16,Toys,67.0,94.92,0,45.77,5,7,2022,28,0
2022-07-17,Toys,57.0,94.92,0,36.77,6,7,2022,28,0
2022-07-18,Toys,43.0,94.92,0,28.11,0,7,2022,29,0
2022-07-19,Toys,38.0,94.92,0,34.76,1,7,2022,29,0
2022-07-20,Toys,43.0,94.92,0,40.21,2,7,2022,29,0
2022-07-21,Toys,49.0,94.92,0,36.49,3,7,2022,29,0
2022-07-22,Toys,57.0,94.92,0,37.08,4,7,2022,29,0
2022-07-23,Toys,61.0,94.92,0,32.91,5,7,2022,29,0
2022-07-24,Toys,65.0,94.92,0,39.96,6,7,2022,29,0
2022-07-25,Toys,49.0,94.92,0,35.97,0,7,2022,30,0
2022-07-26,Toys,49.0,94.92,0,36.56,1,7,2022,30,0
2022-07-27,Toys,48.0,94.92,0,33.8,2,7,2022,30,0
2022-07-28,Toys,54.0,94.92,0,35.0,3,7,2022,30,0
2022-07-29,Toys,54.0,94.92,0,34.06,4,7,2022,30,0
2022-07-30,Toys,56.0,94.92,0,26.51,5,7,2022,30,0
2022-07-31,Toys,65.0,94.92,0,32.41,6,7,2022,30,0
2022-08-01,Toys,51.0,94.92,0,33.91,0,8,2022,31,0
2022-08-02,Toys,53.0,94.92,0,35.13,1,8,2022,31,0
2022-08-03,Toys,51.0,94.92,0,30.85,2,8,2022,31,0
2022-08-04,Toys,57.0,94.92,0,23.36,3,8,2022,31,0
2022-08-05,Toys,60.0,94.92,0,23.56,4,8,2022,31,0
2022-08-06,Toys,66.0,94.92,0,24.87,5,8,2022,31,0
2022-08-07,Toys,57.0,94.92,0,27.44,6,8,2022,31,0
2022-08-08,Toys,51.0,94.92,0,25.32,0,8,2022,32,0
2022-08-09,Toys,47.0,94.92,0,19.77,1,8,2022,32,0
2022-08-10,Toys,49.0,94.92,0,19.2,2,8,2022,32,0
2022-08-11,Toys,52.0,94.92,0,13.83,3,8,2022,32,0
2022-08-12,Toys,62.0,94.92,0,8.2,4,8,2022,32,0
2022-08-13,Toys,68.0,94.92,0,22.62,5,8,2022,32,0
2022-08-14,Toys,73.0,94.92,0,34.37,6,8,2022,32,0
2022-08-15,Toys,41.0,94.92,0,31.25,0,8,2022,33,0
2022-08-16,Toys,52.0,94.92,0,16.89,1,8,2022,33,0
2022-08-17,Toys,56.0,94.92,0,22.04,2,8,2022,33,0
2022-08-18,Toys,62.0,94.92,0,13.49,3,8,2022,33,0
2022-08-19,Toys,66.0,94.92,0,13.79,4,8,2022,33,0
2022-08-20,Toys,81.0,94.92,0,13.91,5,8,2022,33,0
2022-08-21,Toys,72.0,94.92,0,18.32,6,8,2022,33,0
2022-08-22,Toys,54.0,94.92,0,18.09,0,8,2022,34,0
2022-08-23,Toys,,94.92,0,19.84,1,8,2022,34,0
2022-08-24,Toys,53.0,94.92,0,21.47,2,8,2022,34,0
2022-08-25,Toys,53.0,94.92,0,16.06,3,8,2022,34,0
2022-08-26,Toys,63.0,94.92,0,17.52,4,8,2022,34,0
2022-08-27,Toys,69.0,94.92,0,11.48,5,8,2022,34,0
2022-08-28,Toys,78.0,94.92,0,9.84,6,8,2022,34,0
2022-08-29,Toys,57.0,94.92,0,8.7,0,8,2022,35,0
2022-08-30,Toys,55.0,94.92,0,19.07,1,8,2022,35,0
2022-08-31,Toys,54.0,94.92,0,13.78,2,8,2022,35,0
2022-09-01,Toys,62.0,94.92,0,5.78,3,9,2022,35,0
2022-09-02,Toys,73.0,94.92,0,14.48,4,9,2022,35,0
2022-09-03,Toys,72.0,94.92,0,8.23,5,9,2022,35,0
2022-09-04,Toys,71.0,94.92,0,22.47,6,9,2022,35,0
2022-09-05,Toys,65.0,94.92,0,10.97,0,9,2022,36,0
2022-09-06,Toys,53.0,94.92,0,16.98,1,9,2022,36,0
2022-09-07,Toys,62.0,94.92,0,18.74,2,9,2022,36,0
2022-09-08,Toys,71.0,94.92,0,8.25,3,9,2022,36,0
2022-09-09,Toys,328.0,94.92,0,13.15,4,9,2022,36,0
2022-09-10,Toys,89.0,94.92,0,15.29,5,9,2022,36,0
2022-09-11,Toys,88.0,94.92,0,12.87,6,9,2022,36,0
2022-09-12,Toys,75.0,94.92,0,13.87,0,9,2022,37,0
2022-09-13,Toys,51.0,94.92,0,5.2,1,9,2022,37,0
2022-09-14,Toys,60.0,94.92,0,14.42,2,9,2022,37,0
2022-09-15,Toys,71.0,94.92,0,9.03,3,9,2022,37,0
2022-09-16,Toys,75.0,94.92,0,13.03,4,9,2022,37,0
2022-09-17,Toys,97.0,94.92,0,15.72,5,9,2022,37,0
2022-09-18,Toys,87.0,94.92,0,14.3,6,9,2022,37,0
2022-09-19,Toys,68.0,94.92,0,12.56,0,9,2022,38,0
2022-09-20,Toys,65.0,94.92,0,13.89,1,9,2022,38,0
2022-09-21,Toys,63.0,94.92,0,14.0,2,9,2022,38,0
2022-09-22,Toys,67.0,94.92,0,17.93,3,9,2022,38,0
2022-09-23,Toys,82.0,94.92,0,10.19,4,9,2022,38,0
2022-09-24,Toys,87.0,94.92,0,11.09,5,9,2022,38,0
2022-09-25,Toys,99.0,94.92,0,14.86,6,9,2022,38,0
2022-09-26,Toys,74.0,94.92,0,7.68,0,9,2022,39,0
2022-09-27,Toys,76.0,94.92,0,3.41,1,9,2022,39,0
2022-09-28,Toys,63.0,94.92,0,12.51,2,9,2022,39,0
2022-09-29,Toys,64.0,94.92,0,8.99,3,9,2022,39,0
2022-09-30,Toys,85.0,94.92,0,3.97,4,9,2022,39,0
2022-10-01,Toys,120.0,94.92,0,12.5,5,10,2022,39,0
2022-10-02,Toys,106.0,94.92,0,17.16,6,10,2022,39,0
2022-10-03,Toys,71.0,94.92,0,1.88,0,10,2022,40,0
2022-10-04,Toys,76.0,94.92,0,15.17,1,10,2022,40,0
2022-10-05,Toys,77.0,94.92,0,-2.58,2,10,2022,40,0
2022-10-06,Toys,69.0,94.92,0,8.16,3,10,2022,40,0
2022-10-07,Toys,99.0,94.92,0,19.43,4,10,2022,40,0
2022-10-08,Toys,101.0,94.92,0,8.67,5,10,2022,40,0
2022-10-09,Toys,101.0,94.92,0,10.85,6,10,2022,40,0
2022-10-10,Toys,78.0,94.92,0,14.32,0,10,2022,41,0
2022-10-11,Toys,83.0,94.92,0,2.04,1,10,2022,41,0
2022-10-12,Toys,72.0,94.92,0,11.11,2,10,2022,41,0
2022-10-13,Toys,70.0,94.92,0,11.21,3,10,2022,41,0
2022-10-14,Toys,95.0,94.92,0,20.35,4,10,2022,41,0
2022-10-15,Toys,89.0,94.92,0,5.02,5,10,2022,41,0
2022-10-16,Toys,103.0,94.92,0,9.46,6,10,2022,41,0
2022-10-17,Toys,89.0,94.92,0,6.91,0,10,2022,42,0
2022-10-18,Toys,84.0,94.92,0,6.58,1,10,2022,42,0
2022-10-19,Toys,86.0,94.92,0,17.59,2,10,2022,42,0
2022-10-20,Toys,89.0,94.92,0,12.31,3,10,2022,42,0
2022-10-21,Toys,116.0,94.92,0,9.63,4,10,2022,42,0
2022-10-22,Toys,106.0,94.92,0,10.06,5,10,2022,42,0
2022-10-23,Toys,114.0,94.92,0,10.08,6,10,2022,42,0
2022-10-24,Toys,82.0,94.92,0,10.79,0,10,2022,43,0
2022-10-25,Toys,89.0,94.92,0,7.11,1,10,2022,43,0
2022-10-26,Toys,82.0,94.92,0,12.43,2,10,2022,43,0
2022-10-27,Toys,100.0,94.92,0,12.22,3,10,2022,43,0
2022-10-28,Toys,97.0,94.92,0,10.53,4,10,2022,43,0
2022-10-29,Toys,129.0,94.92,0,15.41,5,10,2022,43,0
2022-10-30,Toys,120.0,94.92,0,16.16,6,10,2022,43,0
2022-10-31,Toys,131.0,94.92,0,12.52,0,10,2022,44,1
2022-11-01,Toys,90.0,94.92,0,14.93,1,11,2022,44,0
2022-11-02,Toys,87.0,94.92,0,26.8,2,11,2022,44,0
2022-11-03,Toys,94.0,94.92,0,26.98,3,11,2022,44,0
2022-11-04,Toys,103.0,94.92,0,11.48,4,11,2022,44,0
2022-11-05,Toys,113.0,94.92,0,12.57,5,11,2022,44,0
2022-11-06,Toys,198.0,77.78,1,12.24,6,11,2022,44,0
2022-11-07,Toys,135.0,77.78,1,23.23,0,11,2022,45,0
2022-11-08,Toys,163.0,77.78,1,16.37,1,11,2022,45,0
2022-11-09,Toys,137.0,77.78,1,19.99,2,11,2022,45,0
2022-11-10,Toys,158.0,77.78,1,29.21,3,11,2022,45,0
2022-11-11,Toys,194.0,77.78,1,19.62,4,11,2022,45,0
2022-11-12,Toys,132.0,94.92,0,23.65,5,11,2022,45,0
2022-11-13,Toys,105.0,94.92,0,23.19,6,11,2022,45,0
2022-11-14,Toys,93.0,94.92,0,18.11,0,11,2022,46,0
2022-11-15,Toys,95.0,94.92,0,26.83,1,11,2022,46,0
2022-11-16,Toys,91.0,94.92,0,17.77,2,11,2022,46,0
2022-11-17,Toys,107.0,94.92,0,29.22,3,11,2022,46,0
2022-11-18,Toys,103.0,94.92,0,20.09,4,11,2022,46,0
2022-11-19,Toys,106.0,94.92,0,21.14,5,11,2022,46,0
2022-11-20,Toys,133.0,94.92,0,18.61,6,11,2022,46,0
2022-11-21,Toys,92.0,94.92,0,19.96,0,11,2022,47,0
2022-11-22,Toys,81.0,94.92,0,22.98,1,11,2022,47,0
2022-11-23,Toys,92.0,94.92,0,13.5,2,11,2022,47,0
2022-11-24,Toys,239.0,94.92,0,25.04,3,11,2022,47,1
2022-11-25,Toys,306.0,94.92,0,24.23,4,11,2022,47,1
2022-11-26,Toys,154.0,94.92,0,31.28,5,11,2022,47,0
2022-11-27,Toys,,94.92,0,30.02,6,11,2022,47,0
2022-11-28,Toys,99.0,94.92,0,24.94,0,11,2022,48,0
2022-11-29,Toys,87.0,94.92,0,26.77,1,11,2022,48,0
2022-11-30,Toys,96.0,94.92,0,28.48,2,11,2022,48,0
2022-12-01,Toys,100.0,94.92,0,37.68,3,12,2022,48,0
2022-12-02,Toys,102.0,94.92,0,26.74,4,12,2022,48,0
2022-12-03,Toys,162.0,94.92,0,27.86,5,12,2022,48,0
2022-12-04,Toys,125.0,94.92,0,26.43,6,12,2022,48,0
2022-12-05,Toys,96.0,94.92,0,25.28,0,12,2022,49,0
2022-12-06,Toys,105.0,94.92,0,34.85,1,12,2022,49,0
2022-12-07,Toys,111.0,94.92,0,34.95,2,12,2022,49,0
2022-12-08,Toys,112.0,94.92,0,40.99,3,12,2022,49,0
2022-12-09,Toys,106.0,94.92,0,40.42,4,12,2022,49,0
2022-12-10,Toys,137.0,94.92,0,47.84,5,12,2022,49,0
2022-12-11,Toys,112.0,94.92,0,36.13,6,12,2022,49,0
2022-12-12,Toys,108.0,94.92,0,35.85,0,12,2022,50,0
2022-12-13,Toys,86.0,94.92,0,31.3,1,12,2022,50,0
2022-12-14,Toys,92.0,94.92,0,41.94,2,12,2022,50,0
2022-12-15,Toys,104.0,94.92,0,39.71,3,12,2022,50,0
2022-12-16,Toys,123.0,94.92,0,43.04,4,12,2022,50,0
2022-12-17,Toys,133.0,94.92,0,34.76,5,12,2022,50,0
2022-12-18,Toys,150.0,94.92,0,42.88,6,12,2022,50,0
2022-12-19,Toys,108.0,94.92,0,42.82,0,12,2022,51,0
2022-12-20,Toys,105.0,94.92,0,43.17,1,12,2022,51,0
2022-12-21,Toys,89.0,94.92,0,39.73,2,12,2022,51,0
2022-12-22,Toys,119.0,94.92,0,49.77,3,12,2022,51,0
2022-12-23,Toys,112.0,94.92,0,54.76,4,12,2022,51,0
2022-12-24,Toys,156.0,94.92,0,39.64,5,12,2022,51,0
2022-12-25,Toys,391.0,94.92,0,49.48,6,12,2022,51,1
2022-12-26,Toys,192.0,94.92,0,32.17,0,12,2022,52,1
2022-12-27,Toys,109.0,94.92,0,50.59,1,12,2022,52,0
2022-12-28,Toys,75.0,94.92,0,38.58,2,12,2022,52,0
2022-12-29,Toys,103.0,94.92,0,46.0,3,12,2022,52,0
2022-12-30,Toys,130.0,94.92,0,42.75,4,12,2022,52,0
2022-12-31,Toys,235.0,94.92,0,48.92,5,12,2022,52,1
2023-01-01,Toys,219.0,94.92,0,54.88,6,1,2023,52,1
2023-01-02,Toys,100.0,94.92,0,42.09,0,1,2023,1,0
2023-01-03,Toys,80.0,94.92,0,50.27,1,1,2023,1,0
2023-01-04,Toys,103.0,94.92,0,50.19,2,1,2023,1,0
2023-01-05,Toys,89.0,94.92,0,61.34,3,1,2023,1,0
2023-01-06,Toys,131.0,94.92,0,56.28,4,1,2023,1,0
2023-01-07,Toys,150.0,94.92,0,48.92,5,1,2023,1,0
2023-01-08,Toys,129.0,94.92,0,53.13,6,1,2023,1,0
2023-01-09,Toys,107.0,94.92,0,63.95,0,1,2023,2,0
2023-01-10,Toys,98.0,94.92,0,60.42,1,1,2023,2,0
2023-01-11,Toys,101.0,94.92,0,52.94,2,1,2023,2,0
2023-01-12,Toys,95.0,94.92,0,56.87,3,1,2023,2,0
2023-01-13,Toys,125.0,94.92,0,57.7,4,1,2023,2,0
2023-01-14,Toys,118.0,94.92,0,56.86,5,1,2023,2,0
2023-01-15,Toys,114.0,94.92,0,51.66,6,1,2023,2,0
2023-01-16,Toys,101.0,94.92,0,57.49,0,1,2023,3,0
2023-01-17,Toys,98.0,94.92,0,68.49,1,1,2023,3,0
2023-01-18,Toys,100.0,94.92,0,60.29,2,1,2023,3,0
2023-01-19,Toys,98.0,94.92,0,62.33,3,1,2023,3,0
2023-01-20,Toys,136.0,94.92,0,64.2,4,1,2023,3,0
2023-01-21,Toys,136.0,94.92,0,75.24,5,1,2023,3,0
2023-01-22,Toys,135.0,94.92,0,64.83,6,1,2023,3,0
2023-01-23,Toys,102.0,94.92,0,70.9,0,1,2023,4,0
2023-01-24,Toys,106.0,94.92,0,63.07,1,1,2023,4,0
2023-01-25,Toys,101.0,94.92,0,65.39,2,1,2023,4,0
2023-01-26,Toys,106.0,94.92,0,67.37,3,1,2023,4,0
2023-01-27,Toys,123.0,94.92,0,64.06,4,1,2023,4,0
2023-01-28,Toys,113.0,94.92,0,67.52,5,1,2023,4,0
2023-01-29,Toys,112.0,94.92,0,73.59,6,1,2023,4,0
2023-01-30,Toys,99.0,94.92,0,65.75,0,1,2023,5,0
2023-01-31,Toys,95.0,94.92,0,70.35,1,1,2023,5,0
2023-02-01,Toys,100.0,94.92,0,74.48,2,2,2023,5,0
2023-02-02,Toys,101.0,94.92,0,67.4,3,2,2023,5,0
2023-02-03,Toys,120.0,94.92,0,77.57,4,2,2023,5,0
2023-02-04,Toys,117.0,94.92,0,73.03,5,2,2023,5,0
2023-02-05,Toys,128.0,94.92,0,72.41,6,2,2023,5,0
2023-02-06,Toys,87.0,94.92,0,63.75,0,2,2023,6,0
2023-02-07,Toys,98.0,94.92,0,72.47,1,2,2023,6,0
2023-02-08,Toys,79.0,94.92,0,76.74,2,2,2023,6,0
2023-02-09,Toys,101.0,94.92,0,84.14,3,2,2023,6,0
2023-02-10,Toys,99.0,94.92,0,78.78,4,2,2023,6,0
2023-02-11,Toys,124.0,94.92,0,82.1,5,2,2023,6,0
2023-02-12,Toys,134.0,94.92,0,70.93,6,2,2023,6,0
2023-02-13,Toys,97.0,94.92,0,76.85,0,2,2023,7,0
2023-02-14,Toys,129.0,94.92,0,84.08,1,2,2023,7,1
2023-02-15,Toys,86.0,94.92,0,74.03,2,2,2023,7,0
2023-02-16,Toys,84.0,94.92,0,83.77,3,2,2023,7,0
2023-02-17,Toys,94.0,94.92,0,83.08,4,2,2023,7,0
2023-02-18,Toys,125.0,94.92,0,81.25,5,2,2023,7,0
2023-02-19,Toys,127.0,94.92,0,78.69,6,2,2023,7,0
2023-02-20,Toys,96.0,94.92,0,75.85,0,2,2023,8,0
2023-02-21,Toys,94.0,94.92,0,90.09,1,2,2023,8,0
2023-02-22,Toys,89.0,94.92,0,84.8,2,2,2023,8,0
2023-02-23,Toys,91.0,94.92,0,83.76,3,2,2023,8,0
2023-02-24,Toys,97.0,94.92,0,80.4,4,2,2023,8,0
2023-02-25,Toys,116.0,94.92,0,83.05,5,2,2023,8,0
2023-02-26,Toys,106.0,94.92,0,84.07,6,2,2023,8,0
2023-02-27,Toys,84.0,94.92,0,85.62,0,2,2023,9,0
2023-02-28,Toys,88.0,94.92,0,87.66,1,2,2023,9,0
2023-03-01,Toys,85.0,94.92,0,80.44,2,3,2023,9,0
2023-03-02,Toys,112.0,94.92,0,77.37,3,3,2023,9,0
2023-03-03,Toys,91.0,94.92,0,85.46,4,3,2023,9,0
2023-03-04,Toys,115.0,94.92,0,76.63,5,3,2023,9,0
2023-03-05,Toys,101.0,94.92,0,84.06,6,3,2023,9,0
2023-03-06,Toys,84.0,94.92,0,83.44,0,3,2023,10,0
2023-03-07,Toys,82.0,94.92,0,88.74,1,3,2023,10,0
2023-03-08,Toys,88.0,94.92,0,96.48,2,3,2023,10,0
2023-03-09,Toys,84.0,94.92,0,77.12,3,3,2023,10,0
2023-03-10,Toys,97.0,94.92,0,98.47,4,3,2023,10,0
2023-03-11,Toys,108.0,94.92,0,86.19,5,3,2023,10,0
2023-03-12,Toys,98.0,94.92,0,89.33,6,3,2023,10,0
2023-03-13,Toys,79.0,94.92,0,80.75,0,3,2023,11,0
2023-03-14,Toys,79.0,94.92,0,93.03,1,3,2023,11,0
2023-03-15,Toys,80.0,94.92,0,88.46,2,3,2023,11,0
2023-03-16,Toys,87.0,94.92,0,88.14,3,3,2023,11,0
2023-03-17,Toys,93.0,94.92,0,78.94,4,3,2023,11,0
2023-03-18,Toys,106.0,94.92,0,89.17,5,3,2023,11,0
2023-03-19,Toys,169.0,72.67,1,93.19,6,3,2023,11,0
2023-03-20,Toys,155.0,72.67,1,87.93,0,3,2023,12,0
2023-03-21,Toys,136.0,72.67,1,95.12,1,3,2023,12,0
2023-03-22,Toys,150.0,72.67,1,95.04,2,3,2023,12,0
2023-03-23,Toys,165.0,72.67,1,86.29,3,3,2023,12,0
2023-03-24,Toys,167.0,72.67,1,97.57,4,3,2023,12,0
2023-03-25,Toys,176.0,72.67,1,89.92,5,3,2023,12,0
2023-03-26,Toys,101.0,94.92,0,90.02,6,3,2023,12,0
2023-03-27,Toys,79.0,94.92,0,90.33,0,3,2023,13,0
2023-03-28,Toys,72.0,94.92,0,90.24,1,3,2023,13,0
2023-03-29,Toys,70.0,94.92,0,76.79,2,3,2023,13,0
2023-03-30,Toys,80.0,94.92,0,89.04,3,3,2023,13,0
2023-03-31,Toys,90.0,94.92,0,83.17,4,3,2023,13,0
2023-04-01,Toys,96.0,94.92,0,98.13,5,4,2023,13,0
2023-04-02,Toys,84.0,94.92,0,97.93,6,4,2023,13,0
2023-04-03,Toys,76.0,94.92,0,94.24,0,4,2023,14,0
2023-04-04,Toys,66.0,94.92,0,88.76,1,4,2023,14,0
2023-04-05,Toys,71.0,94.92,0,84.88,2,4,2023,14,0
2023-04-06,Toys,74.0,94.92,0,86.58,3,4,2023,14,0
2023-04-07,Toys,70.0,94.92,0,99.52,4,4,2023,14,0
2023-04-08,Toys,94.0,94.92,0,86.27,5,4,2023,14,0
2023-04-09,Toys,95.0,94.92,0,77.87,6,4,2023,14,0
2023-04-10,Toys,73.0,94.92,0,94.7,0,4,2023,15,0
2023-04-11,Toys,68.0,94.92,0,96.94,1,4,2023,15,0
2023-04-12,Toys,56.0,94.92,0,97.61,2,4,2023,15,0
2023-04-13,Toys,76.0,94.92,0,94.38,3,4,2023,15,0
2023-04-14,Toys,81.0,94.92,0,95.05,4,4,2023,15,0
2023-04-15,Toys,135.0,79.49,1,89.15,5,4,2023,15,0
2023-04-16,Toys,136.0,79.49,1,78.34,6,4,2023,15,0
2023-04-17,Toys,112.0,79.49,1,88.68,0,4,2023,16,0
2023-04-18,Toys,67.0,94.92,0,91.46,1,4,2023,16,0
2023-04-19,Toys,60.0,94.92,0,87.47,2,4,2023,16,0
2023-04-20,Toys,70.0,94.92,0,87.03,3,4,2023,16,0
2023-04-21,Toys,64.0,94.92,0,82.89,4,4,2023,16,0
2023-04-22,Toys,78.0,94.92,0,82.47,5,4,2023,16,0
2023-04-23,Toys,106.0,85.38,1,96.42,6,4,2023,16,0
2023-04-24,Toys,89.0,85.38,1,96.34,0,4,2023,17,0
2023-04-25,Toys,104.0,85.38,1,86.69,1,4,2023,17,0
2023-04-26,Toys,106.0,85.38,1,87.83,2,4,2023,17,0
2023-04-27,Toys,98.0,85.38,1,81.23,3,4,2023,17,0
2023-04-28,Toys,103.0,85.38,1,89.05,4,4,2023,17,0
2023-04-29,Toys,121.0,85.38,1,94.32,5,4,2023,17,0
2023-04-30,Toys,81.0,94.92,0,77.55,6,4,2023,17,0
2023-05-01,Toys,52.0,94.92,0,87.19,0,5,2023,18,0
2023-05-02,Toys,55.0,94.92,0,87.22,1,5,2023,18,0
2023-05-03,Toys,63.0,94.92,0,86.81,2,5,2023,18,0
2023-05-04,Toys,54.0,94.92,0,92.02,3,5,2023,18,0
2023-05-05,Toys,63.0,94.92,0,93.62,4,5,2023,18,0
2023-05-06,Toys,76.0,94.92,0,81.89,5,5,2023,18,0
2023-05-07,Toys,76.0,94.92,0,86.03,6,5,2023,18,0
2023-05-08,Toys,54.0,94.92,0,82.68,0,5,2023,19,0
2023-05-09,Toys,55.0,94.92,0,78.69,1,5,2023,19,0
2023-05-10,Toys,56.0,94.92,0,82.78,2,5,2023,19,0
2023-05-11,Toys,65.0,94.92,0,84.35,3,5,2023,19,0
2023-05-12,Toys,63.0,94.92,0,81.64,4,5,2023,19,0
2023-05-13,Toys,72.0,94.92,0,75.7,5,5,2023,19,0
2023-05-14,Toys,80.0,94.92,0,77.33,6,5,2023,19,0
2023-05-15,Toys,51.0,94.92,0,76.9,0,5,2023,20,0
2023-05-16,Toys,47.0,94.92,0,74.49,1,5,2023,20,0
2023-05-17,Toys,52.0,94.92,0,79.79,2,5,2023,20,0
2023-05-18,Toys,58.0,94.92,0,79.82,3,5,2023,20,0
2023-05-19,Toys,63.0,94.92,0,82.13,4,5,2023,20,0
2023-05-20,Toys,69.0,94.92,0,72.43,5,5,2023,20,0
2023-05-21,Toys,60.0,94.92,0,73.32,6,5,2023,20,0
2023-05-22,Toys,51.0,94.92,0,83.46,0,5,2023,21,0
2023-05-23,Toys,55.0,94.92,0,74.33,1,5,2023,21,0
2023-05-24,Toys,44.0,94.92,0,74.76,2,5,2023,21,0
2023-05-25,Toys,50.0,94.92,0,73.19,3,5,2023,21,0
2023-05-26,Toys,,94.92,0,79.18,4,5,2023,21,0
2023-05-27,Toys,63.0,94.92,0,78.81,5,5,2023,21,0
2023-05-28,Toys,66.0,94.92,0,77.95,6,5,2023,21,0
2023-05-29,Toys,51.0,94.92,0,71.94,0,5,2023,22,0
2023-05-30,Toys,49.0,94.92,0,66.87,1,5,2023,22,0
2023-05-31,Toys,43.0,94.92,0,80.27,2,5,2023,22,0
2023-06-01,Toys,43.0,94.92,0,74.33,3,6,2023,22,0
2023-06-02,Toys,57.0,94.92,0,67.17,4,6,2023,22,0
2023-06-03,Toys,61.0,94.92,0,75.97,5,6,2023,22,0
2023-06-04,Toys,72.0,94.92,0,65.56,6,6,2023,22,0
2023-06-05,Toys,55.0,94.92,0,74.67,0,6,2023,23,0
2023-06-06,Toys,54.0,94.92,0,74.39,1,6,2023,23,0
2023-06-07,Toys,42.0,94.92,0,61.77,2,6,2023,23,0
2023-06-08,Toys,50.0,94.92,0,68.65,3,6,2023,23,0
2023-06-09,Toys,58.0,94.92,0,69.02,4,6,2023,23,0
2023-06-10,Toys,66.0,94.92,0,77.54,5,6,2023,23,0
2023-06-11,Toys,59.0,94.92,0,60.11,6,6,2023,23,0
2023-06-12,Toys,51.0,94.92,0,70.34,0,6,2023,24,0
2023-06-13,Toys,45.0,94.92,0,62.61,1,6,2023,24,0
2023-06-14,Toys,45.0,94.92,0,55.66,2,6,2023,24,0
2023-06-15,Toys,41.0,94.92,0,60.61,3,6,2023,24,0
2023-06-16,Toys,56.0,94.92,0,60.56,4,6,2023,24,0
2023-06-17,Toys,59.0,94.92,0,54.59,5,6,2023,24,0
2023-06-18,Toys,62.0,94.92,0,60.77,6,6,2023,24,0
2023-06-19,Toys,46.0,94.92,0,63.33,0,6,2023,25,0
2023-06-20,Toys,45.0,94.92,0,59.06,1,6,2023,25,0
2023-06-21,Toys,43.0,94.92,0,54.48,2,6,2023,25,0
2023-06-22,Toys,49.0,94.92,0,55.77,3,6,2023,25,0
2023-06-23,Toys,51.0,94.92,0,55.81,4,6,2023,25,0
2023-06-24,Toys,53.0,94.92,0,56.24,5,6,2023,25,0
2023-06-25,Toys,61.0,94.92,0,60.02,6,6,2023,25,0
2023-06-26,Toys,42.0,94.92,0,55.14,0,6,2023,26,0
2023-06-27,Toys,79.0,67.38,1,46.08,1,6,2023,26,0
2023-06-28,Toys,81.0,67.38,1,49.6,2,6,2023,26,0
2023-06-29,Toys,95.0,67.38,1,52.55,3,6,2023,26,0
2023-06-30,Toys,105.0,67.38,1,56.65,4,6,2023,26,0
2023-07-01,Toys,49.0,94.92,0,56.83,5,7,2023,26,0
2023-07-02,Toys,57.0,94.92,0,58.53,6,7,2023,26,0
2023-07-03,Toys,49.0,94.92,0,49.62,0,7,2023,27,0
2023-07-04,Toys,59.0,94.92,0,52.1,1,7,2023,27,1
2023-07-05,Toys,42.0,94.92,0,40.32,2,7,2023,27,0
2023-07-06,Toys,49.0,94.92,0,49.05,3,7,2023,27,0
2023-07-07,Toys,55.0,94.92,0,40.84,4,7,2023,27,0
2023-07-08,Toys,64.0,94.92,0,45.22,5,7,2023,27,0
2023-07-09,Toys,46.0,94.92,0,60.0,6,7,2023,27,0
2023-07-10,Toys,51.0,94.92,0,45.69,0,7,2023,28,0
2023-07-11,Toys,46.0,94.92,0,39.17,1,7,2023,28,0
2023-07-12,Toys,52.0,94.92,0,44.85,2,7,2023,28,0
2023-07-13,Toys,43.0,94.92,0,39.55,3,7,2023,28,0
2023-07-14,Toys,45.0,94.92,0,36.66,4,7,2023,28,0
2023-07-15,Toys,60.0,94.92,0,51.3,5,7,2023,28,0
2023-07-16,Toys,58.0,94.92,0,45.45,6,7,2023,28,0
2023-07-17,Toys,48.0,94.92,0,41.18,0,7,2023,29,0
2023-07-18,Toys,49.0,94.92,0,36.83,1,7,2023,29,0
2023-07-19,Toys,44.0,94.92,0,36.58,2,7,2023,29,0
2023-07-20,Toys,46.0,94.92,0,45.19,3,7,2023,29,0
2023-07-21,Toys,56.0,94.92,0,38.36,4,7,2023,29,0
2023-07-22,Toys,61.0,94.92,0,20.76,5,7,2023,29,0
2023-07-23,Toys,59.0,94.92,0,47.64,6,7,2023,29,0
2023-07-24,Toys,51.0,94.92,0,35.81,0,7,2023,30,0
2023-07-25,Toys,51.0,94.92,0,35.97,1,7,2023,30,0
2023-07-26,Toys,50.0,94.92,0,39.06,2,7,2023,30,0
2023-07-27,Toys,48.0,94.92,0,35.33,3,7,2023,30,0
2023-07-28,Toys,46.0,94.92,0,36.11,4,7,2023,30,0
2023-07-29,Toys,63.0,94.92,0,29.65,5,7,2023,30,0
2023-07-30,Toys,59.0,94.92,0,25.0,6,7,2023,30,0
2023-07-31,Toys,48.0,94.92,0,31.95,0,7,2023,31,0
2023-08-01,Toys,45.0,94.92,0,37.11,1,8,2023,31,0
2023-08-02,Toys,47.0,94.92,0,26.12,2,8,2023,31,0
2023-08-03,Toys,46.0,94.92,0,25.13,3,8,2023,31,0
2023-08-04,Toys,52.0,94.92,0,34.3,4,8,2023,31,0
2023-08-05,Toys,73.0,94.92,0,25.33,5,8,2023,31,0
2023-08-06,Toys,60.0,94.92,0,25.0,6,8,2023,31,0
2023-08-07,Toys,50.0,94.92,0,24.62,0,8,2023,32,0
2023-08-08,Toys,53.0,94.92,0,25.61,1,8,2023,32,0
2023-08-09,Toys,53.0,94.92,0,17.52,2,8,2023,32,0
2023-08-10,Toys,56.0,94.92,0,22.15,3,8,2023,32,0
2023-08-11,Toys,62.0,94.92,0,25.47,4,8,2023,32,0
2023-08-12,Toys,73.0,94.92,0,24.91,5,8,2023,32,0
2023-08-13,Toys,76.0,94.92,0,29.07,6,8,2023,32,0
2023-08-14,Toys,54.0,94.92,0,31.97,0,8,2023,33,0
2023-08-15,Toys,44.0,94.92,0,29.83,1,8,2023,33,0
2023-08-16,Toys,49.0,94.92,0,26.35,2,8,2023,33,0
2023-08-17,Toys,58.0,94.92,0,20.55,3,8,2023,33,0
2023-08-18,Toys,60.0,94.92,0,17.7,4,8,2023,33,0
2023-08-19,Toys,82.0,94.92,0,20.44,5,8,2023,33,0
2023-08-20,Toys,71.0,94.92,0,22.82,6,8,2023,33,0
2023-08-21,Toys,56.0,94.92,0,23.55,0,8,2023,34,0
2023-08-22,Toys,59.0,94.92,0,22.12,1,8,2023,34,0
2023-08-23,Toys,53.0,94.92,0,17.97,2,8,2023,34,0
2023-08-24,Toys,58.0,94.92,0,22.09,3,8,2023,34,0
2023-08-25,Toys,71.0,94.92,0,24.05,4,8,2023,34,0
2023-08-26,Toys,67.0,94.92,0,21.74,5,8,2023,34,0
2023-08-27,Toys,74.0,94.92,0,16.79,6,8,2023,34,0
2023-08-28,Toys,62.0,94.92,0,12.39,0,8,2023,35,0
2023-08-29,Toys,57.0,94.92,0,11.9,1,8,2023,35,0
2023-08-30,Toys,64.0,94.92,0,12.42,2,8,2023,35,0
2023-08-31,Toys,53.0,94.92,0,16.76,3,8,2023,35,0
2023-09-01,Toys,60.0,94.92,0,17.73,4,9,2023,35,0
2023-09-02,Toys,85.0,94.92,0,7.73,5,9,2023,35,0
2023-09-03,Toys,85.0,94.92,0,11.96,6,9,2023,35,0
2023-09-04,Toys,60.0,94.92,0,15.38,0,9,2023,36,0
2023-09-05,Toys,62.0,94.92,0,9.37,1,9,2023,36,0
2023-09-06,Toys,64.0,94.92,0,15.75,2,9,2023,36,0
2023-09-07,Toys,60.0,94.92,0,11.76,3,9,2023,36,0
2023-09-08,Toys,69.0,94.92,0,9.41,4,9,2023,36,0
2023-09-09,Toys,86.0,94.92,0,13.04,5,9,2023,36,0
2023-09-10,Toys,90.0,94.92,0,14.49,6,9,2023,36,0
2023-09-11,Toys,58.0,94.92,0,8.05,0,9,2023,37,0
2023-09-12,Toys,63.0,94.92,0,10.85,1,9,2023,37,0
2023-09-13,Toys,62.0,94.92,0,14.19,2,9,2023,37,0
2023-09-14,Toys,70.0,94.92,0,7.84,3,9,2023,37,0
2023-09-15,Toys,78.0,94.92,0,3.17,4,9,2023,37,0
2023-09-16,Toys,85.0,94.92,0,3.6,5,9,2023,37,0
2023-09-17,Toys,97.0,94.92,0,9.03,6,9,2023,37,0
2023-09-18,Toys,65.0,94.92,0,4.37,0,9,2023,38,0
2023-09-19,Toys,65.0,94.92,0,9.08,1,9,2023,38,0
2023-09-20,Toys,58.0,94.92,0,19.01,2,9,2023,38,0
2023-09-21,Toys,67.0,94.92,0,3.67,3,9,2023,38,0
2023-09-22,Toys,85.0,94.92,0,9.04,4,9,2023,38,0
2023-09-23,Toys,96.0,94.92,0,21.02,5,9,2023,38,0
2023-09-24,Toys,98.0,94.92,0,12.31,6,9,2023,38,0
2023-09-25,Toys,75.0,94.92,0,8.36,0,9,2023,39,0
2023-09-26,Toys,82.0,94.92,0,9.35,1,9,2023,39,0
2023-09-27,Toys,66.0,94.92,0,12.23,2,9,2023,39,0
2023-09-28,Toys,65.0,94.92,0,18.52,3,9,2023,39,0
2023-09-29,Toys,79.0,94.92,0,7.36,4,9,2023,39,0
2023-09-30,Toys,172.0,73.29,1,6.22,5,9,2023,39,0
2023-10-01,Toys,166.0,73.29,1,3.11,6,10,2023,39,0
2023-10-02,Toys,139.0,73.29,1,10.52,0,10,2023,40,0
2023-10-03,Toys,81.0,94.92,0,3.0,1,10,2023,40,0
2023-10-04,Toys,83.0,94.92,0,7.74,2,10,2023,40,0
2023-10-05,Toys,82.0,94.92,0,5.56,3,10,2023,40,0
2023-10-06,Toys,106.0,94.92,0,15.53,4,10,2023,40,0
2023-10-07,Toys,101.0,94.92,0,7.69,5,10,2023,40,0
2023-10-08,Toys,89.0,94.92,0,12.3,6,10,2023,40,0
2023-10-09,Toys,85.0,94.92,0,2.38,0,10,2023,41,0
2023-10-10,Toys,66.0,94.92,0,11.16,1,10,2023,41,0
2023-10-11,Toys,72.0,94.92,0,4.61,2,10,2023,41,0
2023-10-12,Toys,86.0,94.92,0,8.62,3,10,2023,41,0
2023-10-13,Toys,94.0,94.92,0,21.94,4,10,2023,41,0
2023-10-14,Toys,107.0,94.92,0,15.7,5,10,2023,41,0
2023-10-15,Toys,97.0,94.92,0,10.56,6,10,2023,41,0
2023-10-16,Toys,82.0,94.92,0,27.37,0,10,2023,42,0
2023-10-17,Toys,87.0,94.92,0,6.98,1,10,2023,42,0
2023-10-18,Toys,81.0,94.92,0,17.58,2,10,2023,42,0
2023-10-19,Toys,80.0,94.92,0,4.29,3,10,2023,42,0
2023-10-20,Toys,89.0,94.92,0,10.96,4,10,2023,42,0
2023-10-21,Toys,106.0,94.92,0,5.67,5,10,2023,42,0
2023-10-22,Toys,115.0,94.92,0,13.93,6,10,2023,42,0
2023-10-23,Toys,88.0,94.92,0,13.18,0,10,2023,43,0
2023-10-24,Toys,160.0,67.7,1,11.62,1,10,2023,43,0
2023-10-25,Toys,140.0,67.7,1,18.9,2,10,2023,43,0
2023-10-26,Toys,187.0,67.7,1,10.88,3,10,2023,43,0
2023-10-27,Toys,192.0,67.7,1,15.65,4,10,2023,43,0
2023-10-28,Toys,251.0,67.7,1,18.42,5,10,2023,43,0
2023-10-29,Toys,221.0,67.7,1,7.22,6,10,2023,43,0
2023-10-30,Toys,82.0,94.92,0,11.22,0,10,2023,44,0
2023-10-31,Toys,133.0,94.92,0,15.57,1,10,2023,44,1
2023-11-01,Toys,103.0,94.92,0,18.8,2,11,2023,44,0
2023-11-02,Toys,98.0,94.92,0,23.11,3,11,2023,44,0
2023-11-03,Toys,107.0,94.92,0,15.3,4,11,2023,44,0
2023-11-04,Toys,125.0,94.92,0,15.17,5,11,2023,44,0
2023-11-05,Toys,103.0,94.92,0,12.78,6,11,2023,44,0
2023-11-06,Toys,84.0,94.92,0,19.19,0,11,2023,45,0
2023-11-07,Toys,72.0,94.92,0,16.46,1,11,2023,45,0
2023-11-08,Toys,102.0,94.92,0,16.99,2,11,2023,45,0
2023-11-09,Toys,107.0,94.92,0,18.32,3,11,2023,45,0
2023-11-10,Toys,207.0,73.54,1,21.98,4,11,2023,45,0
2023-11-11,Toys,233.0,73.54,1,16.85,5,11,2023,45,0
2023-11-12,Toys,199.0,73.54,1,16.26,6,11,2023,45,0
2023-11-13,Toys,171.0,73.54,1,22.74,0,11,2023,46,0
2023-11-14,Toys,195.0,73.54,1,5.93,1,11,2023,46,0
2023-11-15,Toys,171.0,73.54,1,18.52,2,11,2023,46,0
2023-11-16,Toys,94.0,94.92,0,16.27,3,11,2023,46,0
2023-11-17,Toys,97.0,94.92,0,28.53,4,11,2023,46,0
2023-11-18,Toys,143.0,94.92,0,20.82,5,11,2023,46,0
2023-11-19,Toys,127.0,94.92,0,20.73,6,11,2023,46,0
2023-11-20,Toys,84.0,94.92,0,23.81,0,11,2023,47,0
2023-11-21,Toys,89.0,94.92,0,21.61,1,11,2023,47,0
2023-11-22,Toys,85.0,94.92,0,23.1,2,11,2023,47,0
2023-11-23,Toys,219.0,94.92,0,26.15,3,11,2023,47,1
2023-11-24,Toys,351.0,94.92,0,24.1,4,11,2023,47,1
2023-11-25,Toys,127.0,94.92,0,24.62,5,11,2023,47,0
2023-11-26,Toys,138.0,94.92,0,22.28,6,11,2023,47,0
2023-11-27,Toys,100.0,94.92,0,22.13,0,11,2023,48,0
2023-11-28,Toys,106.0,94.92,0,28.78,1,11,2023,48,0
2023-11-29,Toys,94.0,94.92,0,30.6,2,11,2023,48,0
2023-11-30,Toys,128.0,94.92,0,22.51,3,11,2023,48,0
2023-12-01,Toys,112.0,94.92,0,34.05,4,12,2023,48,0
2023-12-02,Toys,125.0,94.92,0,34.67,5,12,2023,48,0
2023-12-03,Toys,122.0,94.92,0,36.33,6,12,2023,48,0
2023-12-04,Toys,100.0,94.92,0,33.57,0,12,2023,49,0
2023-12-05,Toys,86.0,94.92,0,35.87,1,12,2023,49,0
2023-12-06,Toys,101.0,94.92,0,44.24,2,12,2023,49,0
2023-12-07,Toys,89.0,94.92,0,32.43,3,12,2023,49,0
2023-12-08,Toys,121.0,94.92,0,29.35,4,12,2023,49,0
2023-12-09,Toys,122.0,94.92,0,27.54,5,12,2023,49,0
2023-12-10,Toys,131.0,94.92,0,44.63,6,12,2023,49,0
2023-12-11,Toys,108.0,94.92,0,45.34,0,12,2023,50,0
2023-12-12,Toys,119.0,94.92,0,32.53,1,12,2023,50,0
2023-12-13,Toys,91.0,94.92,0,34.17,2,12,2023,50,0
2023-12-14,Toys,104.0,94.92,0,36.84,3,12,2023,50,0
2023-12-15,Toys,114.0,94.92,0,45.24,4,12,2023,50,0
2023-12-16,Toys,129.0,94.92,0,33.35,5,12,2023,50,0
2023-12-17,Toys,128.0,94.92,0,30.62,6,12,2023,50,0
2023-12-18,Toys,111.0,94.92,0,51.96,0,12,2023,51,0
2023-12-19,Toys,98.0,94.92,0,43.36,1,12,2023,51,0
2023-12-20,Toys,119.0,94.92,0,44.74,2,12,2023,51,0
2023-12-21,Toys,110.0,94.92,0,42.12,3,12,2023,51,0
2023-12-22,Toys,112.0,94.92,0,46.16,4,12,2023,51,0
2023-12-23,Toys,135.0,94.92,0,36.94,5,12,2023,51,0
2023-12-24,Toys,128.0,94.92,0,40.99,6,12,2023,51,0
2023-12-25,Toys,278.0,94.92,0,46.4,0,12,2023,52,1
2023-12-26,Toys,160.0,94.92,0,35.21,1,12,2023,52,1
2023-12-27,Toys,90.0,94.92,0,45.74,2,12,2023,52,0
2023-12-28,Toys,102.0,94.92,0,46.11,3,12,2023,52,0
2023-12-29,Toys,129.0,94.92,0,47.11,4,12,2023,52,0
2023-12-30,Toys,154.0,94.92,0,46.56,5,12,2023,52,0
2023-12-31,Toys,244.0,94.92,0,45.02,6,12,2023,52,1
2021-01-01,Home_Decor,109.0,126.46,0,47.16,4,1,2021,53,1
2021-01-02,Home_Decor,71.0,126.46,0,42.19,5,1,2021,53,0
2021-01-03,Home_Decor,65.0,126.46,0,55.64,6,1,2021,53,0
2021-01-04,Home_Decor,92.0,103.13,1,48.89,0,1,2021,1,0
2021-01-05,Home_Decor,84.0,103.13,1,52.07,1,1,2021,1,0
2021-01-06,Home_Decor,99.0,103.13,1,45.28,2,1,2021,1,0
2021-01-07,Home_Decor,101.0,103.13,1,50.31,3,1,2021,1,0
2021-01-08,Home_Decor,124.0,103.13,1,47.98,4,1,2021,1,0
2021-01-09,Home_Decor,64.0,126.46,0,54.0,5,1,2021,1,0
2021-01-10,Home_Decor,84.0,126.46,0,54.88,6,1,2021,1,0
2021-01-11,Home_Decor,49.0,126.46,0,57.98,0,1,2021,2,0
2021-01-12,Home_Decor,50.0,126.46,0,64.4,1,1,2021,2,0
2021-01-13,Home_Decor,52.0,126.46,0,62.26,2,1,2021,2,0
2021-01-14,Home_Decor,64.0,126.46,0,51.44,3,1,2021,2,0
2021-01-15,Home_Decor,68.0,126.46,0,63.25,4,1,2021,2,0
2021-01-16,Home_Decor,75.0,126.46,0,61.44,5,1,2021,2,0
2021-01-17,Home_Decor,71.0,126.46,0,61.05,6,1,2021,2,0
2021-01-18,Home_Decor,52.0,126.46,0,62.08,0,1,2021,3,0
2021-01-19,Home_Decor,62.0,126.46,0,63.87,1,1,2021,3,0
2021-01-20,Home_Decor,60.0,126.46,0,60.04,2,1,2021,3,0
2021-01-21,Home_Decor,67.0,126.46,0,63.24,3,1,2021,3,0
2021-01-22,Home_Decor,71.0,126.46,0,70.71,4,1,2021,3,0
2021-01-23,Home_Decor,62.0,126.46,0,61.91,5,1,2021,3,0
2021-01-24,Home_Decor,70.0,126.46,0,60.91,6,1,2021,3,0
2021-01-25,Home_Decor,62.0,126.46,0,66.38,0,1,2021,4,0
2021-01-26,Home_Decor,57.0,126.46,0,61.66,1,1,2021,4,0
2021-01-27,Home_Decor,56.0,126.46,0,59.32,2,1,2021,4,0
2021-01-28,Home_Decor,56.0,126.46,0,66.82,3,1,2021,4,0
2021-01-29,Home_Decor,76.0,126.46,0,76.39,4,1,2021,4,0
2021-01-30,Home_Decor,84.0,126.46,0,69.56,5,1,2021,4,0
2021-01-31,Home_Decor,84.0,126.46,0,71.24,6,1,2021,4,0
2021-02-01,Home_Decor,58.0,126.46,0,60.29,0,2,2021,5,0
2021-02-02,Home_Decor,61.0,126.46,0,73.71,1,2,2021,5,0
2021-02-03,Home_Decor,53.0,126.46,0,72.56,2,2,2021,5,0
2021-02-04,Home_Decor,63.0,126.46,0,69.34,3,2,2021,5,0
2021-02-05,Home_Decor,58.0,126.46,0,74.13,4,2,2021,5,0
2021-02-06,Home_Decor,73.0,126.46,0,74.64,5,2,2021,5,0
2021-02-07,Home_Decor,80.0,126.46,0,69.04,6,2,2021,5,0
2021-02-08,Home_Decor,75.0,126.46,0,76.54,0,2,2021,6,0
2021-02-09,Home_Decor,53.0,126.46,0,81.4,1,2,2021,6,0
2021-02-10,Home_Decor,55.0,126.46,0,74.81,2,2,2021,6,0
2021-02-11,Home_Decor,66.0,126.46,0,72.13,3,2,2021,6,0
2021-02-12,Home_Decor,85.0,126.46,0,76.09,4,2,2021,6,0
2021-02-13,Home_Decor,87.0,126.46,0,81.76,5,2,2021,6,0
2021-02-14,Home_Decor,143.0,126.46,0,71.85,6,2,2021,6,1
2021-02-15,Home_Decor,63.0,126.46,0,81.36,0,2,2021,7,0
2021-02-16,Home_Decor,61.0,126.46,0,75.56,1,2,2021,7,0
2021-02-17,Home_Decor,63.0,126.46,0,80.63,2,2,2021,7,0
2021-02-18,Home_Decor,63.0,126.46,0,77.06,3,2,2021,7,0
2021-02-19,Home_Decor,81.0,126.46,0,77.5,4,2,2021,7,0
2021-02-20,Home_Decor,76.0,126.46,0,88.39,5,2,2021,7,0
2021-02-21,Home_Decor,92.0,126.46,0,74.17,6,2,2021,7,0
2021-02-22,Home_Decor,66.0,126.46,0,84.06,0,2,2021,8,0
2021-02-23,Home_Decor,63.0,126.46,0,90.71,1,2,2021,8,0
2021-02-24,Home_Decor,56.0,126.46,0,85.89,2,2,2021,8,0
2021-02-25,Home_Decor,62.0,126.46,0,76.2,3,2,2021,8,0
2021-02-26,Home_Decor,85.0,126.46,0,76.84,4,2,2021,8,0
2021-02-27,Home_Decor,87.0,126.46,0,79.87,5,2,2021,8,0
2021-02-28,Home_Decor,89.0,126.46,0,84.78,6,2,2021,8,0
2021-03-01,Home_Decor,62.0,126.46,0,85.48,0,3,2021,9,0
2021-03-02,Home_Decor,65.0,126.46,0,78.34,1,3,2021,9,0
2021-03-03,Home_Decor,58.0,126.46,0,80.67,2,3,2021,9,0
2021-03-04,Home_Decor,69.0,126.46,0,81.31,3,3,2021,9,0
2021-03-05,Home_Decor,81.0,126.46,0,84.78,4,3,2021,9,0
2021-03-06,Home_Decor,9.200000000000001,126.46,0,95.91,5,3,2021,9,0
2021-03-07,Home_Decor,82.0,126.46,0,81.61,6,3,2021,9,0
2021-03-08,Home_Decor,66.0,126.46,0,81.68,0,3,2021,10,0
2021-03-09,Home_Decor,69.0,126.46,0,81.17,1,3,2021,10,0
2021-03-10,Home_Decor,65.0,126.46,0,90.28,2,3,2021,10,0
2021-03-11,Home_Decor,68.0,126.46,0,87.15,3,3,2021,10,0
2021-03-12,Home_Decor,92.0,126.46,0,83.11,4,3,2021,10,0
2021-03-13,Home_Decor,84.0,126.46,0,86.01,5,3,2021,10,0
2021-03-14,Home_Decor,97.0,126.46,0,84.08,6,3,2021,10,0
2021-03-15,Home_Decor,,126.46,0,89.73,0,3,2021,11,0
2021-03-16,Home_Decor,71.0,126.46,0,101.87,1,3,2021,11,0
2021-03-17,Home_Decor,70.0,126.46,0,91.38,2,3,2021,11,0
2021-03-18,Home_Decor,67.0,126.46,0,88.34,3,3,2021,11,0
2021-03-19,Home_Decor,72.0,126.46,0,85.64,4,3,2021,11,0
2021-03-20,Home_Decor,77.0,126.46,0,82.4,5,3,2021,11,0
2021-03-21,Home_Decor,86.0,126.46,0,92.92,6,3,2021,11,0
2021-03-22,Home_Decor,72.0,126.46,0,92.78,0,3,2021,12,0
2021-03-23,Home_Decor,62.0,126.46,0,87.16,1,3,2021,12,0
2021-03-24,Home_Decor,67.0,126.46,0,95.66,2,3,2021,12,0
2021-03-25,Home_Decor,62.0,126.46,0,89.79,3,3,2021,12,0
2021-03-26,Home_Decor,79.0,126.46,0,93.64,4,3,2021,12,0
2021-03-27,Home_Decor,84.0,126.46,0,91.32,5,3,2021,12,0
2021-03-28,Home_Decor,90.0,126.46,0,89.01,6,3,2021,12,0
2021-03-29,Home_Decor,66.0,126.46,0,85.16,0,3,2021,13,0
2021-03-30,Home_Decor,61.0,126.46,0,89.24,1,3,2021,13,0
2021-03-31,Home_Decor,63.0,126.46,0,94.2,2,3,2021,13,0
2021-04-01,Home_Decor,65.0,126.46,0,87.46,3,4,2021,13,0
2021-04-02,Home_Decor,72.0,126.46,0,92.2,4,4,2021,13,0
2021-04-03,Home_Decor,100.0,126.46,0,84.57,5,4,2021,13,0
2021-04-04,Home_Decor,88.0,126.46,0,93.86,6,4,2021,13,0
2021-04-05,Home_Decor,57.0,126.46,0,91.48,0,4,2021,14,0
2021-04-06,Home_Decor,64.0,126.46,0,83.86,1,4,2021,14,0
2021-04-07,Home_Decor,72.0,126.46,0,88.68,2,4,2021,14,0
2021-04-08,Home_Decor,66.0,126.46,0,94.39,3,4,2021,14,0
2021-04-09,Home_Decor,90.0,126.46,0,83.35,4,4,2021,14,0
2021-04-10,Home_Decor,86.0,126.46,0,84.19,5,4,2021,14,0
2021-04-11,Home_Decor,94.0,126.46,0,89.09,6,4,2021,14,0
2021-04-12,Home_Decor,75.0,126.46,0,99.98,0,4,2021,15,0
2021-04-13,Home_Decor,70.0,126.46,0,85.82,1,4,2021,15,0
2021-04-14,Home_Decor,59.0,126.46,0,91.52,2,4,2021,15,0
2021-04-15,Home_Decor,65.0,126.46,0,90.19,3,4,2021,15,0
2021-04-16,Home_Decor,88.0,126.46,0,85.77,4,4,2021,15,0
2021-04-17,Home_Decor,86.0,126.46,0,89.34,5,4,2021,15,0
2021-04-18,Home_Decor,97.0,126.46,0,86.11,6,4,2021,15,0
2021-04-19,Home_Decor,66.0,126.46,0,86.36,0,4,2021,16,0
2021-04-20,Home_Decor,68.0,126.46,0,79.63,1,4,2021,16,0
2021-04-21,Home_Decor,59.0,126.46,0,87.59,2,4,2021,16,0
2021-04-22,Home_Decor,66.0,126.46,0,91.97,3,4,2021,16,0
2021-04-23,Home_Decor,74.0,126.46,0,87.52,4,4,2021,16,0
2021-04-24,Home_Decor,92.0,126.46,0,92.42,5,4,2021,16,0
2021-04-25,Home_Decor,90.0,126.46,0,89.6,6,4,2021,16,0
2021-04-26,Home_Decor,70.0,126.46,0,86.13,0,4,2021,17,0
2021-04-27,Home_Decor,64.0,126.46,0,82.99,1,4,2021,17,0
2021-04-28,Home_Decor,61.0,126.46,0,83.4,2,4,2021,17,0
2021-04-29,Home_Decor,70.0,126.46,0,78.17,3,4,2021,17,0
2021-04-30,Home_Decor,72.0,126.46,0,83.87,4,4,2021,17,0
2021-05-01,Home_Decor,97.0,126.46,0,85.6,5,5,2021,17,0
2021-05-02,Home_Decor,87.0,126.46,0,93.1,6,5,2021,17,0
2021-05-03,Home_Decor,65.0,126.46,0,86.81,0,5,2021,18,0
2021-05-04,Home_Decor,68.0,126.46,0,79.49,1,5,2021,18,0
2021-05-05,Home_Decor,64.0,126.46,0,76.24,2,5,2021,18,0
2021-05-06,Home_Decor,59.0,126.46,0,82.02,3,5,2021,18,0
2021-05-07,Home_Decor,71.0,126.46,0,86.72,4,5,2021,18,0
2021-05-08,Home_Decor,96.0,126.46,0,81.16,5,5,2021,18,0
2021-05-09,Home_Decor,87.0,126.46,0,84.56,6,5,2021,18,0
2021-05-10,Home_Decor,57.0,126.46,0,80.52,0,5,2021,19,0
2021-05-11,Home_Decor,66.0,126.46,0,84.58,1,5,2021,19,0
2021-05-12,Home_Decor,61.0,126.46,0,72.57,2,5,2021,19,0
2021-05-13,Home_Decor,62.0,126.46,0,88.13,3,5,2021,19,0
2021-05-14,Home_Decor,69.0,126.46,0,74.09,4,5,2021,19,0
2021-05-15,Home_Decor,94.0,126.46,0,83.15,5,5,2021,19,0
2021-05-16,Home_Decor,72.0,126.46,0,77.35,6,5,2021,19,0
2021-05-17,Home_Decor,60.0,126.46,0,77.64,0,5,2021,20,0
2021-05-18,Home_Decor,64.0,126.46,0,76.53,1,5,2021,20,0
2021-05-19,Home_Decor,70.0,126.46,0,78.51,2,5,2021,20,0
2021-05-20,Home_Decor,68.0,126.46,0,79.01,3,5,2021,20,0
2021-05-21,Home_Decor,69.0,126.46,0,81.5,4,5,2021,20,0
2021-05-22,Home_Decor,95.0,126.46,0,82.72,5,5,2021,20,0
2021-05-23,Home_Decor,74.0,126.46,0,76.81,6,5,2021,20,0
2021-05-24,Home_Decor,65.0,126.46,0,83.18,0,5,2021,21,0
2021-05-25,Home_Decor,64.0,126.46,0,74.53,1,5,2021,21,0
2021-05-26,Home_Decor,56.0,126.46,0,78.9,2,5,2021,21,0
2021-05-27,Home_Decor,67.0,126.46,0,75.09,3,5,2021,21,0
2021-05-28,Home_Decor,70.0,126.46,0,69.64,4,5,2021,21,0
2021-05-29,Home_Decor,87.0,126.46,0,72.72,5,5,2021,21,0
2021-05-30,Home_Decor,69.0,126.46,0,73.75,6,5,2021,21,0
2021-05-31,Home_Decor,63.0,126.46,0,70.48,0,5,2021,22,0
2021-06-01,Home_Decor,58.0,126.46,0,72.11,1,6,2021,22,0
2021-06-02,Home_Decor,65.0,126.46,0,73.78,2,6,2021,22,0
2021-06-03,Home_Decor,62.0,126.46,0,68.73,3,6,2021,22,0
2021-06-04,Home_Decor,78.0,126.46,0,53.52,4,6,2021,22,0
2021-06-05,Home_Decor,84.0,126.46,0,76.01,5,6,2021,22,0
2021-06-06,Home_Decor,78.0,126.46,0,65.51,6,6,2021,22,0
2021-06-07,Home_Decor,64.0,126.46,0,62.26,0,6,2021,23,0
2021-06-08,Home_Decor,62.0,126.46,0,60.12,1,6,2021,23,0
2021-06-09,Home_Decor,60.0,126.46,0,63.43,2,6,2021,23,0
2021-06-10,Home_Decor,49.0,126.46,0,61.65,3,6,2021,23,0
2021-06-11,Home_Decor,63.0,126.46,0,60.14,4,6,2021,23,0
2021-06-12,Home_Decor,87.0,126.46,0,59.77,5,6,2021,23,0
2021-06-13,Home_Decor,69.0,126.46,0,65.17,6,6,2021,23,0
2021-06-14,Home_Decor,62.0,126.46,0,72.02,0,6,2021,24,0
2021-06-15,Home_Decor,60.0,126.46,0,65.31,1,6,2021,24,0
2021-06-16,Home_Decor,52.0,126.46,0,66.16,2,6,2021,24,0
2021-06-17,Home_Decor,49.0,126.46,0,57.99,3,6,2021,24,0
2021-06-18,Home_Decor,64.0,126.46,0,59.74,4,6,2021,24,0
2021-06-19,Home_Decor,88.0,126.46,0,60.67,5,6,2021,24,0
2021-06-20,Home_Decor,69.0,126.46,0,54.57,6,6,2021,24,0
2021-06-21,Home_Decor,53.0,126.46,0,55.06,0,6,2021,25,0
2021-06-22,Home_Decor,50.0,126.46,0,60.79,1,6,2021,25,0
2021-06-23,Home_Decor,59.0,126.46,0,61.28,2,6,2021,25,0
2021-06-24,Home_Decor,56.0,126.46,0,55.49,3,6,2021,25,0
2021-06-25,Home_Decor,61.0,126.46,0,48.49,4,6,2021,25,0
2021-06-26,Home_Decor,81.0,126.46,0,52.3,5,6,2021,25,0
2021-06-27,Home_Decor,75.0,126.46,0,45.89,6,6,2021,25,0
2021-06-28,Home_Decor,50.0,126.46,0,52.78,0,6,2021,26,0
2021-06-29,Home_Decor,48.0,126.46,0,53.0,1,6,2021,26,0
2021-06-30,Home_Decor,57.0,126.46,0,49.68,2,6,2021,26,0
2021-07-01,Home_Decor,55.0,126.46,0,51.55,3,7,2021,26,0
2021-07-02,Home_Decor,54.0,126.46,0,51.74,4,7,2021,26,0
2021-07-03,Home_Decor,61.0,126.46,0,50.25,5,7,2021,26,0
2021-07-04,Home_Decor,88.0,126.46,0,42.27,6,7,2021,26,1
2021-07-05,Home_Decor,47.0,126.46,0,46.33,0,7,2021,27,0
2021-07-06,Home_Decor,43.0,126.46,0,48.95,1,7,2021,27,0
2021-07-07,Home_Decor,46.0,126.46,0,54.11,2,7,2021,27,0
2021-07-08,Home_Decor,49.0,126.46,0,44.17,3,7,2021,27,0
2021-07-09,Home_Decor,58.0,126.46,0,47.6,4,7,2021,27,0
2021-07-10,Home_Decor,77.0,126.46,0,48.56,5,7,2021,27,0
2021-07-11,Home_Decor,65.0,126.46,0,42.5,6,7,2021,27,0
2021-07-12,Home_Decor,50.0,126.46,0,48.55,0,7,2021,28,0
2021-07-13,Home_Decor,51.0,126.46,0,48.14,1,7,2021,28,0
2021-07-14,Home_Decor,47.0,126.46,0,48.36,2,7,2021,28,0
2021-07-15,Home_Decor,52.0,126.46,0,43.08,3,7,2021,28,0
2021-07-16,Home_Decor,59.0,126.46,0,51.92,4,7,2021,28,0
2021-07-17,Home_Decor,66.0,126.46,0,36.38,5,7,2021,28,0
2021-07-18,Home_Decor,312.0,126.46,0,49.41,6,7,2021,28,0
2021-07-19,Home_Decor,52.0,126.46,0,41.97,0,7,2021,29,0
2021-07-20,Home_Decor,43.0,126.46,0,44.18,1,7,2021,29,0
2021-07-21,Home_Decor,48.0,126.46,0,35.22,2,7,2021,29,0
2021-07-22,Home_Decor,46.0,126.46,0,40.4,3,7,2021,29,0
2021-07-23,Home_Decor,58.0,126.46,0,42.67,4,7,2021,29,0
2021-07-24,Home_Decor,56.0,126.46,0,29.45,5,7,2021,29,0
2021-07-25,Home_Decor,56.0,126.46,0,33.44,6,7,2021,29,0
2021-07-26,Home_Decor,48.0,126.46,0,22.92,0,7,2021,30,0
2021-07-27,Home_Decor,49.0,126.46,0,32.11,1,7,2021,30,0
2021-07-28,Home_Decor,47.0,126.46,0,28.3,2,7,2021,30,0
2021-07-29,Home_Decor,50.0,126.46,0,30.67,3,7,2021,30,0
2021-07-30,Home_Decor,55.0,126.46,0,45.77,4,7,2021,30,0
2021-07-31,Home_Decor,62.0,126.46,0,39.14,5,7,2021,30,0
2021-08-01,Home_Decor,57.0,126.46,0,22.75,6,8,2021,30,0
2021-08-02,Home_Decor,48.0,126.46,0,32.14,0,8,2021,31,0
2021-08-03,Home_Decor,48.0,126.46,0,32.77,1,8,2021,31,0
2021-08-04,Home_Decor,43.0,126.46,0,26.5,2,8,2021,31,0
2021-08-05,Home_Decor,45.0,126.46,0,28.51,3,8,2021,31,0
2021-08-06,Home_Decor,58.0,126.46,0,28.43,4,8,2021,31,0
2021-08-07,Home_Decor,59.0,126.46,0,19.76,5,8,2021,31,0
2021-08-08,Home_Decor,58.0,126.46,0,20.78,6,8,2021,31,0
2021-08-09,Home_Decor,45.0,126.46,0,26.25,0,8,2021,32,0
2021-08-10,Home_Decor,,126.46,0,25.35,1,8,2021,32,0
2021-08-11,Home_Decor,39.0,126.46,0,20.77,2,8,2021,32,0
2021-08-12,Home_Decor,45.0,126.46,0,19.82,3,8,2021,32,0
2021-08-13,Home_Decor,50.0,126.46,0,22.83,4,8,2021,32,0
2021-08-14,Home_Decor,65.0,126.46,0,27.2,5,8,2021,32,0
2021-08-15,Home_Decor,59.0,126.46,0,21.89,6,8,2021,32,0
2021-08-16,Home_Decor,40.0,126.46,0,29.89,0,8,2021,33,0
2021-08-17,Home_Decor,43.0,126.46,0,17.81,1,8,2021,33,0
2021-08-18,Home_Decor,41.0,126.46,0,21.78,2,8,2021,33,0
2021-08-19,Home_Decor,47.0,126.46,0,18.58,3,8,2021,33,0
2021-08-20,Home_Decor,46.0,126.46,0,22.83,4,8,2021,33,0
2021-08-21,Home_Decor,56.0,126.46,0,15.54,5,8,2021,33,0
2021-08-22,Home_Decor,53.0,126.46,0,28.64,6,8,2021,33,0
2021-08-23,Home_Decor,41.0,126.46,0,10.12,0,8,2021,34,0
2021-08-24,Home_Decor,37.0,126.46,0,26.73,1,8,2021,34,0
2021-08-25,Home_Decor,41.0,126.46,0,18.19,2,8,2021,34,0
2021-08-26,Home_Decor,43.0,126.46,0,20.1,3,8,2021,34,0
2021-08-27,Home_Decor,52.0,126.46,0,23.62,4,8,2021,34,0
2021-08-28,Home_Decor,53.0,126.46,0,20.85,5,8,2021,34,0
2021-08-29,Home_Decor,51.0,126.46,0,12.54,6,8,2021,34,0
2021-08-30,Home_Decor,,126.46,0,18.83,0,8,2021,35,0
2021-08-31,Home_Decor,36.0,126.46,0,24.81,1,8,2021,35,0
2021-09-01,Home_Decor,71.0,103.43,1,10.7,2,9,2021,35,0
2021-09-02,Home_Decor,75.0,103.43,1,25.39,3,9,2021,35,0
2021-09-03,Home_Decor,87.0,103.43,1,16.41,4,9,2021,35,0
2021-09-04,Home_Decor,92.0,103.43,1,12.0,5,9,2021,35,0
2021-09-05,Home_Decor,49.0,126.46,0,9.4,6,9,2021,35,0
2021-09-06,Home_Decor,39.0,126.46,0,12.46,0,9,2021,36,0
2021-09-07,Home_Decor,39.0,126.46,0,3.52,1,9,2021,36,0
2021-09-08,Home_Decor,36.0,126.46,0,10.95,2,9,2021,36,0
2021-09-09,Home_Decor,44.0,126.46,0,11.46,3,9,2021,36,0
2021-09-10,Home_Decor,47.0,126.46,0,7.15,4,9,2021,36,0
2021-09-11,Home_Decor,48.0,126.46,0,16.03,5,9,2021,36,0
2021-09-12,Home_Decor,58.0,126.46,0,10.97,6,9,2021,36,0
2021-09-13,Home_Decor,39.0,126.46,0,8.67,0,9,2021,37,0
2021-09-14,Home_Decor,34.0,126.46,0,10.02,1,9,2021,37,0
2021-09-15,Home_Decor,34.0,126.46,0,13.24,2,9,2021,37,0
2021-09-16,Home_Decor,43.0,126.46,0,11.65,3,9,2021,37,0
2021-09-17,Home_Decor,51.0,126.46,0,7.61,4,9,2021,37,0
2021-09-18,Home_Decor,55.0,126.46,0,11.59,5,9,2021,37,0
2021-09-19,Home_Decor,55.0,126.46,0,10.56,6,9,2021,37,0
2021-09-20,Home_Decor,41.0,126.46,0,4.99,0,9,2021,38,0
2021-09-21,Home_Decor,39.0,126.46,0,9.12,1,9,2021,38,0
2021-09-22,Home_Decor,37.0,126.46,0,13.35,2,9,2021,38,0
2021-09-23,Home_Decor,40.0,126.46,0,13.22,3,9,2021,38,0
2021-09-24,Home_Decor,46.0,126.46,0,9.12,4,9,2021,38,0
2021-09-25,Home_Decor,47.0,126.46,0,13.58,5,9,2021,38,0
2021-09-26,Home_Decor,52.0,126.46,0,5.23,6,9,2021,38,0
2021-09-27,Home_Decor,42.0,126.46,0,5.34,0,9,2021,39,0
2021-09-28,Home_Decor,36.0,126.46,0,8.79,1,9,2021,39,0
2021-09-29,Home_Decor,35.0,126.46,0,17.51,2,9,2021,39,0
2021-09-30,Home_Decor,40.0,126.46,0,10.82,3,9,2021,39,0
2021-10-01,Home_Decor,41.0,126.46,0,8.62,4,10,2021,39,0
2021-10-02,Home_Decor,45.0,126.46,0,17.73,5,10,2021,39,0
2021-10-03,Home_Decor,54.0,126.46,0,8.6,6,10,2021,39,0
2021-10-04,Home_Decor,36.0,126.46,0,21.24,0,10,2021,40,0
2021-10-05,Home_Decor,37.0,126.46,0,7.55,1,10,2021,40,0
2021-10-06,Home_Decor,35.0,126.46,0,5.1,2,10,2021,40,0
2021-10-07,Home_Decor,42.0,126.46,0,9.4,3,10,2021,40,0
2021-10-08,Home_Decor,47.0,126.46,0,9.07,4,10,2021,40,0
2021-10-09,Home_Decor,49.0,126.46,0,6.36,5,10,2021,40,0
2021-10-10,Home_Decor,45.0,126.46,0,23.52,6,10,2021,40,0
2021-10-11,Home_Decor,37.0,126.46,0,12.21,0,10,2021,41,0
2021-10-12,Home_Decor,39.0,126.46,0,13.07,1,10,2021,41,0
2021-10-13,Home_Decor,37.0,126.46,0,8.58,2,10,2021,41,0
2021-10-14,Home_Decor,39.0,126.46,0,8.15,3,10,2021,41,0
2021-10-15,Home_Decor,45.0,126.46,0,16.33,4,10,2021,41,0
2021-10-16,Home_Decor,54.0,126.46,0,2.99,5,10,2021,41,0
2021-10-17,Home_Decor,50.0,126.46,0,5.84,6,10,2021,41,0
2021-10-18,Home_Decor,40.0,126.46,0,10.51,0,10,2021,42,0
2021-10-19,Home_Decor,34.0,126.46,0,18.71,1,10,2021,42,0
2021-10-20,Home_Decor,45.0,126.46,0,10.3,2,10,2021,42,0
2021-10-21,Home_Decor,38.0,126.46,0,14.49,3,10,2021,42,0
2021-10-22,Home_Decor,73.0,110.3,1,12.79,4,10,2021,42,0
2021-10-23,Home_Decor,86.0,110.3,1,19.38,5,10,2021,42,0
2021-10-24,Home_Decor,78.0,110.3,1,5.24,6,10,2021,42,0
2021-10-25,Home_Decor,39.0,126.46,0,17.11,0,10,2021,43,0
2021-10-26,Home_Decor,38.0,126.46,0,12.72,1,10,2021,43,0
2021-10-27,Home_Decor,35.0,126.46,0,18.64,2,10,2021,43,0
2021-10-28,Home_Decor,42.0,126.46,0,10.22,3,10,2021,43,0
2021-10-29,Home_Decor,40.0,126.46,0,14.76,4,10,2021,43,0
2021-10-30,Home_Decor,60.0,126.46,0,14.45,5,10,2021,43,0
2021-10-31,Home_Decor,83.0,126.46,0,10.29,6,10,2021,43,1
2021-11-01,Home_Decor,42.0,126.46,0,9.25,0,11,2021,44,0
2021-11-02,Home_Decor,34.0,126.46,0,13.11,1,11,2021,44,0
2021-11-03,Home_Decor,36.0,126.46,0,17.02,2,11,2021,44,0
2021-11-04,Home_Decor,46.0,126.46,0,12.97,3,11,2021,44,0
2021-11-05,Home_Decor,63.0,126.46,0,15.49,4,11,2021,44,0
2021-11-06,Home_Decor,59.0,126.46,0,8.11,5,11,2021,44,0
2021-11-07,Home_Decor,58.0,126.46,0,16.09,6,11,2021,44,0
2021-11-08,Home_Decor,43.0,126.46,0,23.48,0,11,2021,45,0
2021-11-09,Home_Decor,37.0,126.46,0,22.31,1,11,2021,45,0
2021-11-10,Home_Decor,43.0,126.46,0,18.79,2,11,2021,45,0
2021-11-11,Home_Decor,39.0,126.46,0,20.89,3,11,2021,45,0
2021-11-12,Home_Decor,44.0,126.46,0,15.98,4,11,2021,45,0
2021-11-13,Home_Decor,50.0,126.46,0,28.71,5,11,2021,45,0
2021-11-14,Home_Decor,59.0,126.46,0,31.39,6,11,2021,45,0
2021-11-15,Home_Decor,42.0,126.46,0,22.36,0,11,2021,46,0
2021-11-16,Home_Decor,42.0,126.46,0,34.98,1,11,2021,46,0
2021-11-17,Home_Decor,41.0,126.46,0,19.12,2,11,2021,46,0
2021-11-18,Home_Decor,40.0,126.46,0,16.77,3,11,2021,46,0
2021-11-19,Home_Decor,47.0,126.46,0,19.99,4,11,2021,46,0
2021-11-20,Home_Decor,55.0,126.46,0,22.96,5,11,2021,46,0
2021-11-21,Home_Decor,96.0,95.51,1,36.14,6,11,2021,46,0
2021-11-22,Home_Decor,79.0,95.51,1,23.71,0,11,2021,47,0
2021-11-23,Home_Decor,74.0,95.51,1,21.36,1,11,2021,47,0
2021-11-24,Home_Decor,84.0,95.51,1,21.72,2,11,2021,47,0
2021-11-25,Home_Decor,198.0,95.51,1,32.47,3,11,2021,47,1
2021-11-26,Home_Decor,264.0,95.51,1,32.32,4,11,2021,47,1
2021-11-27,Home_Decor,103.0,101.14,1,25.48,5,11,2021,47,0
2021-11-28,Home_Decor,177.0,72.93,1,19.1,6,11,2021,47,0
2021-11-29,Home_Decor,109.0,72.93,1,23.42,0,11,2021,48,0
2021-11-30,Home_Decor,120.0,72.93,1,38.26,1,11,2021,48,0
2021-12-01,Home_Decor,45.0,126.46,0,33.69,2,12,2021,48,0
2021-12-02,Home_Decor,51.0,126.46,0,31.18,3,12,2021,48,0
2021-12-03,Home_Decor,55.0,126.46,0,40.8,4,12,2021,48,0
2021-12-04,Home_Decor,60.0,126.46,0,41.86,5,12,2021,48,0
2021-12-05,Home_Decor,62.0,126.46,0,32.51,6,12,2021,48,0
2021-12-06,Home_Decor,47.0,126.46,0,33.22,0,12,2021,49,0
2021-12-07,Home_Decor,46.0,126.46,0,31.03,1,12,2021,49,0
2021-12-08,Home_Decor,41.0,126.46,0,33.15,2,12,2021,49,0
2021-12-09,Home_Decor,54.0,126.46,0,27.78,3,12,2021,49,0
2021-12-10,Home_Decor,61.0,126.46,0,28.4,4,12,2021,49,0
2021-12-11,Home_Decor,59.0,126.46,0,27.89,5,12,2021,49,0
2021-12-12,Home_Decor,62.0,126.46,0,42.57,6,12,2021,49,0
2021-12-13,Home_Decor,48.0,126.46,0,30.0,0,12,2021,50,0
2021-12-14,Home_Decor,44.0,126.46,0,48.21,1,12,2021,50,0
2021-12-15,Home_Decor,41.0,126.46,0,35.47,2,12,2021,50,0
2021-12-16,Home_Decor,48.0,126.46,0,48.47,3,12,2021,50,0
2021-12-17,Home_Decor,57.0,126.46,0,38.63,4,12,2021,50,0
2021-12-18,Home_Decor,59.0,126.46,0,33.29,5,12,2021,50,0
2021-12-19,Home_Decor,67.0,126.46,0,48.21,6,12,2021,50,0
2021-12-20,Home_Decor,55.0,126.46,0,49.48,0,12,2021,51,0
2021-12-21,Home_Decor,53.0,126.46,0,38.62,1,12,2021,51,0
2021-12-22,Home_Decor,49.0,126.46,0,42.17,2,12,2021,51,0
2021-12-23,Home_Decor,45.0,126.46,0,39.98,3,12,2021,51,0
2021-12-24,Home_Decor,64.0,126.46,0,44.59,4,12,2021,51,0
2021-12-25,Home_Decor,176.0,126.46,0,46.42,5,12,2021,51,1
2021-12-26,Home_Decor,128.0,126.46,0,44.8,6,12,2021,51,1
2021-12-27,Home_Decor,61.0,126.46,0,38.15,0,12,2021,52,0
2021-12-28,Home_Decor,48.0,126.46,0,45.03,1,12,2021,52,0
2021-12-29,Home_Decor,40.0,126.46,0,52.14,2,12,2021,52,0
2021-12-30,Home_Decor,50.0,126.46,0,48.27,3,12,2021,52,0
2021-12-31,Home_Decor,104.0,126.46,0,48.36,4,12,2021,52,1
2022-01-01,Home_Decor,130.0,126.46,0,46.03,5,1,2022,52,1
2022-01-02,Home_Decor,64.0,126.46,0,48.33,6,1,2022,52,0
2022-01-03,Home_Decor,48.0,126.46,0,59.11,0,1,2022,1,0
2022-01-04,Home_Decor,52.0,126.46,0,47.05,1,1,2022,1,0
2022-01-05,Home_Decor,48.0,126.46,0,57.04,2,1,2022,1,0
2022-01-06,Home_Decor,59.0,126.46,0,54.36,3,1,2022,1,0
2022-01-07,Home_Decor,63.0,126.46,0,56.03,4,1,2022,1,0
2022-01-08,Home_Decor,71.0,126.46,0,51.83,5,1,2022,1,0
2022-01-09,Home_Decor,69.0,126.46,0,54.41,6,1,2022,1,0
2022-01-10,Home_Decor,58.0,126.46,0,56.82,0,1,2022,2,0
2022-01-11,Home_Decor,56.0,126.46,0,54.93,1,1,2022,2,0
2022-01-12,Home_Decor,,126.46,0,59.86,2,1,2022,2,0
2022-01-13,Home_Decor,,126.46,0,61.16,3,1,2022,2,0
2022-01-14,Home_Decor,67.0,126.46,0,70.41,4,1,2022,2,0
2022-01-15,Home_Decor,71.0,126.46,0,61.61,5,1,2022,2,0
2022-01-16,Home_Decor,72.0,126.46,0,51.32,6,1,2022,2,0
2022-01-17,Home_Decor,57.0,126.46,0,67.35,0,1,2022,3,0
2022-01-18,Home_Decor,67.0,126.46,0,61.18,1,1,2022,3,0
2022-01-19,Home_Decor,51.0,126.46,0,72.91,2,1,2022,3,0
2022-01-20,Home_Decor,58.0,126.46,0,70.86,3,1,2022,3,0
2022-01-21,Home_Decor,70.0,126.46,0,61.62,4,1,2022,3,0
2022-01-22,Home_Decor,78.0,126.46,0,68.4,5,1,2022,3,0
2022-01-23,Home_Decor,85.0,126.46,0,62.46,6,1,2022,3,0
2022-01-24,Home_Decor,59.0,126.46,0,66.07,0,1,2022,4,0
2022-01-25,Home_Decor,58.0,126.46,0,70.07,1,1,2022,4,0
2022-01-26,Home_Decor,63.0,126.46,0,72.88,2,1,2022,4,0
2022-01-27,Home_Decor,71.0,126.46,0,72.41,3,1,2022,4,0
2022-01-28,Home_Decor,80.0,126.46,0,68.92,4,1,2022,4,0
2022-01-29,Home_Decor,81.0,126.46,0,81.57,5,1,2022,4,0
2022-01-30,Home_Decor,81.0,126.46,0,67.93,6,1,2022,4,0
2022-01-31,Home_Decor,62.0,126.46,0,62.31,0,1,2022,5,0
2022-02-01,Home_Decor,62.0,126.46,0,63.86,1,2,2022,5,0
2022-02-02,Home_Decor,56.0,126.46,0,78.89,2,2,2022,5,0
2022-02-03,Home_Decor,69.0,126.46,0,71.71,3,2,2022,5,0
2022-02-04,Home_Decor,75.0,126.46,0,73.46,4,2,2022,5,0
2022-02-05,Home_Decor,84.0,126.46,0,70.52,5,2,2022,5,0
2022-02-06,Home_Decor,75.0,126.46,0,71.53,6,2,2022,5,0
2022-02-07,Home_Decor,64.0,126.46,0,70.4,0,2,2022,6,0
2022-02-08,Home_Decor,53.0,126.46,0,77.24,1,2,2022,6,0
2022-02-09,Home_Decor,59.0,126.46,0,74.93,2,2,2022,6,0
2022-02-10,Home_Decor,63.0,126.46,0,78.12,3,2,2022,6,0
2022-02-11,Home_Decor,77.0,126.46,0,78.16,4,2,2022,6,0
2022-02-12,Home_Decor,99.0,126.46,0,74.85,5,2,2022,6,0
2022-02-13,Home_Decor,89.0,126.46,0,70.19,6,2,2022,6,0
2022-02-14,Home_Decor,116.0,126.46,0,70.25,0,2,2022,7,1
2022-02-15,Home_Decor,67.0,126.46,0,93.6,1,2,2022,7,0
2022-02-16,Home_Decor,69.0,126.46,0,86.34,2,2,2022,7,0
2022-02-17,Home_Decor,77.0,126.46,0,86.12,3,2,2022,7,0
2022-02-18,Home_Decor,72.0,126.46,0,76.51,4,2,2022,7,0
2022-02-19,Home_Decor,82.0,126.46,0,80.38,5,2,2022,7,0
2022-02-20,Home_Decor,91.0,126.46,0,76.7,6,2,2022,7,0
2022-02-21,Home_Decor,66.0,126.46,0,74.65,0,2,2022,8,0
2022-02-22,Home_Decor,66.0,126.46,0,78.69,1,2,2022,8,0
2022-02-23,Home_Decor,63.0,126.46,0,88.69,2,2,2022,8,0
2022-02-24,Home_Decor,65.0,126.46,0,86.67,3,2,2022,8,0
2022-02-25,Home_Decor,88.0,126.46,0,78.01,4,2,2022,8,0
2022-02-26,Home_Decor,82.0,126.46,0,81.67,5,2,2022,8,0
2022-02-27,Home_Decor,93.0,126.46,0,87.37,6,2,2022,8,0
2022-02-28,Home_Decor,70.0,126.46,0,81.14,0,2,2022,9,0
2022-03-01,Home_Decor,58.0,126.46,0,84.75,1,3,2022,9,0
2022-03-02,Home_Decor,61.0,126.46,0,86.71,2,3,2022,9,0
2022-03-03,Home_Decor,66.0,126.46,0,86.99,3,3,2022,9,0
2022-03-04,Home_Decor,83.0,126.46,0,86.63,4,3,2022,9,0
2022-03-05,Home_Decor,88.0,126.46,0,82.41,5,3,2022,9,0
2022-03-06,Home_Decor,89.0,126.46,0,83.23,6,3,2022,9,0
2022-03-07,Home_Decor,61.0,126.46,0,80.61,0,3,2022,10,0
2022-03-08,Home_Decor,80.0,126.46,0,78.76,1,3,2022,10,0
2022-03-09,Home_Decor,67.0,126.46,0,86.27,2,3,2022,10,0
2022-03-10,Home_Decor,73.0,126.46,0,91.18,3,3,2022,10,0
2022-03-11,Home_Decor,77.0,126.46,0,80.45,4,3,2022,10,0
2022-03-12,Home_Decor,87.0,126.46,0,88.96,5,3,2022,10,0
2022-03-13,Home_Decor,105.0,126.46,0,91.75,6,3,2022,10,0
2022-03-14,Home_Decor,59.0,126.46,0,78.86,0,3,2022,11,0
2022-03-15,Home_Decor,69.0,126.46,0,86.9,1,3,2022,11,0
2022-03-16,Home_Decor,61.0,126.46,0,96.68,2,3,2022,11,0
2022-03-17,Home_Decor,69.0,126.46,0,91.39,3,3,2022,11,0
2022-03-18,Home_Decor,77.0,126.46,0,79.45,4,3,2022,11,0
2022-03-19,Home_Decor,85.0,126.46,0,92.26,5,3,2022,11,0
2022-03-20,Home_Decor,92.0,126.46,0,85.38,6,3,2022,11,0
2022-03-21,Home_Decor,55.0,126.46,0,92.71,0,3,2022,12,0
2022-03-22,Home_Decor,67.0,126.46,0,85.93,1,3,2022,12,0
2022-03-23,Home_Decor,67.0,126.46,0,89.23,2,3,2022,12,0
2022-03-24,Home_Decor,64.0,126.46,0,86.91,3,3,2022,12,0
2022-03-25,Home_Decor,91.0,126.46,0,89.7,4,3,2022,12,0
2022-03-26,Home_Decor,89.0,126.46,0,86.93,5,3,2022,12,0
2022-03-27,Home_Decor,90.0,126.46,0,88.72,6,3,2022,12,0
2022-03-28,Home_Decor,268.0,126.46,0,84.01,0,3,2022,13,0
2022-03-29,Home_Decor,68.0,126.46,0,92.39,1,3,2022,13,0
2022-03-30,Home_Decor,75.0,126.46,0,90.85,2,3,2022,13,0
2022-03-31,Home_Decor,,126.46,0,81.91,3,3,2022,13,0
2022-04-01,Home_Decor,87.0,126.46,0,94.96,4,4,2022,13,0
2022-04-02,Home_Decor,102.0,126.46,0,89.12,5,4,2022,13,0
2022-04-03,Home_Decor,104.0,126.46,0,90.79,6,4,2022,13,0
2022-04-04,Home_Decor,71.0,126.46,0,93.78,0,4,2022,14,0
2022-04-05,Home_Decor,77.0,126.46,0,91.56,1,4,2022,14,0
2022-04-06,Home_Decor,72.0,126.46,0,95.69,2,4,2022,14,0
2022-04-07,Home_Decor,72.0,126.46,0,88.34,3,4,2022,14,0
2022-04-08,Home_Decor,84.0,126.46,0,94.9,4,4,2022,14,0
2022-04-09,Home_Decor,80.0,126.46,0,90.26,5,4,2022,14,0
2022-04-10,Home_Decor,94.0,126.46,0,92.09,6,4,2022,14,0
2022-04-11,Home_Decor,61.0,126.46,0,91.46,0,4,2022,15,0
2022-04-12,Home_Decor,59.0,126.46,0,95.52,1,4,2022,15,0
2022-04-13,Home_Decor,68.0,126.46,0,92.79,2,4,2022,15,0
2022-04-14,Home_Decor,65.0,126.46,0,86.83,3,4,2022,15,0
2022-04-15,Home_Decor,81.0,126.46,0,85.68,4,4,2022,15,0
2022-04-16,Home_Decor,94.0,126.46,0,88.47,5,4,2022,15,0
2022-04-17,Home_Decor,92.0,126.46,0,84.74,6,4,2022,15,0
2022-04-18,Home_Decor,64.0,126.46,0,83.09,0,4,2022,16,0
2022-04-19,Home_Decor,73.0,126.46,0,77.51,1,4,2022,16,0
2022-04-20,Home_Decor,66.0,126.46,0,80.19,2,4,2022,16,0
2022-04-21,Home_Decor,73.0,126.46,0,97.64,3,4,2022,16,0
2022-04-22,Home_Decor,73.0,126.46,0,84.19,4,4,2022,16,0
2022-04-23,Home_Decor,91.0,126.46,0,96.75,5,4,2022,16,0
2022-04-24,Home_Decor,98.0,126.46,0,88.99,6,4,2022,16,0
2022-04-25,Home_Decor,74.0,126.46,0,86.45,0,4,2022,17,0
2022-04-26,Home_Decor,63.0,126.46,0,78.92,1,4,2022,17,0
2022-04-27,Home_Decor,63.0,126.46,0,86.16,2,4,2022,17,0
2022-04-28,Home_Decor,64.0,126.46,0,95.29,3,4,2022,17,0
2022-04-29,Home_Decor,76.0,126.46,0,93.31,4,4,2022,17,0
2022-04-30,Home_Decor,81.0,126.46,0,86.57,5,4,2022,17,0
2022-05-01,Home_Decor,88.0,126.46,0,79.12,6,5,2022,17,0
2022-05-02,Home_Decor,71.0,126.46,0,79.74,0,5,2022,18,0
2022-05-03,Home_Decor,62.0,126.46,0,79.91,1,5,2022,18,0
2022-05-04,Home_Decor,65.0,126.46,0,90.2,2,5,2022,18,0
2022-05-05,Home_Decor,68.0,126.46,0,91.6,3,5,2022,18,0
2022-05-06,Home_Decor,85.0,126.46,0,84.03,4,5,2022,18,0
2022-05-07,Home_Decor,85.0,126.46,0,81.15,5,5,2022,18,0
2022-05-08,Home_Decor,84.0,126.46,0,90.0,6,5,2022,18,0
2022-05-09,Home_Decor,62.0,126.46,0,76.95,0,5,2022,19,0
2022-05-10,Home_Decor,59.0,126.46,0,81.69,1,5,2022,19,0
2022-05-11,Home_Decor,67.0,126.46,0,83.31,2,5,2022,19,0
2022-05-12,Home_Decor,67.0,126.46,0,76.24,3,5,2022,19,0
2022-05-13,Home_Decor,78.0,126.46,0,76.93,4,5,2022,19,0
2022-05-14,Home_Decor,97.0,126.46,0,76.08,5,5,2022,19,0
2022-05-15,Home_Decor,95.0,126.46,0,86.27,6,5,2022,19,0
2022-05-16,Home_Decor,57.0,126.46,0,88.28,0,5,2022,20,0
2022-05-17,Home_Decor,67.0,126.46,0,78.8,1,5,2022,20,0
2022-05-18,Home_Decor,64.0,126.46,0,76.39,2,5,2022,20,0
2022-05-19,Home_Decor,64.0,126.46,0,74.23,3,5,2022,20,0
2022-05-20,Home_Decor,78.0,126.46,0,76.73,4,5,2022,20,0
2022-05-21,Home_Decor,74.0,126.46,0,73.46,5,5,2022,20,0
2022-05-22,Home_Decor,94.0,126.46,0,75.2,6,5,2022,20,0
2022-05-23,Home_Decor,67.0,126.46,0,77.22,0,5,2022,21,0
2022-05-24,Home_Decor,58.0,126.46,0,72.58,1,5,2022,21,0
2022-05-25,Home_Decor,59.0,126.46,0,73.12,2,5,2022,21,0
2022-05-26,Home_Decor,56.0,126.46,0,72.58,3,5,2022,21,0
2022-05-27,Home_Decor,72.0,126.46,0,71.36,4,5,2022,21,0
2022-05-28,Home_Decor,81.0,126.46,0,70.18,5,5,2022,21,0
2022-05-29,Home_Decor,74.0,126.46,0,75.62,6,5,2022,21,0
2022-05-30,Home_Decor,66.0,126.46,0,62.38,0,5,2022,22,0
2022-05-31,Home_Decor,67.0,126.46,0,78.51,1,5,2022,22,0
2022-06-01,Home_Decor,60.0,126.46,0,70.73,2,6,2022,22,0
2022-06-02,Home_Decor,62.0,126.46,0,72.5,3,6,2022,22,0
2022-06-03,Home_Decor,74.0,126.46,0,72.47,4,6,2022,22,0
2022-06-04,Home_Decor,82.0,126.46,0,64.7,5,6,2022,22,0
2022-06-05,Home_Decor,73.0,126.46,0,63.05,6,6,2022,22,0
2022-06-06,Home_Decor,58.0,126.46,0,61.84,0,6,2022,23,0
2022-06-07,Home_Decor,58.0,126.46,0,65.14,1,6,2022,23,0
2022-06-08,Home_Decor,96.0,108.94,1,69.24,2,6,2022,23,0
2022-06-09,Home_Decor,99.0,108.94,1,62.19,3,6,2022,23,0
2022-06-10,Home_Decor,115.0,108.94,1,67.51,4,6,2022,23,0
2022-06-11,Home_Decor,113.0,108.94,1,51.98,5,6,2022,23,0
2022-06-12,Home_Decor,132.0,108.94,1,61.25,6,6,2022,23,0
2022-06-13,Home_Decor,95.0,108.94,1,68.36,0,6,2022,24,0
2022-06-14,Home_Decor,112.0,108.55,1,61.01,1,6,2022,24,0
2022-06-15,Home_Decor,89.0,108.55,1,57.06,2,6,2022,24,0
2022-06-16,Home_Decor,99.0,108.55,1,57.26,3,6,2022,24,0
2022-06-17,Home_Decor,83.0,126.46,0,44.74,4,6,2022,24,0
2022-06-18,Home_Decor,78.0,126.46,0,54.15,5,6,2022,24,0
2022-06-19,Home_Decor,75.0,126.46,0,63.83,6,6,2022,24,0
2022-06-20,Home_Decor,53.0,126.46,0,54.95,0,6,2022,25,0
2022-06-21,Home_Decor,62.0,126.46,0,54.87,1,6,2022,25,0
2022-06-22,Home_Decor,50.0,126.46,0,44.85,2,6,2022,25,0
2022-06-23,Home_Decor,60.0,126.46,0,47.68,3,6,2022,25,0
2022-06-24,Home_Decor,63.0,126.46,0,61.1,4,6,2022,25,0
2022-06-25,Home_Decor,73.0,126.46,0,57.55,5,6,2022,25,0
2022-06-26,Home_Decor,65.0,126.46,0,47.29,6,6,2022,25,0
2022-06-27,Home_Decor,61.0,126.46,0,49.94,0,6,2022,26,0
2022-06-28,Home_Decor,53.0,126.46,0,52.26,1,6,2022,26,0
2022-06-29,Home_Decor,48.0,126.46,0,45.74,2,6,2022,26,0
2022-06-30,Home_Decor,61.0,126.46,0,41.01,3,6,2022,26,0
2022-07-01,Home_Decor,61.0,126.46,0,49.55,4,7,2022,26,0
2022-07-02,Home_Decor,74.0,126.46,0,52.52,5,7,2022,26,0
2022-07-03,Home_Decor,75.0,126.46,0,51.93,6,7,2022,26,0
2022-07-04,Home_Decor,78.0,126.46,0,52.66,0,7,2022,27,1
2022-07-05,Home_Decor,43.0,126.46,0,39.82,1,7,2022,27,0
2022-07-06,Home_Decor,54.0,126.46,0,47.19,2,7,2022,27,0
2022-07-07,Home_Decor,53.0,126.46,0,44.88,3,7,2022,27,0
2022-07-08,Home_Decor,59.0,126.46,0,45.1,4,7,2022,27,0
2022-07-09,Home_Decor,69.0,126.46,0,43.79,5,7,2022,27,0
2022-07-10,Home_Decor,59.0,126.46,0,40.87,6,7,2022,27,0
2022-07-11,Home_Decor,52.0,126.46,0,28.4,0,7,2022,28,0
2022-07-12,Home_Decor,45.0,126.46,0,48.62,1,7,2022,28,0
2022-07-13,Home_Decor,48.0,126.46,0,43.78,2,7,2022,28,0
2022-07-14,Home_Decor,52.0,126.46,0,34.04,3,7,2022,28,0
2022-07-15,Home_Decor,64.0,126.46,0,43.15,4,7,2022,28,0
2022-07-16,Home_Decor,62.0,126.46,0,37.88,5,7,2022,28,0
2022-07-17,Home_Decor,73.0,126.46,0,37.36,6,7,2022,28,0
2022-07-18,Home_Decor,53.0,126.46,0,34.95,0,7,2022,29,0
2022-07-19,Home_Decor,47.0,126.46,0,40.82,1,7,2022,29,0
2022-07-20,Home_Decor,43.0,126.46,0,33.48,2,7,2022,29,0
2022-07-21,Home_Decor,44.0,126.46,0,31.34,3,7,2022,29,0
2022-07-22,Home_Decor,58.0,126.46,0,41.83,4,7,2022,29,0
2022-07-23,Home_Decor,61.0,126.46,0,34.64,5,7,2022,29,0
2022-07-24,Home_Decor,69.0,126.46,0,34.15,6,7,2022,29,0
2022-07-25,Home_Decor,45.0,126.46,0,37.72,0,7,2022,30,0
2022-07-26,Home_Decor,43.0,126.46,0,30.29,1,7,2022,30,0
2022-07-27,Home_Decor,46.0,126.46,0,30.66,2,7,2022,30,0
2022-07-28,Home_Decor,45.0,126.46,0,33.91,3,7,2022,30,0
2022-07-29,Home_Decor,55.0,126.46,0,24.06,4,7,2022,30,0
2022-07-30,Home_Decor,67.0,126.46,0,32.26,5,7,2022,30,0
2022-07-31,Home_Decor,61.0,126.46,0,26.77,6,7,2022,30,0
2022-08-01,Home_Decor,46.0,126.46,0,34.23,0,8,2022,31,0
2022-08-02,Home_Decor,45.0,126.46,0,32.09,1,8,2022,31,0
2022-08-03,Home_Decor,38.0,126.46,0,30.84,2,8,2022,31,0
2022-08-04,Home_Decor,48.0,126.46,0,20.16,3,8,2022,31,0
2022-08-05,Home_Decor,53.0,126.46,0,27.1,4,8,2022,31,0
2022-08-06,Home_Decor,64.0,126.46,0,21.16,5,8,2022,31,0
2022-08-07,Home_Decor,61.0,126.46,0,26.3,6,8,2022,31,0
2022-08-08,Home_Decor,44.0,126.46,0,14.36,0,8,2022,32,0
2022-08-09,Home_Decor,47.0,126.46,0,17.68,1,8,2022,32,0
2022-08-10,Home_Decor,41.0,126.46,0,30.79,2,8,2022,32,0
2022-08-11,Home_Decor,46.0,126.46,0,26.16,3,8,2022,32,0
2022-08-12,Home_Decor,49.0,126.46,0,22.02,4,8,2022,32,0
2022-08-13,Home_Decor,60.0,126.46,0,18.73,5,8,2022,32,0
2022-08-14,Home_Decor,55.0,126.46,0,17.35,6,8,2022,32,0
2022-08-15,Home_Decor,49.0,126.46,0,23.27,0,8,2022,33,0
2022-08-16,Home_Decor,48.0,126.46,0,20.06,1,8,2022,33,0
2022-08-17,Home_Decor,44.0,126.46,0,29.03,2,8,2022,33,0
2022-08-18,Home_Decor,49.0,126.46,0,19.89,3,8,2022,33,0
2022-08-19,Home_Decor,43.0,126.46,0,20.64,4,8,2022,33,0
2022-08-20,Home_Decor,50.0,126.46,0,12.95,5,8,2022,33,0
2022-08-21,Home_Decor,53.0,126.46,0,17.64,6,8,2022,33,0
2022-08-22,Home_Decor,42.0,126.46,0,19.89,0,8,2022,34,0
2022-08-23,Home_Decor,40.0,126.46,0,16.71,1,8,2022,34,0
2022-08-24,Home_Decor,35.0,126.46,0,15.72,2,8,2022,34,0
2022-08-25,Home_Decor,46.0,126.46,0,19.38,3,8,2022,34,0
2022-08-26,Home_Decor,56.0,126.46,0,24.91,4,8,2022,34,0
2022-08-27,Home_Decor,60.0,126.46,0,17.67,5,8,2022,34,0
2022-08-28,Home_Decor,58.0,126.46,0,22.28,6,8,2022,34,0
2022-08-29,Home_Decor,41.0,126.46,0,19.3,0,8,2022,35,0
2022-08-30,Home_Decor,37.0,126.46,0,21.25,1,8,2022,35,0
2022-08-31,Home_Decor,39.0,126.46,0,12.43,2,8,2022,35,0
2022-09-01,Home_Decor,48.0,126.46,0,14.1,3,9,2022,35,0
2022-09-02,Home_Decor,45.0,126.46,0,13.79,4,9,2022,35,0
2022-09-03,Home_Decor,51.0,126.46,0,17.21,5,9,2022,35,0
2022-09-04,Home_Decor,57.0,126.46,0,18.13,6,9,2022,35,0
2022-09-05,Home_Decor,43.0,126.46,0,14.49,0,9,2022,36,0
2022-09-06,Home_Decor,36.0,126.46,0,17.96,1,9,2022,36,0
2022-09-07,Home_Decor,37.0,126.46,0,10.48,2,9,2022,36,0
2022-09-08,Home_Decor,38.0,126.46,0,17.46,3,9,2022,36,0
2022-09-09,Home_Decor,46.0,126.46,0,17.85,4,9,2022,36,0
2022-09-10,Home_Decor,57.0,126.46,0,15.91,5,9,2022,36,0
2022-09-11,Home_Decor,48.0,126.46,0,12.96,6,9,2022,36,0
2022-09-12,Home_Decor,42.0,126.46,0,15.63,0,9,2022,37,0
2022-09-13,Home_Decor,38.0,126.46,0,7.38,1,9,2022,37,0
2022-09-14,Home_Decor,44.0,126.46,0,12.64,2,9,2022,37,0
2022-09-15,Home_Decor,40.0,126.46,0,12.96,3,9,2022,37,0
2022-09-16,Home_Decor,45.0,126.46,0,4.63,4,9,2022,37,0
2022-09-17,Home_Decor,54.0,126.46,0,13.49,5,9,2022,37,0
2022-09-18,Home_Decor,49.0,126.46,0,4.72,6,9,2022,37,0
2022-09-19,Home_Decor,33.0,126.46,0,8.68,0,9,2022,38,0
2022-09-20,Home_Decor,37.0,126.46,0,10.88,1,9,2022,38,0
2022-09-21,Home_Decor,36.0,126.46,0,6.91,2,9,2022,38,0
2022-09-22,Home_Decor,34.0,126.46,0,10.87,3,9,2022,38,0
2022-09-23,Home_Decor,44.0,126.46,0,10.69,4,9,2022,38,0
2022-09-24,Home_Decor,42.0,126.46,0,6.17,5,9,2022,38,0
2022-09-25,Home_Decor,48.0,126.46,0,13.04,6,9,2022,38,0
2022-09-26,Home_Decor,39.0,126.46,0,6.31,0,9,2022,39,0
2022-09-27,Home_Decor,37.0,126.46,0,21.52,1,9,2022,39,0
2022-09-28,Home_Decor,57.0,109.94,1,9.5,2,9,2022,39,0
2022-09-29,Home_Decor,62.0,109.94,1,4.16,3,9,2022,39,0
2022-09-30,Home_Decor,66.0,109.94,1,5.08,4,9,2022,39,0
2022-10-01,Home_Decor,51.0,126.46,0,15.74,5,10,2022,39,0
2022-10-02,Home_Decor,50.0,126.46,0,7.96,6,10,2022,39,0
2022-10-03,Home_Decor,35.0,126.46,0,3.21,0,10,2022,40,0
2022-10-04,Home_Decor,38.0,126.46,0,14.33,1,10,2022,40,0
2022-10-05,Home_Decor,37.0,126.46,0,8.03,2,10,2022,40,0
2022-10-06,Home_Decor,38.0,126.46,0,13.43,3,10,2022,40,0
2022-10-07,Home_Decor,53.0,126.46,0,14.91,4,10,2022,40,0
2022-10-08,Home_Decor,50.0,126.46,0,11.68,5,10,2022,40,0
2022-10-09,Home_Decor,,126.46,0,22.38,6,10,2022,40,0
2022-10-10,Home_Decor,37.0,126.46,0,1.88,0,10,2022,41,0
2022-10-11,Home_Decor,34.0,126.46,0,6.53,1,10,2022,41,0
2022-10-12,Home_Decor,76.0,92.67,1,9.47,2,10,2022,41,0
2022-10-13,Home_Decor,73.0,92.67,1,22.19,3,10,2022,41,0
2022-10-14,Home_Decor,84.0,92.67,1,20.03,4,10,2022,41,0
2022-10-15,Home_Decor,96.0,92.67,1,17.64,5,10,2022,41,0
2022-10-16,Home_Decor,47.0,126.46,0,7.4,6,10,2022,41,0
2022-10-17,Home_Decor,33.0,126.46,0,8.17,0,10,2022,42,0
2022-10-18,Home_Decor,36.0,126.46,0,7.61,1,10,2022,42,0
2022-10-19,Home_Decor,40.0,126.46,0,8.04,2,10,2022,42,0
2022-10-20,Home_Decor,40.0,126.46,0,19.64,3,10,2022,42,0
2022-10-21,Home_Decor,51.0,126.46,0,11.19,4,10,2022,42,0
2022-10-22,Home_Decor,55.0,126.46,0,12.09,5,10,2022,42,0
2022-10-23,Home_Decor,53.0,126.46,0,16.77,6,10,2022,42,0
2022-10-24,Home_Decor,45.0,126.46,0,4.84,0,10,2022,43,0
2022-10-25,Home_Decor,38.0,126.46,0,13.7,1,10,2022,43,0
2022-10-26,Home_Decor,38.0,126.46,0,8.24,2,10,2022,43,0
2022-10-27,Home_Decor,40.0,126.46,0,12.54,3,10,2022,43,0
2022-10-28,Home_Decor,52.0,126.46,0,11.39,4,10,2022,43,0
2022-10-29,Home_Decor,53.0,126.46,0,11.45,5,10,2022,43,0
2022-10-30,Home_Decor,50.0,126.46,0,16.09,6,10,2022,43,0
2022-10-31,Home_Decor,63.0,126.46,0,16.41,0,10,2022,44,1
2022-11-01,Home_Decor,37.0,126.46,0,14.55,1,11,2022,44,0
2022-11-02,Home_Decor,41.0,126.46,0,17.86,2,11,2022,44,0
2022-11-03,Home_Decor,43.0,126.46,0,12.03,3,11,2022,44,0
2022-11-04,Home_Decor,47.0,126.46,0,20.16,4,11,2022,44,0
2022-11-05,Home_Decor,57.0,126.46,0,16.11,5,11,2022,44,0
2022-11-06,Home_Decor,47.0,126.46,0,15.12,6,11,2022,44,0
2022-11-07,Home_Decor,42.0,126.46,0,13.97,0,11,2022,45,0
2022-11-08,Home_Decor,39.0,126.46,0,17.16,1,11,2022,45,0
2022-11-09,Home_Decor,49.0,126.46,0,28.14,2,11,2022,45,0
2022-11-10,Home_Decor,43.0,126.46,0,18.91,3,11,2022,45,0
2022-11-11,Home_Decor,47.0,126.46,0,13.95,4,11,2022,45,0
2022-11-12,Home_Decor,50.0,126.46,0,24.72,5,11,2022,45,0
2022-11-13,Home_Decor,61.0,126.46,0,18.22,6,11,2022,45,0
2022-11-14,Home_Decor,41.0,126.46,0,22.47,0,11,2022,46,0
2022-11-15,Home_Decor,39.0,126.46,0,18.51,1,11,2022,46,0
2022-11-16,Home_Decor,43.0,126.46,0,28.43,2,11,2022,46,0
2022-11-17,Home_Decor,46.0,126.46,0,19.56,3,11,2022,46,0
2022-11-18,Home_Decor,53.0,126.46,0,30.01,4,11,2022,46,0
2022-11-19,Home_Decor,58.0,126.46,0,18.29,5,11,2022,46,0
2022-11-20,Home_Decor,58.0,126.46,0,22.59,6,11,2022,46,0
2022-11-21,Home_Decor,45.0,126.46,0,31.58,0,11,2022,47,0
2022-11-22,Home_Decor,44.0,126.46,0,25.96,1,11,2022,47,0
2022-11-23,Home_Decor,44.0,126.46,0,37.02,2,11,2022,47,0
2022-11-24,Home_Decor,109.0,126.46,0,24.87,3,11,2022,47,1
2022-11-25,Home_Decor,158.0,126.46,0,28.05,4,11,2022,47,1
2022-11-26,Home_Decor,56.0,126.46,0,36.86,5,11,2022,47,0
2022-11-27,Home_Decor,59.0,126.46,0,20.33,6,11,2022,47,0
2022-11-28,Home_Decor,48.0,126.46,0,20.29,0,11,2022,48,0
2022-11-29,Home_Decor,38.0,126.46,0,25.09,1,11,2022,48,0
2022-11-30,Home_Decor,38.0,126.46,0,33.72,2,11,2022,48,0
2022-12-01,Home_Decor,51.0,126.46,0,22.2,3,12,2022,48,0
2022-12-02,Home_Decor,61.0,126.46,0,33.84,4,12,2022,48,0
2022-12-03,Home_Decor,56.0,126.46,0,34.09,5,12,2022,48,0
2022-12-04,Home_Decor,62.0,126.46,0,42.14,6,12,2022,48,0
2022-12-05,Home_Decor,46.0,126.46,0,37.92,0,12,2022,49,0
2022-12-06,Home_Decor,46.0,126.46,0,35.13,1,12,2022,49,0
2022-12-07,Home_Decor,47.0,126.46,0,40.74,2,12,2022,49,0
2022-12-08,Home_Decor,44.0,126.46,0,37.27,3,12,2022,49,0
2022-12-09,Home_Decor,51.0,126.46,0,32.91,4,12,2022,49,0
2022-12-10,Home_Decor,63.0,126.46,0,30.13,5,12,2022,49,0
2022-12-11,Home_Decor,63.0,126.46,0,33.65,6,12,2022,49,0
2022-12-12,Home_Decor,45.0,126.46,0,36.95,0,12,2022,50,0
2022-12-13,Home_Decor,51.0,126.46,0,38.68,1,12,2022,50,0
2022-12-14,Home_Decor,46.0,126.46,0,27.78,2,12,2022,50,0
2022-12-15,Home_Decor,49.0,126.46,0,38.02,3,12,2022,50,0
2022-12-16,Home_Decor,60.0,126.46,0,39.93,4,12,2022,50,0
2022-12-17,Home_Decor,67.0,126.46,0,43.19,5,12,2022,50,0
2022-12-18,Home_Decor,71.0,126.46,0,49.26,6,12,2022,50,0
2022-12-19,Home_Decor,47.0,126.46,0,42.72,0,12,2022,51,0
2022-12-20,Home_Decor,45.0,126.46,0,37.92,1,12,2022,51,0
2022-12-21,Home_Decor,49.0,126.46,0,34.06,2,12,2022,51,0
2022-12-22,Home_Decor,53.0,126.46,0,47.26,3,12,2022,51,0
2022-12-23,Home_Decor,55.0,126.46,0,40.16,4,12,2022,51,0
2022-12-24,Home_Decor,62.0,126.46,0,49.53,5,12,2022,51,0
2022-12-25,Home_Decor,175.0,126.46,0,52.86,6,12,2022,51,1
2022-12-26,Home_Decor,90.0,126.46,0,38.84,0,12,2022,52,1
2022-12-27,Home_Decor,46.0,126.46,0,50.02,1,12,2022,52,0
2022-12-28,Home_Decor,56.0,126.46,0,54.4,2,12,2022,52,0
2022-12-29,Home_Decor,52.0,126.46,0,53.72,3,12,2022,52,0
2022-12-30,Home_Decor,69.0,126.46,0,38.83,4,12,2022,52,0
2022-12-31,Home_Decor,116.0,126.46,0,45.73,5,12,2022,52,1
2023-01-01,Home_Decor,132.0,126.46,0,44.29,6,1,2023,52,1
2023-01-02,Home_Decor,54.0,126.46,0,53.99,0,1,2023,1,0
2023-01-03,Home_Decor,43.0,126.46,0,54.13,1,1,2023,1,0
2023-01-04,Home_Decor,49.0,126.46,0,39.26,2,1,2023,1,0
2023-01-05,Home_Decor,56.0,126.46,0,51.93,3,1,2023,1,0
2023-01-06,Home_Decor,67.0,126.46,0,58.13,4,1,2023,1,0
2023-01-07,Home_Decor,64.0,126.46,0,55.55,5,1,2023,1,0
2023-01-08,Home_Decor,74.0,126.46,0,56.22,6,1,2023,1,0
2023-01-09,Home_Decor,52.0,126.46,0,54.35,0,1,2023,2,0
2023-01-10,Home_Decor,57.0,126.46,0,51.56,1,1,2023,2,0
2023-01-11,Home_Decor,55.0,126.46,0,57.44,2,1,2023,2,0
2023-01-12,Home_Decor,63.0,126.46,0,58.46,3,1,2023,2,0
2023-01-13,Home_Decor,73.0,126.46,0,61.95,4,1,2023,2,0
2023-01-14,Home_Decor,81.0,126.46,0,63.03,5,1,2023,2,0
2023-01-15,Home_Decor,82.0,126.46,0,60.64,6,1,2023,2,0
2023-01-16,Home_Decor,57.0,126.46,0,66.35,0,1,2023,3,0
2023-01-17,Home_Decor,71.0,126.46,0,59.66,1,1,2023,3,0
2023-01-18,Home_Decor,52.0,126.46,0,54.98,2,1,2023,3,0
2023-01-19,Home_Decor,58.0,126.46,0,65.24,3,1,2023,3,0
2023-01-20,Home_Decor,75.0,126.46,0,64.13,4,1,2023,3,0
2023-01-21,Home_Decor,85.0,126.46,0,66.63,5,1,2023,3,0
2023-01-22,Home_Decor,82.0,126.46,0,58.47,6,1,2023,3,0
2023-01-23,Home_Decor,64.0,126.46,0,74.38,0,1,2023,4,0
2023-01-24,Home_Decor,50.0,126.46,0,69.61,1,1,2023,4,0
2023-01-25,Home_Decor,67.0,126.46,0,65.25,2,1,2023,4,0
2023-01-26,Home_Decor,62.0,126.46,0,62.63,3,1,2023,4,0
2023-01-27,Home_Decor,79.0,126.46,0,73.31,4,1,2023,4,0
2023-01-28,Home_Decor,69.0,126.46,0,63.03,5,1,2023,4,0
2023-01-29,Home_Decor,83.0,126.46,0,80.46,6,1,2023,4,0
2023-01-30,Home_Decor,,126.46,0,66.68,0,1,2023,5,0
2023-01-31,Home_Decor,64.0,126.46,0,78.95,1,1,2023,5,0
2023-02-01,Home_Decor,62.0,126.46,0,70.01,2,2,2023,5,0
2023-02-02,Home_Decor,67.0,126.46,0,79.42,3,2,2023,5,0
2023-02-03,Home_Decor,68.0,126.46,0,68.42,4,2,2023,5,0
2023-02-04,Home_Decor,85.0,126.46,0,72.76,5,2,2023,5,0
2023-02-05,Home_Decor,83.0,126.46,0,77.26,6,2,2023,5,0
2023-02-06,Home_Decor,67.0,126.46,0,77.1,0,2,2023,6,0
2023-02-07,Home_Decor,68.0,126.46,0,79.84,1,2,2023,6,0
2023-02-08,Home_Decor,63.0,126.46,0,72.44,2,2,2023,6,0
2023-02-09,Home_Decor,59.0,126.46,0,75.84,3,2,2023,6,0
2023-02-10,Home_Decor,77.0,126.46,0,82.19,4,2,2023,6,0
2023-02-11,Home_Decor,105.0,126.46,0,72.94,5,2,2023,6,0
2023-02-12,Home_Decor,97.0,126.46,0,79.84,6,2,2023,6,0
2023-02-13,Home_Decor,50.0,126.46,0,76.39,0,2,2023,7,0
2023-02-14,Home_Decor,104.0,126.46,0,79.01,1,2,2023,7,1
2023-02-15,Home_Decor,69.0,126.46,0,78.89,2,2,2023,7,0
2023-02-16,Home_Decor,67.0,126.46,0,75.0,3,2,2023,7,0
2023-02-17,Home_Decor,75.0,126.46,0,78.11,4,2,2023,7,0
2023-02-18,Home_Decor,87.0,126.46,0,80.6,5,2,2023,7,0
2023-02-19,Home_Decor,92.0,126.46,0,79.82,6,2,2023,7,0
2023-02-20,Home_Decor,61.0,126.46,0,88.64,0,2,2023,8,0
2023-02-21,Home_Decor,72.0,126.46,0,86.26,1,2,2023,8,0
2023-02-22,Home_Decor,65.0,126.46,0,83.09,2,2,2023,8,0
2023-02-23,Home_Decor,64.0,126.46,0,78.24,3,2,2023,8,0
2023-02-24,Home_Decor,86.0,126.46,0,78.34,4,2,2023,8,0
2023-02-25,Home_Decor,79.0,126.46,0,92.73,5,2,2023,8,0
2023-02-26,Home_Decor,85.0,126.46,0,78.2,6,2,2023,8,0
2023-02-27,Home_Decor,65.0,126.46,0,84.19,0,2,2023,9,0
2023-02-28,Home_Decor,78.0,126.46,0,85.8,1,2,2023,9,0
2023-03-01,Home_Decor,63.0,126.46,0,82.79,2,3,2023,9,0
2023-03-02,Home_Decor,58.0,126.46,0,79.69,3,3,2023,9,0
2023-03-03,Home_Decor,77.0,126.46,0,81.11,4,3,2023,9,0
2023-03-04,Home_Decor,95.0,126.46,0,82.63,5,3,2023,9,0
2023-03-05,Home_Decor,96.0,126.46,0,82.13,6,3,2023,9,0
2023-03-06,Home_Decor,82.0,126.46,0,92.62,0,3,2023,10,0
2023-03-07,Home_Decor,75.0,126.46,0,86.23,1,3,2023,10,0
2023-03-08,Home_Decor,68.0,126.46,0,83.95,2,3,2023,10,0
2023-03-09,Home_Decor,66.0,126.46,0,87.37,3,3,2023,10,0
2023-03-10,Home_Decor,92.0,126.46,0,90.44,4,3,2023,10,0
2023-03-11,Home_Decor,90.0,126.46,0,85.63,5,3,2023,10,0
2023-03-12,Home_Decor,87.0,126.46,0,92.1,6,3,2023,10,0
2023-03-13,Home_Decor,68.0,126.46,0,81.47,0,3,2023,11,0
2023-03-14,Home_Decor,62.0,126.46,0,93.9,1,3,2023,11,0
2023-03-15,Home_Decor,65.0,126.46,0,88.2,2,3,2023,11,0
2023-03-16,Home_Decor,70.0,126.46,0,88.21,3,3,2023,11,0
2023-03-17,Home_Decor,87.0,126.46,0,85.16,4,3,2023,11,0
2023-03-18,Home_Decor,91.0,126.46,0,82.66,5,3,2023,11,0
2023-03-19,Home_Decor,83.0,126.46,0,80.63,6,3,2023,11,0
2023-03-20,Home_Decor,61.0,126.46,0,85.3,0,3,2023,12,0
2023-03-21,Home_Decor,70.0,126.46,0,92.19,1,3,2023,12,0
2023-03-22,Home_Decor,69.0,126.46,0,84.57,2,3,2023,12,0
2023-03-23,Home_Decor,69.0,126.46,0,81.75,3,3,2023,12,0
2023-03-24,Home_Decor,79.0,126.46,0,85.05,4,3,2023,12,0
2023-03-25,Home_Decor,97.0,126.46,0,87.76,5,3,2023,12,0
2023-03-26,Home_Decor,103.0,126.46,0,88.04,6,3,2023,12,0
2023-03-27,Home_Decor,66.0,126.46,0,89.19,0,3,2023,13,0
2023-03-28,Home_Decor,70.0,126.46,0,95.06,1,3,2023,13,0
2023-03-29,Home_Decor,74.0,126.46,0,96.18,2,3,2023,13,0
2023-03-30,Home_Decor,68.0,126.46,0,100.0,3,3,2023,13,0
2023-03-31,Home_Decor,83.0,126.46,0,81.87,4,3,2023,13,0
2023-04-01,Home_Decor,94.0,126.46,0,85.72,5,4,2023,13,0
2023-04-02,Home_Decor,83.0,126.46,0,93.49,6,4,2023,13,0
2023-04-03,Home_Decor,72.0,126.46,0,87.71,0,4,2023,14,0
2023-04-04,Home_Decor,69.0,126.46,0,94.26,1,4,2023,14,0
2023-04-05,Home_Decor,72.0,126.46,0,90.95,2,4,2023,14,0
2023-04-06,Home_Decor,66.0,126.46,0,97.76,3,4,2023,14,0
2023-04-07,Home_Decor,83.0,126.46,0,95.02,4,4,2023,14,0
2023-04-08,Home_Decor,105.0,126.46,0,95.04,5,4,2023,14,0
2023-04-09,Home_Decor,108.0,126.46,0,87.59,6,4,2023,14,0
2023-04-10,Home_Decor,78.0,126.46,0,89.06,0,4,2023,15,0
2023-04-11,Home_Decor,63.0,126.46,0,87.91,1,4,2023,15,0
2023-04-12,Home_Decor,71.0,126.46,0,81.79,2,4,2023,15,0
2023-04-13,Home_Decor,69.0,126.46,0,96.54,3,4,2023,15,0
2023-04-14,Home_Decor,84.0,126.46,0,92.77,4,4,2023,15,0
2023-04-15,Home_Decor,88.0,126.46,0,87.16,5,4,2023,15,0
2023-04-16,Home_Decor,80.0,126.46,0,95.24,6,4,2023,15,0
2023-04-17,Home_Decor,68.0,126.46,0,85.39,0,4,2023,16,0
2023-04-18,Home_Decor,73.0,126.46,0,79.16,1,4,2023,16,0
2023-04-19,Home_Decor,69.0,126.46,0,93.18,2,4,2023,16,0
2023-04-20,Home_Decor,74.0,126.46,0,81.54,3,4,2023,16,0
2023-04-21,Home_Decor,83.0,126.46,0,86.73,4,4,2023,16,0
2023-04-22,Home_Decor,96.0,126.46,0,88.51,5,4,2023,16,0
2023-04-23,Home_Decor,95.0,126.46,0,89.16,6,4,2023,16,0
2023-04-24,Home_Decor,68.0,126.46,0,91.21,0,4,2023,17,0
2023-04-25,Home_Decor,69.0,126.46,0,89.61,1,4,2023,17,0
2023-04-26,Home_Decor,77.0,126.46,0,89.17,2,4,2023,17,0
2023-04-27,Home_Decor,72.0,126.46,0,82.18,3,4,2023,17,0
2023-04-28,Home_Decor,81.0,126.46,0,87.3,4,4,2023,17,0
2023-04-29,Home_Decor,93.0,126.46,0,77.99,5,4,2023,17,0
2023-04-30,Home_Decor,89.0,126.46,0,93.01,6,4,2023,17,0
2023-05-01,Home_Decor,66.0,126.46,0,77.86,0,5,2023,18,0
2023-05-02,Home_Decor,68.0,126.46,0,82.79,1,5,2023,18,0
2023-05-03,Home_Decor,64.0,126.46,0,77.58,2,5,2023,18,0
2023-05-04,Home_Decor,69.0,126.46,0,80.16,3,5,2023,18,0
2023-05-05,Home_Decor,75.0,126.46,0,83.5,4,5,2023,18,0
2023-05-06,Home_Decor,92.0,126.46,0,80.41,5,5,2023,18,0
2023-05-07,Home_Decor,93.0,126.46,0,88.38,6,5,2023,18,0
2023-05-08,Home_Decor,67.0,126.46,0,83.39,0,5,2023,19,0
2023-05-09,Home_Decor,92.0,106.82,1,79.53,1,5,2023,19,0
2023-05-10,Home_Decor,113.0,106.82,1,80.76,2,5,2023,19,0
2023-05-11,Home_Decor,115.0,106.82,1,87.09,3,5,2023,19,0
2023-05-12,Home_Decor,119.0,106.82,1,85.1,4,5,2023,19,0
2023-05-13,Home_Decor,157.0,106.82,1,74.41,5,5,2023,19,0
2023-05-14,Home_Decor,128.0,106.82,1,76.25,6,5,2023,19,0
2023-05-15,Home_Decor,119.0,106.82,1,81.56,0,5,2023,20,0
2023-05-16,Home_Decor,65.0,126.46,0,80.47,1,5,2023,20,0
2023-05-17,Home_Decor,,126.46,0,72.97,2,5,2023,20,0
2023-05-18,Home_Decor,68.0,126.46,0,81.48,3,5,2023,20,0
2023-05-19,Home_Decor,74.0,126.46,0,72.78,4,5,2023,20,0
2023-05-20,Home_Decor,84.0,126.46,0,83.24,5,5,2023,20,0
2023-05-21,Home_Decor,81.0,126.46,0,78.85,6,5,2023,20,0
2023-05-22,Home_Decor,64.0,126.46,0,70.02,0,5,2023,21,0
2023-05-23,Home_Decor,61.0,126.46,0,72.51,1,5,2023,21,0
2023-05-24,Home_Decor,53.0,126.46,0,71.88,2,5,2023,21,0
2023-05-25,Home_Decor,73.0,126.46,0,74.86,3,5,2023,21,0
2023-05-26,Home_Decor,74.0,126.46,0,72.49,4,5,2023,21,0
2023-05-27,Home_Decor,80.0,126.46,0,67.22,5,5,2023,21,0
2023-05-28,Home_Decor,76.0,126.46,0,65.41,6,5,2023,21,0
2023-05-29,Home_Decor,67.0,126.46,0,74.55,0,5,2023,22,0
2023-05-30,Home_Decor,56.0,126.46,0,72.66,1,5,2023,22,0
2023-05-31,Home_Decor,62.0,126.46,0,71.17,2,5,2023,22,0
2023-06-01,Home_Decor,61.0,126.46,0,71.4,3,6,2023,22,0
2023-06-02,Home_Decor,70.0,126.46,0,66.36,4,6,2023,22,0
2023-06-03,Home_Decor,76.0,126.46,0,69.77,5,6,2023,22,0
2023-06-04,Home_Decor,77.0,126.46,0,80.93,6,6,2023,22,0
2023-06-05,Home_Decor,62.0,126.46,0,73.49,0,6,2023,23,0
2023-06-06,Home_Decor,61.0,126.46,0,65.56,1,6,2023,23,0
2023-06-07,Home_Decor,56.0,126.46,0,63.76,2,6,2023,23,0
2023-06-08,Home_Decor,62.0,126.46,0,51.44,3,6,2023,23,0
2023-06-09,Home_Decor,76.0,126.46,0,70.45,4,6,2023,23,0
2023-06-10,Home_Decor,70.0,126.46,0,68.4,5,6,2023,23,0
2023-06-11,Home_Decor,79.0,126.46,0,61.11,6,6,2023,23,0
2023-06-12,Home_Decor,55.0,126.46,0,56.02,0,6,2023,24,0
2023-06-13,Home_Decor,54.0,126.46,0,56.75,1,6,2023,24,0
2023-06-14,Home_Decor,59.0,126.46,0,64.09,2,6,2023,24,0
2023-06-15,Home_Decor,91.0,111.25,1,60.76,3,6,2023,24,0
2023-06-16,Home_Decor,98.0,111.25,1,64.0,4,6,2023,24,0
2023-06-17,Home_Decor,136.0,111.25,1,60.31,5,6,2023,24,0
2023-06-18,Home_Decor,130.0,111.25,1,64.05,6,6,2023,24,0
2023-06-19,Home_Decor,77.0,111.25,1,60.39,0,6,2023,25,0
2023-06-20,Home_Decor,79.0,111.25,1,62.01,1,6,2023,25,0
2023-06-21,Home_Decor,58.0,126.46,0,46.74,2,6,2023,25,0
2023-06-22,Home_Decor,57.0,126.46,0,50.34,3,6,2023,25,0
2023-06-23,Home_Decor,75.0,126.46,0,54.01,4,6,2023,25,0
2023-06-24,Home_Decor,79.0,126.46,0,60.55,5,6,2023,25,0
2023-06-25,Home_Decor,76.0,126.46,0,63.87,6,6,2023,25,0
2023-06-26,Home_Decor,52.0,126.46,0,52.96,0,6,2023,26,0
2023-06-27,Home_Decor,57.0,126.46,0,50.04,1,6,2023,26,0
2023-06-28,Home_Decor,48.0,126.46,0,42.63,2,6,2023,26,0
2023-06-29,Home_Decor,63.0,126.46,0,56.04,3,6,2023,26,0
2023-06-30,Home_Decor,66.0,126.46,0,48.28,4,6,2023,26,0
2023-07-01,Home_Decor,68.0,126.46,0,65.14,5,7,2023,26,0
2023-07-02,Home_Decor,76.0,126.46,0,45.96,6,7,2023,26,0
2023-07-03,Home_Decor,64.0,126.46,0,59.49,0,7,2023,27,0
2023-07-04,Home_Decor,73.0,126.46,0,52.02,1,7,2023,27,1
2023-07-05,Home_Decor,54.0,126.46,0,42.45,2,7,2023,27,0
2023-07-06,Home_Decor,53.0,126.46,0,48.07,3,7,2023,27,0
2023-07-07,Home_Decor,62.0,126.46,0,50.08,4,7,2023,27,0
2023-07-08,Home_Decor,62.0,126.46,0,44.41,5,7,2023,27,0
2023-07-09,Home_Decor,69.0,126.46,0,49.04,6,7,2023,27,0
2023-07-10,Home_Decor,53.0,126.46,0,48.25,0,7,2023,28,0
2023-07-11,Home_Decor,58.0,126.46,0,46.47,1,7,2023,28,0
2023-07-12,Home_Decor,43.0,126.46,0,42.73,2,7,2023,28,0
2023-07-13,Home_Decor,51.0,126.46,0,36.26,3,7,2023,28,0
2023-07-14,Home_Decor,66.0,126.46,0,41.08,4,7,2023,28,0
2023-07-15,Home_Decor,67.0,126.46,0,41.67,5,7,2023,28,0
2023-07-16,Home_Decor,66.0,126.46,0,30.74,6,7,2023,28,0
2023-07-17,Home_Decor,47.0,126.46,0,40.3,0,7,2023,29,0
2023-07-18,Home_Decor,82.0,99.34,1,38.31,1,7,2023,29,0
2023-07-19,Home_Decor,74.0,99.34,1,31.65,2,7,2023,29,0
2023-07-20,Home_Decor,87.0,99.34,1,35.81,3,7,2023,29,0
2023-07-21,Home_Decor,96.0,99.34,1,35.26,4,7,2023,29,0
2023-07-22,Home_Decor,119.0,99.34,1,45.83,5,7,2023,29,0
2023-07-23,Home_Decor,108.0,99.34,1,36.63,6,7,2023,29,0
2023-07-24,Home_Decor,47.0,126.46,0,40.07,0,7,2023,30,0
2023-07-25,Home_Decor,45.0,126.46,0,33.67,1,7,2023,30,0
2023-07-26,Home_Decor,46.0,126.46,0,24.26,2,7,2023,30,0
2023-07-27,Home_Decor,47.0,126.46,0,36.36,3,7,2023,30,0
2023-07-28,Home_Decor,51.0,126.46,0,29.09,4,7,2023,30,0
2023-07-29,Home_Decor,63.0,126.46,0,30.09,5,7,2023,30,0
2023-07-30,Home_Decor,67.0,126.46,0,25.89,6,7,2023,30,0
2023-07-31,Home_Decor,47.0,126.46,0,30.91,0,7,2023,31,0
2023-08-01,Home_Decor,43.0,126.46,0,35.28,1,8,2023,31,0
2023-08-02,Home_Decor,44.0,126.46,0,34.02,2,8,2023,31,0
2023-08-03,Home_Decor,39.0,126.46,0,36.7,3,8,2023,31,0
2023-08-04,Home_Decor,53.0,126.46,0,36.83,4,8,2023,31,0
2023-08-05,Home_Decor,59.0,126.46,0,17.39,5,8,2023,31,0
2023-08-06,Home_Decor,55.0,126.46,0,21.08,6,8,2023,31,0
2023-08-07,Home_Decor,42.0,126.46,0,17.45,0,8,2023,32,0
2023-08-08,Home_Decor,86.0,89.78,1,29.09,1,8,2023,32,0
2023-08-09,Home_Decor,95.0,89.78,1,21.92,2,8,2023,32,0
2023-08-10,Home_Decor,101.0,89.78,1,22.4,3,8,2023,32,0
2023-08-11,Home_Decor,97.0,89.78,1,23.23,4,8,2023,32,0
2023-08-12,Home_Decor,115.0,89.78,1,25.71,5,8,2023,32,0
2023-08-13,Home_Decor,112.0,89.78,1,15.85,6,8,2023,32,0
2023-08-14,Home_Decor,46.0,126.46,0,16.47,0,8,2023,33,0
2023-08-15,Home_Decor,43.0,126.46,0,22.28,1,8,2023,33,0
2023-08-16,Home_Decor,42.0,126.46,0,27.77,2,8,2023,33,0
2023-08-17,Home_Decor,46.0,126.46,0,21.17,3,8,2023,33,0
2023-08-18,Home_Decor,48.0,126.46,0,16.86,4,8,2023,33,0
2023-08-19,Home_Decor,63.0,126.46,0,9.61,5,8,2023,33,0
2023-08-20,Home_Decor,56.0,126.46,0,24.66,6,8,2023,33,0
2023-08-21,Home_Decor,39.0,126.46,0,15.76,0,8,2023,34,0
2023-08-22,Home_Decor,40.0,126.46,0,13.27,1,8,2023,34,0
2023-08-23,Home_Decor,44.0,126.46,0,10.0,2,8,2023,34,0
2023-08-24,Home_Decor,41.0,126.46,0,10.96,3,8,2023,34,0
2023-08-25,Home_Decor,86.0,106.92,1,12.93,4,8,2023,34,0
2023-08-26,Home_Decor,87.0,106.92,1,16.14,5,8,2023,34,0
2023-08-27,Home_Decor,84.0,106.92,1,10.9,6,8,2023,34,0
2023-08-28,Home_Decor,71.0,106.92,1,17.49,0,8,2023,35,0
2023-08-29,Home_Decor,37.0,126.46,0,14.96,1,8,2023,35,0
2023-08-30,Home_Decor,42.0,126.46,0,26.94,2,8,2023,35,0
2023-08-31,Home_Decor,43.0,126.46,0,6.95,3,8,2023,35,0
2023-09-01,Home_Decor,44.0,126.46,0,15.94,4,9,2023,35,0
2023-09-02,Home_Decor,53.0,126.46,0,15.67,5,9,2023,35,0
2023-09-03,Home_Decor,,126.46,0,9.32,6,9,2023,35,0
2023-09-04,Home_Decor,41.0,126.46,0,14.64,0,9,2023,36,0
2023-09-05,Home_Decor,45.0,126.46,0,17.71,1,9,2023,36,0
2023-09-06,Home_Decor,37.0,126.46,0,14.06,2,9,2023,36,0
2023-09-07,Home_Decor,42.0,126.46,0,20.22,3,9,2023,36,0
2023-09-08,Home_Decor,46.0,126.46,0,2.14,4,9,2023,36,0
2023-09-09,Home_Decor,53.0,126.46,0,8.56,5,9,2023,36,0
2023-09-10,Home_Decor,51.0,126.46,0,19.9,6,9,2023,36,0
2023-09-11,Home_Decor,37.0,126.46,0,16.85,0,9,2023,37,0
2023-09-12,Home_Decor,39.0,126.46,0,14.77,1,9,2023,37,0
2023-09-13,Home_Decor,37.0,126.46,0,18.02,2,9,2023,37,0
2023-09-14,Home_Decor,37.0,126.46,0,2.07,3,9,2023,37,0
2023-09-15,Home_Decor,49.0,126.46,0,15.44,4,9,2023,37,0
2023-09-16,Home_Decor,52.0,126.46,0,16.6,5,9,2023,37,0
2023-09-17,Home_Decor,50.0,126.46,0,7.82,6,9,2023,37,0
2023-09-18,Home_Decor,43.0,126.46,0,24.11,0,9,2023,38,0
2023-09-19,Home_Decor,32.0,126.46,0,11.8,1,9,2023,38,0
2023-09-20,Home_Decor,41.0,126.46,0,-0.28,2,9,2023,38,0
2023-09-21,Home_Decor,37.0,126.46,0,12.47,3,9,2023,38,0
2023-09-22,Home_Decor,46.0,126.46,0,6.85,4,9,2023,38,0
2023-09-23,Home_Decor,49.0,126.46,0,16.18,5,9,2023,38,0
2023-09-24,Home_Decor,47.0,126.46,0,13.01,6,9,2023,38,0
2023-09-25,Home_Decor,43.0,126.46,0,7.21,0,9,2023,39,0
2023-09-26,Home_Decor,43.0,126.46,0,17.65,1,9,2023,39,0
2023-09-27,Home_Decor,36.0,126.46,0,14.78,2,9,2023,39,0
2023-09-28,Home_Decor,40.0,126.46,0,5.91,3,9,2023,39,0
2023-09-29,Home_Decor,45.0,126.46,0,9.26,4,9,2023,39,0
2023-09-30,Home_Decor,58.0,126.46,0,12.59,5,9,2023,39,0
2023-10-01,Home_Decor,42.0,126.46,0,8.18,6,10,2023,39,0
2023-10-02,Home_Decor,65.0,108.02,1,8.34,0,10,2023,40,0
2023-10-03,Home_Decor,58.0,108.02,1,10.21,1,10,2023,40,0
2023-10-04,Home_Decor,49.0,108.02,1,4.73,2,10,2023,40,0
2023-10-05,Home_Decor,38.0,126.46,0,-1.06,3,10,2023,40,0
2023-10-06,Home_Decor,52.0,126.46,0,11.36,4,10,2023,40,0
2023-10-07,Home_Decor,49.0,126.46,0,0.29,5,10,2023,40,0
2023-10-08,Home_Decor,54.0,126.46,0,5.35,6,10,2023,40,0
2023-10-09,Home_Decor,42.0,126.46,0,1.54,0,10,2023,41,0
2023-10-10,Home_Decor,38.0,126.46,0,2.26,1,10,2023,41,0
2023-10-11,Home_Decor,38.0,126.46,0,12.75,2,10,2023,41,0
2023-10-12,Home_Decor,34.0,126.46,0,9.64,3,10,2023,41,0
2023-10-13,Home_Decor,43.0,126.46,0,9.59,4,10,2023,41,0
2023-10-14,Home_Decor,56.0,126.46,0,4.46,5,10,2023,41,0
2023-10-15,Home_Decor,51.0,126.46,0,7.92,6,10,2023,41,0
2023-10-16,Home_Decor,40.0,126.46,0,13.25,0,10,2023,42,0
2023-10-17,Home_Decor,39.0,126.46,0,11.29,1,10,2023,42,0
2023-10-18,Home_Decor,44.0,126.46,0,15.86,2,10,2023,42,0
2023-10-19,Home_Decor,39.0,126.46,0,16.78,3,10,2023,42,0
2023-10-20,Home_Decor,52.0,126.46,0,10.92,4,10,2023,42,0
2023-10-21,Home_Decor,53.0,126.46,0,3.14,5,10,2023,42,0
2023-10-22,Home_Decor,59.0,126.46,0,8.86,6,10,2023,42,0
2023-10-23,Home_Decor,36.0,126.46,0,12.41,0,10,2023,43,0
2023-10-24,Home_Decor,39.0,126.46,0,9.28,1,10,2023,43,0
2023-10-25,Home_Decor,37.0,126.46,0,8.16,2,10,2023,43,0
2023-10-26,Home_Decor,41.0,126.46,0,14.07,3,10,2023,43,0
2023-10-27,Home_Decor,51.0,126.46,0,26.17,4,10,2023,43,0
2023-10-28,Home_Decor,55.0,126.46,0,11.88,5,10,2023,43,0
2023-10-29,Home_Decor,58.0,126.46,0,14.62,6,10,2023,43,0
2023-10-30,Home_Decor,38.0,126.46,0,8.4,0,10,2023,44,0
2023-10-31,Home_Decor,56.0,126.46,0,21.52,1,10,2023,44,1
2023-11-01,Home_Decor,39.0,126.46,0,20.02,2,11,2023,44,0
2023-11-02,Home_Decor,42.0,126.46,0,20.04,3,11,2023,44,0
2023-11-03,Home_Decor,47.0,126.46,0,23.17,4,11,2023,44,0
2023-11-04,Home_Decor,51.0,126.46,0,14.62,5,11,2023,44,0
2023-11-05,Home_Decor,59.0,126.46,0,15.63,6,11,2023,44,0
2023-11-06,Home_Decor,40.0,126.46,0,26.09,0,11,2023,45,0
2023-11-07,Home_Decor,45.0,126.46,0,21.11,1,11,2023,45,0
2023-11-08,Home_Decor,41.0,126.46,0,7.27,2,11,2023,45,0
2023-11-09,Home_Decor,45.0,126.46,0,21.06,3,11,2023,45,0
2023-11-10,Home_Decor,51.0,126.46,0,16.31,4,11,2023,45,0
2023-11-11,Home_Decor,53.0,126.46,0,24.16,5,11,2023,45,0
2023-11-12,Home_Decor,58.0,126.46,0,22.16,6,11,2023,45,0
2023-11-13,Home_Decor,49.0,126.46,0,11.88,0,11,2023,46,0
2023-11-14,Home_Decor,43.0,126.46,0,22.4,1,11,2023,46,0
2023-11-15,Home_Decor,45.0,126.46,0,22.59,2,11,2023,46,0
2023-11-16,Home_Decor,47.0,126.46,0,23.84,3,11,2023,46,0
2023-11-17,Home_Decor,52.0,126.46,0,25.4,4,11,2023,46,0
2023-11-18,Home_Decor,59.0,126.46,0,30.5,5,11,2023,46,0
2023-11-19,Home_Decor,60.0,126.46,0,25.6,6,11,2023,46,0
2023-11-20,Home_Decor,47.0,126.46,0,24.17,0,11,2023,47,0
2023-11-21,Home_Decor,39.0,126.46,0,30.32,1,11,2023,47,0
2023-11-22,Home_Decor,44.0,126.46,0,36.33,2,11,2023,47,0
2023-11-23,Home_Decor,100.0,126.46,0,30.24,3,11,2023,47,1
2023-11-24,Home_Decor,153.0,126.46,0,27.24,4,11,2023,47,1
2023-11-25,Home_Decor,67.0,126.46,0,28.93,5,11,2023,47,0
2023-11-26,Home_Decor,56.0,126.46,0,28.61,6,11,2023,47,0
2023-11-27,Home_Decor,41.0,126.46,0,28.0,0,11,2023,48,0
2023-11-28,Home_Decor,48.0,126.46,0,39.31,1,11,2023,48,0
2023-11-29,Home_Decor,40.0,126.46,0,25.32,2,11,2023,48,0
2023-11-30,Home_Decor,40.0,126.46,0,35.43,3,11,2023,48,0
2023-12-01,Home_Decor,59.0,126.46,0,29.62,4,12,2023,48,0
2023-12-02,Home_Decor,64.0,126.46,0,23.45,5,12,2023,48,0
2023-12-03,Home_Decor,64.0,126.46,0,30.52,6,12,2023,48,0
2023-12-04,Home_Decor,46.0,126.46,0,29.34,0,12,2023,49,0
2023-12-05,Home_Decor,42.0,126.46,0,35.58,1,12,2023,49,0
2023-12-06,Home_Decor,42.0,126.46,0,33.77,2,12,2023,49,0
2023-12-07,Home_Decor,48.0,126.46,0,28.83,3,12,2023,49,0
2023-12-08,Home_Decor,51.0,126.46,0,41.93,4,12,2023,49,0
2023-12-09,Home_Decor,67.0,126.46,0,40.66,5,12,2023,49,0
2023-12-10,Home_Decor,62.0,126.46,0,43.78,6,12,2023,49,0
2023-12-11,Home_Decor,80.0,109.82,1,37.68,0,12,2023,50,0
2023-12-12,Home_Decor,79.0,109.82,1,36.97,1,12,2023,50,0
2023-12-13,Home_Decor,80.0,109.82,1,41.32,2,12,2023,50,0
2023-12-14,Home_Decor,85.0,109.82,1,35.57,3,12,2023,50,0
2023-12-15,Home_Decor,92.0,109.82,1,39.77,4,12,2023,50,0
2023-12-16,Home_Decor,110.0,109.82,1,38.91,5,12,2023,50,0
2023-12-17,Home_Decor,68.0,126.46,0,33.15,6,12,2023,50,0
2023-12-18,Home_Decor,41.0,126.46,0,41.76,0,12,2023,51,0
2023-12-19,Home_Decor,53.0,126.46,0,39.59,1,12,2023,51,0
2023-12-20,Home_Decor,85.0,106.12,1,41.26,2,12,2023,51,0
2023-12-21,Home_Decor,93.0,106.12,1,44.97,3,12,2023,51,0
2023-12-22,Home_Decor,91.0,106.12,1,50.19,4,12,2023,51,0
2023-12-23,Home_Decor,114.0,106.12,1,40.26,5,12,2023,51,0
2023-12-24,Home_Decor,106.0,106.12,1,43.51,6,12,2023,51,0
2023-12-25,Home_Decor,235.0,106.12,1,42.05,0,12,2023,52,1
2023-12-26,Home_Decor,84.0,126.46,0,42.41,1,12,2023,52,1
2023-12-27,Home_Decor,48.0,126.46,0,44.28,2,12,2023,52,0
2023-12-28,Home_Decor,58.0,126.46,0,46.95,3,12,2023,52,0
2023-12-29,Home_Decor,60.0,126.46,0,51.55,4,12,2023,52,0
2023-12-30,Home_Decor,68.0,126.46,0,50.91,5,12,2023,52,0
2023-12-31,Home_Decor,124.0,126.46,0,44.72,6,12,2023,52,1
2021-01-01,Books,89.0,192.9,0,53.69,4,1,2021,53,1
2021-01-02,Books,60.0,192.9,0,46.55,5,1,2021,53,0
2021-01-03,Books,62.0,192.9,0,56.16,6,1,2021,53,0
2021-01-04,Books,44.0,192.9,0,56.06,0,1,2021,1,0
2021-01-05,Books,52.0,192.9,0,60.58,1,1,2021,1,0
2021-01-06,Books,41.0,192.9,0,62.95,2,1,2021,1,0
2021-01-07,Books,49.0,192.9,0,56.46,3,1,2021,1,0
2021-01-08,Books,55.0,192.9,0,49.35,4,1,2021,1,0
2021-01-09,Books,55.0,192.9,0,65.03,5,1,2021,1,0
2021-01-10,Books,56.0,192.9,0,51.76,6,1,2021,1,0
2021-01-11,Books,48.0,192.9,0,59.22,0,1,2021,2,0
2021-01-12,Books,44.0,192.9,0,56.92,1,1,2021,2,0
2021-01-13,Books,44.0,192.9,0,56.72,2,1,2021,2,0
2021-01-14,Books,39.0,192.9,0,63.37,3,1,2021,2,0
2021-01-15,Books,54.0,192.9,0,61.44,4,1,2021,2,0
2021-01-16,Books,60.0,192.9,0,63.44,5,1,2021,2,0
2021-01-17,Books,58.0,192.9,0,57.46,6,1,2021,2,0
2021-01-18,Books,45.0,192.9,0,61.33,0,1,2021,3,0
2021-01-19,Books,42.0,192.9,0,59.0,1,1,2021,3,0
2021-01-20,Books,41.0,192.9,0,62.51,2,1,2021,3,0
2021-01-21,Books,44.0,192.9,0,63.55,3,1,2021,3,0
2021-01-22,Books,50.0,192.9,0,74.01,4,1,2021,3,0
2021-01-23,Books,69.0,192.9,0,64.13,5,1,2021,3,0
2021-01-24,Books,62.0,192.9,0,55.43,6,1,2021,3,0
2021-01-25,Books,41.0,192.9,0,73.66,0,1,2021,4,0
2021-01-26,Books,50.0,192.9,0,69.56,1,1,2021,4,0
2021-01-27,Books,41.0,192.9,0,67.27,2,1,2021,4,0
2021-01-28,Books,45.0,192.9,0,66.36,3,1,2021,4,0
2021-01-29,Books,55.0,192.9,0,64.41,4,1,2021,4,0
2021-01-30,Books,50.0,192.9,0,79.44,5,1,2021,4,0
2021-01-31,Books,57.0,192.9,0,70.61,6,1,2021,4,0
2021-02-01,Books,42.0,192.9,0,62.25,0,2,2021,5,0
2021-02-02,Books,44.0,192.9,0,73.16,1,2,2021,5,0
2021-02-03,Books,44.0,192.9,0,78.13,2,2,2021,5,0
2021-02-04,Books,45.0,192.9,0,73.45,3,2,2021,5,0
2021-02-05,Books,51.0,192.9,0,68.72,4,2,2021,5,0
2021-02-06,Books,64.0,192.9,0,68.83,5,2,2021,5,0
2021-02-07,Books,59.0,192.9,0,69.75,6,2,2021,5,0
2021-02-08,Books,44.0,192.9,0,82.49,0,2,2021,6,0
2021-02-09,Books,44.0,192.9,0,75.06,1,2,2021,6,0
2021-02-10,Books,49.0,192.9,0,67.55,2,2,2021,6,0
2021-02-11,Books,46.0,192.9,0,78.39,3,2,2021,6,0
2021-02-12,Books,49.0,192.9,0,77.68,4,2,2021,6,0
2021-02-13,Books,50.0,192.9,0,75.24,5,2,2021,6,0
2021-02-14,Books,82.0,192.9,0,72.88,6,2,2021,6,1
2021-02-15,Books,42.0,192.9,0,73.15,0,2,2021,7,0
2021-02-16,Books,43.0,192.9,0,84.38,1,2,2021,7,0
2021-02-17,Books,41.0,192.9,0,80.65,2,2,2021,7,0
2021-02-18,Books,46.0,192.9,0,82.27,3,2,2021,7,0
2021-02-19,Books,49.0,192.9,0,81.56,4,2,2021,7,0
2021-02-20,Books,55.0,192.9,0,82.42,5,2,2021,7,0
2021-02-21,Books,61.0,192.9,0,78.87,6,2,2021,7,0
2021-02-22,Books,49.0,192.9,0,80.61,0,2,2021,8,0
2021-02-23,Books,39.0,192.9,0,87.88,1,2,2021,8,0
2021-02-24,Books,43.0,192.9,0,89.53,2,2,2021,8,0
2021-02-25,Books,38.0,192.9,0,76.75,3,2,2021,8,0
2021-02-26,Books,45.0,192.9,0,82.21,4,2,2021,8,0
2021-02-27,Books,56.0,192.9,0,87.82,5,2,2021,8,0
2021-02-28,Books,63.0,192.9,0,93.4,6,2,2021,8,0
2021-03-01,Books,41.0,192.9,0,93.26,0,3,2021,9,0
2021-03-02,Books,40.0,192.9,0,80.72,1,3,2021,9,0
2021-03-03,Books,43.0,192.9,0,91.41,2,3,2021,9,0
2021-03-04,Books,45.0,192.9,0,85.66,3,3,2021,9,0
2021-03-05,Books,48.0,192.9,0,90.9,4,3,2021,9,0
2021-03-06,Books,68.0,192.9,0,89.93,5,3,2021,9,0
2021-03-07,Books,57.0,192.9,0,79.96,6,3,2021,9,0
2021-03-08,Books,45.0,192.9,0,89.31,0,3,2021,10,0
2021-03-09,Books,42.0,192.9,0,91.87,1,3,2021,10,0
2021-03-10,Books,44.0,192.9,0,87.0,2,3,2021,10,0
2021-03-11,Books,50.0,192.9,0,86.12,3,3,2021,10,0
2021-03-12,Books,58.0,192.9,0,79.74,4,3,2021,10,0
2021-03-13,Books,55.0,192.9,0,91.24,5,3,2021,10,0
2021-03-14,Books,63.0,192.9,0,89.09,6,3,2021,10,0
2021-03-15,Books,46.0,192.9,0,83.64,0,3,2021,11,0
2021-03-16,Books,47.0,192.9,0,86.82,1,3,2021,11,0
2021-03-17,Books,42.0,192.9,0,89.4,2,3,2021,11,0
2021-03-18,Books,44.0,192.9,0,86.01,3,3,2021,11,0
2021-03-19,Books,55.0,192.9,0,88.98,4,3,2021,11,0
2021-03-20,Books,63.0,192.9,0,80.36,5,3,2021,11,0
2021-03-21,Books,65.0,192.9,0,96.0,6,3,2021,11,0
2021-03-22,Books,45.0,192.9,0,89.46,0,3,2021,12,0
2021-03-23,Books,43.0,192.9,0,84.0,1,3,2021,12,0
2021-03-24,Books,34.0,192.9,0,77.3,2,3,2021,12,0
2021-03-25,Books,39.0,192.9,0,94.83,3,3,2021,12,0
2021-03-26,Books,50.0,192.9,0,92.56,4,3,2021,12,0
2021-03-27,Books,54.0,192.9,0,90.89,5,3,2021,12,0
2021-03-28,Books,62.0,192.9,0,94.21,6,3,2021,12,0
2021-03-29,Books,40.0,192.9,0,94.24,0,3,2021,13,0
2021-03-30,Books,41.0,192.9,0,90.94,1,3,2021,13,0
2021-03-31,Books,41.0,192.9,0,88.72,2,3,2021,13,0
2021-04-01,Books,49.0,192.9,0,87.91,3,4,2021,13,0
2021-04-02,Books,49.0,192.9,0,92.1,4,4,2021,13,0
2021-04-03,Books,61.0,192.9,0,96.97,5,4,2021,13,0
2021-04-04,Books,59.0,192.9,0,89.44,6,4,2021,13,0
2021-04-05,Books,47.0,192.9,0,97.3,0,4,2021,14,0
2021-04-06,Books,46.0,192.9,0,91.73,1,4,2021,14,0
2021-04-07,Books,43.0,192.9,0,91.71,2,4,2021,14,0
2021-04-08,Books,80.0,136.67,1,101.76,3,4,2021,14,0
2021-04-09,Books,103.0,136.67,1,97.91,4,4,2021,14,0
2021-04-10,Books,120.0,136.67,1,97.94,5,4,2021,14,0
2021-04-11,Books,59.0,192.9,0,85.45,6,4,2021,14,0
2021-04-12,Books,42.0,192.9,0,100.28,0,4,2021,15,0
2021-04-13,Books,47.0,192.9,0,88.77,1,4,2021,15,0
2021-04-14,Books,43.0,192.9,0,87.9,2,4,2021,15,0
2021-04-15,Books,42.0,192.9,0,78.09,3,4,2021,15,0
2021-04-16,Books,50.0,192.9,0,90.35,4,4,2021,15,0
2021-04-17,Books,68.0,192.9,0,83.12,5,4,2021,15,0
2021-04-18,Books,61.0,192.9,0,90.39,6,4,2021,15,0
2021-04-19,Books,48.0,192.9,0,82.34,0,4,2021,16,0
2021-04-20,Books,40.0,192.9,0,96.92,1,4,2021,16,0
2021-04-21,Books,40.0,192.9,0,90.47,2,4,2021,16,0
2021-04-22,Books,43.0,192.9,0,98.87,3,4,2021,16,0
2021-04-23,Books,52.0,192.9,0,82.11,4,4,2021,16,0
2021-04-24,Books,,192.9,0,94.72,5,4,2021,16,0
2021-04-25,Books,56.0,192.9,0,77.69,6,4,2021,16,0
2021-04-26,Books,43.0,192.9,0,87.46,0,4,2021,17,0
2021-04-27,Books,40.0,192.9,0,82.98,1,4,2021,17,0
2021-04-28,Books,42.0,192.9,0,83.59,2,4,2021,17,0
2021-04-29,Books,49.0,192.9,0,82.94,3,4,2021,17,0
2021-04-30,Books,45.0,192.9,0,80.63,4,4,2021,17,0
2021-05-01,Books,61.0,192.9,0,78.57,5,5,2021,17,0
2021-05-02,Books,64.0,192.9,0,82.31,6,5,2021,17,0
2021-05-03,Books,44.0,192.9,0,84.75,0,5,2021,18,0
2021-05-04,Books,41.0,192.9,0,89.63,1,5,2021,18,0
2021-05-05,Books,46.0,192.9,0,84.91,2,5,2021,18,0
2021-05-06,Books,42.0,192.9,0,88.89,3,5,2021,18,0
2021-05-07,Books,51.0,192.9,0,75.27,4,5,2021,18,0
2021-05-08,Books,54.0,192.9,0,80.09,5,5,2021,18,0
2021-05-09,Books,49.0,192.9,0,85.4,6,5,2021,18,0
2021-05-10,Books,44.0,192.9,0,83.14,0,5,2021,19,0
2021-05-11,Books,39.0,192.9,0,76.69,1,5,2021,19,0
2021-05-12,Books,43.0,192.9,0,85.23,2,5,2021,19,0
2021-05-13,Books,49.0,192.9,0,77.45,3,5,2021,19,0
2021-05-14,Books,59.0,192.9,0,75.76,4,5,2021,19,0
2021-05-15,Books,59.0,192.9,0,81.62,5,5,2021,19,0
2021-05-16,Books,63.0,192.9,0,78.74,6,5,2021,19,0
2021-05-17,Books,46.0,192.9,0,75.61,0,5,2021,20,0
2021-05-18,Books,42.0,192.9,0,74.95,1,5,2021,20,0
2021-05-19,Books,36.0,192.9,0,71.88,2,5,2021,20,0
2021-05-20,Books,51.0,192.9,0,74.74,3,5,2021,20,0
2021-05-21,Books,47.0,192.9,0,81.71,4,5,2021,20,0
2021-05-22,Books,65.0,192.9,0,76.9,5,5,2021,20,0
2021-05-23,Books,60.0,192.9,0,79.94,6,5,2021,20,0
2021-05-24,Books,41.0,192.9,0,77.19,0,5,2021,21,0
2021-05-25,Books,44.0,192.9,0,71.0,1,5,2021,21,0
2021-05-26,Books,50.0,192.9,0,65.27,2,5,2021,21,0
2021-05-27,Books,51.0,192.9,0,68.32,3,5,2021,21,0
2021-05-28,Books,49.0,192.9,0,69.03,4,5,2021,21,0
2021-05-29,Books,56.0,192.9,0,68.07,5,5,2021,21,0
2021-05-30,Books,58.0,192.9,0,76.13,6,5,2021,21,0
2021-05-31,Books,44.0,192.9,0,75.5,0,5,2021,22,0
2021-06-01,Books,47.0,192.9,0,81.11,1,6,2021,22,0
2021-06-02,Books,45.0,192.9,0,65.63,2,6,2021,22,0
2021-06-03,Books,39.0,192.9,0,76.83,3,6,2021,22,0
2021-06-04,Books,53.0,192.9,0,76.19,4,6,2021,22,0
2021-06-05,Books,58.0,192.9,0,66.46,5,6,2021,22,0
2021-06-06,Books,58.0,192.9,0,69.37,6,6,2021,22,0
2021-06-07,Books,45.0,192.9,0,72.58,0,6,2021,23,0
2021-06-08,Books,47.0,192.9,0,65.45,1,6,2021,23,0
2021-06-09,Books,46.0,192.9,0,64.43,2,6,2021,23,0
2021-06-10,Books,42.0,192.9,0,61.33,3,6,2021,23,0
2021-06-11,Books,51.0,192.9,0,52.02,4,6,2021,23,0
2021-06-12,Books,57.0,192.9,0,63.53,5,6,2021,23,0
2021-06-13,Books,50.0,192.9,0,58.97,6,6,2021,23,0
2021-06-14,Books,44.0,192.9,0,56.49,0,6,2021,24,0
2021-06-15,Books,50.0,192.9,0,63.32,1,6,2021,24,0
2021-06-16,Books,37.0,192.9,0,53.29,2,6,2021,24,0
2021-06-17,Books,45.0,192.9,0,63.91,3,6,2021,24,0
2021-06-18,Books,51.0,192.9,0,61.63,4,6,2021,24,0
2021-06-19,Books,60.0,192.9,0,56.54,5,6,2021,24,0
2021-06-20,Books,53.0,192.9,0,57.55,6,6,2021,24,0
2021-06-21,Books,39.0,192.9,0,51.24,0,6,2021,25,0
2021-06-22,Books,38.0,192.9,0,60.26,1,6,2021,25,0
2021-06-23,Books,47.0,192.9,0,56.77,2,6,2021,25,0
2021-06-24,Books,42.0,192.9,0,56.46,3,6,2021,25,0
2021-06-25,Books,49.0,192.9,0,56.98,4,6,2021,25,0
2021-06-26,Books,69.0,192.9,0,50.57,5,6,2021,25,0
2021-06-27,Books,55.0,192.9,0,45.5,6,6,2021,25,0
2021-06-28,Books,45.0,192.9,0,57.2,0,6,2021,26,0
2021-06-29,Books,47.0,192.9,0,55.16,1,6,2021,26,0
2021-06-30,Books,46.0,192.9,0,48.36,2,6,2021,26,0
2021-07-01,Books,40.0,192.9,0,52.39,3,7,2021,26,0
2021-07-02,Books,49.0,192.9,0,55.95,4,7,2021,26,0
2021-07-03,Books,60.0,192.9,0,54.66,5,7,2021,26,0
2021-07-04,Books,94.0,192.9,0,45.46,6,7,2021,26,1
2021-07-05,Books,42.0,192.9,0,40.15,0,7,2021,27,0
2021-07-06,Books,42.0,192.9,0,40.32,1,7,2021,27,0
2021-07-07,Books,44.0,192.9,0,44.66,2,7,2021,27,0
2021-07-08,Books,47.0,192.9,0,52.85,3,7,2021,27,0
2021-07-09,Books,54.0,192.9,0,41.21,4,7,2021,27,0
2021-07-10,Books,55.0,192.9,0,41.19,5,7,2021,27,0
2021-07-11,Books,55.0,192.9,0,40.4,6,7,2021,27,0
2021-07-12,Books,45.0,192.9,0,40.15,0,7,2021,28,0
2021-07-13,Books,48.0,192.9,0,42.08,1,7,2021,28,0
2021-07-14,Books,42.0,192.9,0,35.06,2,7,2021,28,0
2021-07-15,Books,45.0,192.9,0,46.21,3,7,2021,28,0
2021-07-16,Books,47.0,192.9,0,39.4,4,7,2021,28,0
2021-07-17,Books,68.0,192.9,0,51.85,5,7,2021,28,0
2021-07-18,Books,236.0,192.9,0,32.92,6,7,2021,28,0
2021-07-19,Books,48.0,192.9,0,46.08,0,7,2021,29,0
2021-07-20,Books,43.0,192.9,0,44.43,1,7,2021,29,0
2021-07-21,Books,43.0,192.9,0,34.77,2,7,2021,29,0
2021-07-22,Books,40.0,192.9,0,34.2,3,7,2021,29,0
2021-07-23,Books,43.0,192.9,0,30.92,4,7,2021,29,0
2021-07-24,Books,65.0,192.9,0,30.34,5,7,2021,29,0
2021-07-25,Books,58.0,192.9,0,34.25,6,7,2021,29,0
2021-07-26,Books,45.0,192.9,0,33.73,0,7,2021,30,0
2021-07-27,Books,39.0,192.9,0,24.99,1,7,2021,30,0
2021-07-28,Books,40.0,192.9,0,43.85,2,7,2021,30,0
2021-07-29,Books,49.0,192.9,0,30.47,3,7,2021,30,0
2021-07-30,Books,59.0,192.9,0,31.48,4,7,2021,30,0
2021-07-31,Books,56.0,192.9,0,27.42,5,7,2021,30,0
2021-08-01,Books,61.0,192.9,0,28.62,6,8,2021,30,0
2021-08-02,Books,45.0,192.9,0,27.57,0,8,2021,31,0
2021-08-03,Books,43.0,192.9,0,28.76,1,8,2021,31,0
2021-08-04,Books,49.0,192.9,0,28.12,2,8,2021,31,0
2021-08-05,Books,44.0,192.9,0,31.64,3,8,2021,31,0
2021-08-06,Books,57.0,192.9,0,28.19,4,8,2021,31,0
2021-08-07,Books,61.0,192.9,0,30.01,5,8,2021,31,0
2021-08-08,Books,58.0,192.9,0,25.89,6,8,2021,31,0
2021-08-09,Books,49.0,192.9,0,26.54,0,8,2021,32,0
2021-08-10,Books,44.0,192.9,0,23.64,1,8,2021,32,0
2021-08-11,Books,42.0,192.9,0,29.33,2,8,2021,32,0
2021-08-12,Books,50.0,192.9,0,25.41,3,8,2021,32,0
2021-08-13,Books,57.0,192.9,0,22.49,4,8,2021,32,0
2021-08-14,Books,65.0,192.9,0,21.83,5,8,2021,32,0
2021-08-15,Books,40.0,192.9,0,21.72,6,8,2021,32,0
2021-08-16,Books,46.0,192.9,0,21.93,0,8,2021,33,0
2021-08-17,Books,44.0,192.9,0,21.01,1,8,2021,33,0
2021-08-18,Books,43.0,192.9,0,18.02,2,8,2021,33,0
2021-08-19,Books,47.0,192.9,0,24.18,3,8,2021,33,0
2021-08-20,Books,53.0,192.9,0,24.03,4,8,2021,33,0
2021-08-21,Books,62.0,192.9,0,28.36,5,8,2021,33,0
2021-08-22,Books,57.0,192.9,0,15.99,6,8,2021,33,0
2021-08-23,Books,50.0,192.9,0,21.91,0,8,2021,34,0
2021-08-24,Books,46.0,192.9,0,8.61,1,8,2021,34,0
2021-08-25,Books,45.0,192.9,0,21.89,2,8,2021,34,0
2021-08-26,Books,47.0,192.9,0,10.06,3,8,2021,34,0
2021-08-27,Books,56.0,192.9,0,12.02,4,8,2021,34,0
2021-08-28,Books,64.0,192.9,0,18.22,5,8,2021,34,0
2021-08-29,Books,57.0,192.9,0,13.08,6,8,2021,34,0
2021-08-30,Books,48.0,192.9,0,12.04,0,8,2021,35,0
2021-08-31,Books,44.0,192.9,0,13.05,1,8,2021,35,0
2021-09-01,Books,49.0,192.9,0,18.78,2,9,2021,35,0
2021-09-02,Books,49.0,192.9,0,10.14,3,9,2021,35,0
2021-09-03,Books,49.0,192.9,0,14.21,4,9,2021,35,0
2021-09-04,Books,70.0,192.9,0,12.27,5,9,2021,35,0
2021-09-05,Books,48.0,192.9,0,17.97,6,9,2021,35,0
2021-09-06,Books,46.0,192.9,0,17.82,0,9,2021,36,0
2021-09-07,Books,41.0,192.9,0,4.12,1,9,2021,36,0
2021-09-08,Books,49.0,192.9,0,18.25,2,9,2021,36,0
2021-09-09,Books,46.0,192.9,0,9.72,3,9,2021,36,0
2021-09-10,Books,48.0,192.9,0,13.71,4,9,2021,36,0
2021-09-11,Books,58.0,192.9,0,7.6,5,9,2021,36,0
2021-09-12,Books,55.0,192.9,0,13.92,6,9,2021,36,0
2021-09-13,Books,43.0,192.9,0,24.61,0,9,2021,37,0
2021-09-14,Books,42.0,192.9,0,12.29,1,9,2021,37,0
2021-09-15,Books,40.0,192.9,0,9.16,2,9,2021,37,0
2021-09-16,Books,46.0,192.9,0,10.12,3,9,2021,37,0
2021-09-17,Books,53.0,192.9,0,3.77,4,9,2021,37,0
2021-09-18,Books,54.0,192.9,0,18.2,5,9,2021,37,0
2021-09-19,Books,50.0,192.9,0,12.38,6,9,2021,37,0
2021-09-20,Books,45.0,192.9,0,5.44,0,9,2021,38,0
2021-09-21,Books,45.0,192.9,0,5.48,1,9,2021,38,0
2021-09-22,Books,45.0,192.9,0,10.53,2,9,2021,38,0
2021-09-23,Books,47.0,192.9,0,15.02,3,9,2021,38,0
2021-09-24,Books,58.0,192.9,0,4.51,4,9,2021,38,0
2021-09-25,Books,64.0,192.9,0,15.76,5,9,2021,38,0
2021-09-26,Books,70.0,192.9,0,9.68,6,9,2021,38,0
2021-09-27,Books,55.0,192.9,0,5.43,0,9,2021,39,0
2021-09-28,Books,37.0,192.9,0,7.71,1,9,2021,39,0
2021-09-29,Books,35.0,192.9,0,18.76,2,9,2021,39,0
2021-09-30,Books,45.0,192.9,0,3.06,3,9,2021,39,0
2021-10-01,Books,54.0,192.9,0,6.34,4,10,2021,39,0
2021-10-02,Books,59.0,192.9,0,14.77,5,10,2021,39,0
2021-10-03,Books,61.0,192.9,0,11.11,6,10,2021,39,0
2021-10-04,Books,43.0,192.9,0,6.11,0,10,2021,40,0
2021-10-05,Books,41.0,192.9,0,14.93,1,10,2021,40,0
2021-10-06,Books,41.0,192.9,0,15.22,2,10,2021,40,0
2021-10-07,Books,45.0,192.9,0,11.89,3,10,2021,40,0
2021-10-08,Books,55.0,192.9,0,7.25,4,10,2021,40,0
2021-10-09,Books,57.0,192.9,0,8.11,5,10,2021,40,0
2021-10-10,Books,57.0,192.9,0,11.93,6,10,2021,40,0
2021-10-11,Books,46.0,192.9,0,4.06,0,10,2021,41,0
2021-10-12,Books,43.0,192.9,0,17.39,1,10,2021,41,0
2021-10-13,Books,74.0,168.86,1,19.39,2,10,2021,41,0
2021-10-14,Books,66.0,168.86,1,9.86,3,10,2021,41,0
2021-10-15,Books,74.0,168.86,1,12.98,4,10,2021,41,0
2021-10-16,Books,96.0,168.86,1,17.3,5,10,2021,41,0
2021-10-17,Books,95.0,168.86,1,21.33,6,10,2021,41,0
2021-10-18,Books,65.0,168.86,1,19.54,0,10,2021,42,0
2021-10-19,Books,76.0,168.86,1,3.28,1,10,2021,42,0
2021-10-20,Books,49.0,192.9,0,10.6,2,10,2021,42,0
2021-10-21,Books,43.0,192.9,0,14.91,3,10,2021,42,0
2021-10-22,Books,58.0,192.9,0,10.18,4,10,2021,42,0
2021-10-23,Books,48.0,192.9,0,21.81,5,10,2021,42,0
2021-10-24,Books,63.0,192.9,0,21.31,6,10,2021,42,0
2021-10-25,Books,41.0,192.9,0,9.36,0,10,2021,43,0
2021-10-26,Books,47.0,192.9,0,12.91,1,10,2021,43,0
2021-10-27,Books,39.0,192.9,0,10.27,2,10,2021,43,0
2021-10-28,Books,45.0,192.9,0,13.35,3,10,2021,43,0
2021-10-29,Books,48.0,192.9,0,13.51,4,10,2021,43,0
2021-10-30,Books,58.0,192.9,0,19.74,5,10,2021,43,0
2021-10-31,Books,100.0,192.9,0,10.86,6,10,2021,43,1
2021-11-01,Books,44.0,192.9,0,2.57,0,11,2021,44,0
2021-11-02,Books,51.0,192.9,0,7.98,1,11,2021,44,0
2021-11-03,Books,41.0,192.9,0,11.23,2,11,2021,44,0
2021-11-04,Books,51.0,192.9,0,13.47,3,11,2021,44,0
2021-11-05,Books,45.0,192.9,0,18.08,4,11,2021,44,0
2021-11-06,Books,58.0,192.9,0,12.14,5,11,2021,44,0
2021-11-07,Books,56.0,192.9,0,11.89,6,11,2021,44,0
2021-11-08,Books,50.0,192.9,0,13.71,0,11,2021,45,0
2021-11-09,Books,44.0,192.9,0,13.21,1,11,2021,45,0
2021-11-10,Books,36.0,192.9,0,16.45,2,11,2021,45,0
2021-11-11,Books,41.0,192.9,0,16.68,3,11,2021,45,0
2021-11-12,Books,47.0,192.9,0,23.57,4,11,2021,45,0
2021-11-13,Books,63.0,192.9,0,15.64,5,11,2021,45,0
2021-11-14,Books,62.0,192.9,0,19.27,6,11,2021,45,0
2021-11-15,Books,43.0,192.9,0,18.81,0,11,2021,46,0
2021-11-16,Books,41.0,192.9,0,26.07,1,11,2021,46,0
2021-11-17,Books,45.0,192.9,0,21.75,2,11,2021,46,0
2021-11-18,Books,41.0,192.9,0,28.28,3,11,2021,46,0
2021-11-19,Books,54.0,192.9,0,17.77,4,11,2021,46,0
2021-11-20,Books,61.0,192.9,0,23.81,5,11,2021,46,0
2021-11-21,Books,57.0,192.9,0,21.7,6,11,2021,46,0
2021-11-22,Books,46.0,192.9,0,18.99,0,11,2021,47,0
2021-11-23,Books,44.0,192.9,0,25.32,1,11,2021,47,0
2021-11-24,Books,45.0,192.9,0,34.88,2,11,2021,47,0
2021-11-25,Books,89.0,192.9,0,22.5,3,11,2021,47,1
2021-11-26,Books,163.0,192.9,0,26.69,4,11,2021,47,1
2021-11-27,Books,64.0,192.9,0,21.34,5,11,2021,47,0
2021-11-28,Books,60.0,192.9,0,21.18,6,11,2021,47,0
2021-11-29,Books,46.0,192.9,0,25.13,0,11,2021,48,0
2021-11-30,Books,43.0,192.9,0,27.4,1,11,2021,48,0
2021-12-01,Books,46.0,192.9,0,28.22,2,12,2021,48,0
2021-12-02,Books,46.0,192.9,0,29.72,3,12,2021,48,0
2021-12-03,Books,47.0,192.9,0,23.22,4,12,2021,48,0
2021-12-04,Books,63.0,192.9,0,28.94,5,12,2021,48,0
2021-12-05,Books,50.0,192.9,0,35.2,6,12,2021,48,0
2021-12-06,Books,45.0,192.9,0,26.52,0,12,2021,49,0
2021-12-07,Books,42.0,192.9,0,32.16,1,12,2021,49,0
2021-12-08,Books,41.0,192.9,0,36.04,2,12,2021,49,0
2021-12-09,Books,46.0,192.9,0,31.3,3,12,2021,49,0
2021-12-10,Books,49.0,192.9,0,37.56,4,12,2021,49,0
2021-12-11,Books,61.0,192.9,0,28.89,5,12,2021,49,0
2021-12-12,Books,58.0,192.9,0,41.59,6,12,2021,49,0
2021-12-13,Books,42.0,192.9,0,39.63,0,12,2021,50,0
2021-12-14,Books,48.0,192.9,0,38.74,1,12,2021,50,0
2021-12-15,Books,44.0,192.9,0,44.75,2,12,2021,50,0
2021-12-16,Books,48.0,192.9,0,38.14,3,12,2021,50,0
2021-12-17,Books,58.0,192.9,0,37.36,4,12,2021,50,0
2021-12-18,Books,66.0,192.9,0,47.99,5,12,2021,50,0
2021-12-19,Books,61.0,192.9,0,51.0,6,12,2021,50,0
2021-12-20,Books,43.0,192.9,0,39.0,0,12,2021,51,0
2021-12-21,Books,38.0,192.9,0,42.58,1,12,2021,51,0
2021-12-22,Books,44.0,192.9,0,49.05,2,12,2021,51,0
2021-12-23,Books,49.0,192.9,0,44.12,3,12,2021,51,0
2021-12-24,Books,53.0,192.9,0,48.16,4,12,2021,51,0
2021-12-25,Books,107.0,192.9,0,49.78,5,12,2021,51,1
2021-12-26,Books,112.0,192.9,0,43.75,6,12,2021,51,1
2021-12-27,Books,48.0,192.9,0,49.34,0,12,2021,52,0
2021-12-28,Books,42.0,192.9,0,47.9,1,12,2021,52,0
2021-12-29,Books,46.0,192.9,0,42.54,2,12,2021,52,0
2021-12-30,Books,48.0,192.9,0,44.36,3,12,2021,52,0
2021-12-31,Books,78.0,192.9,0,46.74,4,12,2021,52,1
2022-01-01,Books,117.0,192.9,0,55.33,5,1,2022,52,1
2022-01-02,Books,52.0,192.9,0,56.18,6,1,2022,52,0
2022-01-03,Books,44.0,192.9,0,55.81,0,1,2022,1,0
2022-01-04,Books,43.0,192.9,0,54.95,1,1,2022,1,0
2022-01-05,Books,40.0,192.9,0,55.5,2,1,2022,1,0
2022-01-06,Books,46.0,192.9,0,55.51,3,1,2022,1,0
2022-01-07,Books,57.0,192.9,0,56.85,4,1,2022,1,0
2022-01-08,Books,65.0,192.9,0,57.87,5,1,2022,1,0
2022-01-09,Books,61.0,192.9,0,49.15,6,1,2022,1,0
2022-01-10,Books,38.0,192.9,0,52.9,0,1,2022,2,0
2022-01-11,Books,39.0,192.9,0,52.38,1,1,2022,2,0
2022-01-12,Books,43.0,192.9,0,63.74,2,1,2022,2,0
2022-01-13,Books,45.0,192.9,0,67.15,3,1,2022,2,0
2022-01-14,Books,50.0,192.9,0,48.7,4,1,2022,2,0
2022-01-15,Books,68.0,192.9,0,68.04,5,1,2022,2,0
2022-01-16,Books,59.0,192.9,0,61.31,6,1,2022,2,0
2022-01-17,Books,46.0,192.9,0,66.6,0,1,2022,3,0
2022-01-18,Books,47.0,192.9,0,64.73,1,1,2022,3,0
2022-01-19,Books,43.0,192.9,0,70.05,2,1,2022,3,0
2022-01-20,Books,55.0,192.9,0,64.55,3,1,2022,3,0
2022-01-21,Books,48.0,192.9,0,57.33,4,1,2022,3,0
2022-01-22,Books,56.0,192.9,0,64.26,5,1,2022,3,0
2022-01-23,Books,54.0,192.9,0,68.0,6,1,2022,3,0
2022-01-24,Books,50.0,192.9,0,64.98,0,1,2022,4,0
2022-01-25,Books,74.0,167.44,1,69.98,1,1,2022,4,0
2022-01-26,Books,66.0,167.44,1,66.98,2,1,2022,4,0
2022-01-27,Books,67.0,167.44,1,64.95,3,1,2022,4,0
2022-01-28,Books,,167.44,1,63.11,4,1,2022,4,0
2022-01-29,Books,97.0,167.44,1,67.19,5,1,2022,4,0
2022-01-30,Books,103.0,167.44,1,70.77,6,1,2022,4,0
2022-01-31,Books,71.0,167.44,1,60.55,0,1,2022,5,0
2022-02-01,Books,45.0,192.9,0,67.04,1,2,2022,5,0
2022-02-02,Books,44.0,192.9,0,61.54,2,2,2022,5,0
2022-02-03,Books,43.0,192.9,0,69.01,3,2,2022,5,0
2022-02-04,Books,51.0,192.9,0,78.65,4,2,2022,5,0
2022-02-05,Books,54.0,192.9,0,67.3,5,2,2022,5,0
2022-02-06,Books,60.0,192.9,0,77.3,6,2,2022,5,0
2022-02-07,Books,47.0,192.9,0,88.58,0,2,2022,6,0
2022-02-08,Books,47.0,192.9,0,82.15,1,2,2022,6,0
2022-02-09,Books,45.0,192.9,0,76.08,2,2,2022,6,0
2022-02-10,Books,45.0,192.9,0,80.24,3,2,2022,6,0
2022-02-11,Books,58.0,192.9,0,69.62,4,2,2022,6,0
2022-02-12,Books,63.0,192.9,0,69.11,5,2,2022,6,0
2022-02-13,Books,65.0,192.9,0,77.63,6,2,2022,6,0
2022-02-14,Books,79.0,192.9,0,79.97,0,2,2022,7,1
2022-02-15,Books,43.0,192.9,0,83.94,1,2,2022,7,0
2022-02-16,Books,44.0,192.9,0,76.1,2,2,2022,7,0
2022-02-17,Books,48.0,192.9,0,80.38,3,2,2022,7,0
2022-02-18,Books,47.0,192.9,0,80.67,4,2,2022,7,0
2022-02-19,Books,54.0,192.9,0,79.68,5,2,2022,7,0
2022-02-20,Books,52.0,192.9,0,80.41,6,2,2022,7,0
2022-02-21,Books,44.0,192.9,0,76.94,0,2,2022,8,0
2022-02-22,Books,42.0,192.9,0,83.04,1,2,2022,8,0
2022-02-23,Books,38.0,192.9,0,83.03,2,2,2022,8,0
2022-02-24,Books,46.0,192.9,0,80.26,3,2,2022,8,0
2022-02-25,Books,51.0,192.9,0,86.19,4,2,2022,8,0
2022-02-26,Books,65.0,192.9,0,88.39,5,2,2022,8,0
2022-02-27,Books,67.0,192.9,0,87.01,6,2,2022,8,0
2022-02-28,Books,46.0,192.9,0,78.78,0,2,2022,9,0
2022-03-01,Books,41.0,192.9,0,84.85,1,3,2022,9,0
2022-03-02,Books,45.0,192.9,0,80.14,2,3,2022,9,0
2022-03-03,Books,45.0,192.9,0,85.52,3,3,2022,9,0
2022-03-04,Books,51.0,192.9,0,80.83,4,3,2022,9,0
2022-03-05,Books,55.0,192.9,0,92.07,5,3,2022,9,0
2022-03-06,Books,56.0,192.9,0,89.9,6,3,2022,9,0
2022-03-07,Books,44.0,192.9,0,92.05,0,3,2022,10,0
2022-03-08,Books,46.0,192.9,0,91.82,1,3,2022,10,0
2022-03-09,Books,45.0,192.9,0,85.49,2,3,2022,10,0
2022-03-10,Books,52.0,192.9,0,84.97,3,3,2022,10,0
2022-03-11,Books,55.0,192.9,0,96.06,4,3,2022,10,0
2022-03-12,Books,61.0,192.9,0,86.77,5,3,2022,10,0
2022-03-13,Books,57.0,192.9,0,81.05,6,3,2022,10,0
2022-03-14,Books,41.0,192.9,0,93.08,0,3,2022,11,0
2022-03-15,Books,41.0,192.9,0,88.97,1,3,2022,11,0
2022-03-16,Books,40.0,192.9,0,95.97,2,3,2022,11,0
2022-03-17,Books,36.0,192.9,0,89.84,3,3,2022,11,0
2022-03-18,Books,48.0,192.9,0,88.7,4,3,2022,11,0
2022-03-19,Books,67.0,192.9,0,96.59,5,3,2022,11,0
2022-03-20,Books,60.0,192.9,0,81.42,6,3,2022,11,0
2022-03-21,Books,43.0,192.9,0,86.33,0,3,2022,12,0
2022-03-22,Books,45.0,192.9,0,84.94,1,3,2022,12,0
2022-03-23,Books,36.0,192.9,0,78.52,2,3,2022,12,0
2022-03-24,Books,90.0,142.19,1,93.96,3,3,2022,12,0
2022-03-25,Books,111.0,142.19,1,86.9,4,3,2022,12,0
2022-03-26,Books,114.0,142.19,1,94.3,5,3,2022,12,0
2022-03-27,Books,97.0,142.19,1,91.78,6,3,2022,12,0
2022-03-28,Books,83.0,142.19,1,92.93,0,3,2022,13,0
2022-03-29,Books,93.0,142.19,1,87.66,1,3,2022,13,0
2022-03-30,Books,44.0,192.9,0,86.15,2,3,2022,13,0
2022-03-31,Books,40.0,192.9,0,90.44,3,3,2022,13,0
2022-04-01,Books,62.0,192.9,0,94.6,4,4,2022,13,0
2022-04-02,Books,53.0,192.9,0,89.74,5,4,2022,13,0
2022-04-03,Books,57.0,192.9,0,86.47,6,4,2022,13,0
2022-04-04,Books,41.0,192.9,0,83.96,0,4,2022,14,0
2022-04-05,Books,40.0,192.9,0,90.94,1,4,2022,14,0
2022-04-06,Books,41.0,192.9,0,87.1,2,4,2022,14,0
2022-04-07,Books,48.0,192.9,0,89.45,3,4,2022,14,0
2022-04-08,Books,57.0,192.9,0,88.54,4,4,2022,14,0
2022-04-09,Books,57.0,192.9,0,87.42,5,4,2022,14,0
2022-04-10,Books,53.0,192.9,0,91.02,6,4,2022,14,0
2022-04-11,Books,46.0,192.9,0,92.21,0,4,2022,15,0
2022-04-12,Books,45.0,192.9,0,99.14,1,4,2022,15,0
2022-04-13,Books,44.0,192.9,0,92.97,2,4,2022,15,0
2022-04-14,Books,46.0,192.9,0,97.01,3,4,2022,15,0
2022-04-15,Books,51.0,192.9,0,84.79,4,4,2022,15,0
2022-04-16,Books,60.0,192.9,0,80.71,5,4,2022,15,0
2022-04-17,Books,57.0,192.9,0,88.47,6,4,2022,15,0
2022-04-18,Books,48.0,192.9,0,92.64,0,4,2022,16,0
2022-04-19,Books,51.0,192.9,0,91.65,1,4,2022,16,0
2022-04-20,Books,44.0,192.9,0,93.99,2,4,2022,16,0
2022-04-21,Books,45.0,192.9,0,75.03,3,4,2022,16,0
2022-04-22,Books,53.0,192.9,0,93.74,4,4,2022,16,0
2022-04-23,Books,56.0,192.9,0,88.91,5,4,2022,16,0
2022-04-24,Books,62.0,192.9,0,79.25,6,4,2022,16,0
2022-04-25,Books,46.0,192.9,0,90.32,0,4,2022,17,0
2022-04-26,Books,42.0,192.9,0,87.27,1,4,2022,17,0
2022-04-27,Books,46.0,192.9,0,88.04,2,4,2022,17,0
2022-04-28,Books,45.0,192.9,0,90.83,3,4,2022,17,0
2022-04-29,Books,48.0,192.9,0,87.67,4,4,2022,17,0
2022-04-30,Books,61.0,192.9,0,77.84,5,4,2022,17,0
2022-05-01,Books,59.0,192.9,0,84.15,6,5,2022,17,0
2022-05-02,Books,48.0,192.9,0,76.44,0,5,2022,18,0
2022-05-03,Books,46.0,192.9,0,87.42,1,5,2022,18,0
2022-05-04,Books,43.0,192.9,0,90.8,2,5,2022,18,0
2022-05-05,Books,44.0,192.9,0,77.23,3,5,2022,18,0
2022-05-06,Books,52.0,192.9,0,79.7,4,5,2022,18,0
2022-05-07,Books,61.0,192.9,0,78.25,5,5,2022,18,0
2022-05-08,Books,60.0,192.9,0,79.99,6,5,2022,18,0
2022-05-09,Books,45.0,192.9,0,83.91,0,5,2022,19,0
2022-05-10,Books,43.0,192.9,0,79.21,1,5,2022,19,0
2022-05-11,Books,46.0,192.9,0,84.26,2,5,2022,19,0
2022-05-12,Books,43.0,192.9,0,85.88,3,5,2022,19,0
2022-05-13,Books,62.0,192.9,0,85.62,4,5,2022,19,0
2022-05-14,Books,63.0,192.9,0,74.06,5,5,2022,19,0
2022-05-15,Books,53.0,192.9,0,86.11,6,5,2022,19,0
2022-05-16,Books,45.0,192.9,0,86.04,0,5,2022,20,0
2022-05-17,Books,46.0,192.9,0,85.99,1,5,2022,20,0
2022-05-18,Books,42.0,192.9,0,76.94,2,5,2022,20,0
2022-05-19,Books,40.0,192.9,0,73.47,3,5,2022,20,0
2022-05-20,Books,47.0,192.9,0,71.8,4,5,2022,20,0
2022-05-21,Books,62.0,192.9,0,70.7,5,5,2022,20,0
2022-05-22,Books,50.0,192.9,0,75.74,6,5,2022,20,0
2022-05-23,Books,39.0,192.9,0,79.39,0,5,2022,21,0
2022-05-24,Books,45.0,192.9,0,81.14,1,5,2022,21,0
2022-05-25,Books,42.0,192.9,0,71.64,2,5,2022,21,0
2022-05-26,Books,43.0,192.9,0,73.32,3,5,2022,21,0
2022-05-27,Books,50.0,192.9,0,72.43,4,5,2022,21,0
2022-05-28,Books,52.0,192.9,0,69.21,5,5,2022,21,0
2022-05-29,Books,60.0,192.9,0,75.49,6,5,2022,21,0
2022-05-30,Books,42.0,192.9,0,73.04,0,5,2022,22,0
2022-05-31,Books,42.0,192.9,0,71.35,1,5,2022,22,0
2022-06-01,Books,44.0,192.9,0,71.84,2,6,2022,22,0
2022-06-02,Books,44.0,192.9,0,72.53,3,6,2022,22,0
2022-06-03,Books,49.0,192.9,0,71.87,4,6,2022,22,0
2022-06-04,Books,50.0,192.9,0,64.04,5,6,2022,22,0
2022-06-05,Books,60.0,192.9,0,72.1,6,6,2022,22,0
2022-06-06,Books,45.0,192.9,0,68.28,0,6,2022,23,0
2022-06-07,Books,42.0,192.9,0,64.2,1,6,2022,23,0
2022-06-08,Books,39.0,192.9,0,66.91,2,6,2022,23,0
2022-06-09,Books,45.0,192.9,0,66.83,3,6,2022,23,0
2022-06-10,Books,54.0,192.9,0,69.88,4,6,2022,23,0
2022-06-11,Books,60.0,192.9,0,58.59,5,6,2022,23,0
2022-06-12,Books,66.0,192.9,0,69.8,6,6,2022,23,0
2022-06-13,Books,47.0,192.9,0,62.64,0,6,2022,24,0
2022-06-14,Books,43.0,192.9,0,59.34,1,6,2022,24,0
2022-06-15,Books,45.0,192.9,0,58.53,2,6,2022,24,0
2022-06-16,Books,46.0,192.9,0,55.54,3,6,2022,24,0
2022-06-17,Books,52.0,192.9,0,51.18,4,6,2022,24,0
2022-06-18,Books,65.0,192.9,0,62.6,5,6,2022,24,0
2022-06-19,Books,103.0,144.48,1,68.45,6,6,2022,24,0
2022-06-20,Books,85.0,144.48,1,49.78,0,6,2022,25,0
2022-06-21,Books,91.0,144.48,1,52.44,1,6,2022,25,0
2022-06-22,Books,84.0,144.48,1,60.27,2,6,2022,25,0
2022-06-23,Books,44.0,192.9,0,55.6,3,6,2022,25,0
2022-06-24,Books,45.0,192.9,0,59.32,4,6,2022,25,0
2022-06-25,Books,48.0,192.9,0,53.96,5,6,2022,25,0
2022-06-26,Books,68.0,192.9,0,50.88,6,6,2022,25,0
2022-06-27,Books,46.0,192.9,0,51.97,0,6,2022,26,0
2022-06-28,Books,78.0,145.4,1,40.5,1,6,2022,26,0
2022-06-29,Books,84.0,145.4,1,46.0,2,6,2022,26,0
2022-06-30,Books,80.0,145.4,1,55.77,3,6,2022,26,0
2022-07-01,Books,96.0,145.4,1,56.3,4,7,2022,26,0
2022-07-02,Books,104.0,145.4,1,56.69,5,7,2022,26,0
2022-07-03,Books,52.0,192.9,0,51.17,6,7,2022,26,0
2022-07-04,Books,52.0,192.9,0,37.0,0,7,2022,27,1
2022-07-05,Books,38.0,192.9,0,44.42,1,7,2022,27,0
2022-07-06,Books,46.0,192.9,0,53.53,2,7,2022,27,0
2022-07-07,Books,42.0,192.9,0,54.33,3,7,2022,27,0
2022-07-08,Books,54.0,192.9,0,52.35,4,7,2022,27,0
2022-07-09,Books,64.0,192.9,0,43.67,5,7,2022,27,0
2022-07-10,Books,58.0,192.9,0,37.64,6,7,2022,27,0
2022-07-11,Books,43.0,192.9,0,43.28,0,7,2022,28,0
2022-07-12,Books,7.7,154.65,1,42.88,1,7,2022,28,0
2022-07-13,Books,73.0,154.65,1,49.96,2,7,2022,28,0
2022-07-14,Books,88.0,154.65,1,42.6,3,7,2022,28,0
2022-07-15,Books,60.0,192.9,0,40.87,4,7,2022,28,0
2022-07-16,Books,66.0,192.9,0,40.49,5,7,2022,28,0
2022-07-17,Books,48.0,192.9,0,41.45,6,7,2022,28,0
2022-07-18,Books,43.0,192.9,0,41.92,0,7,2022,29,0
2022-07-19,Books,43.0,192.9,0,34.51,1,7,2022,29,0
2022-07-20,Books,45.0,192.9,0,32.19,2,7,2022,29,0
2022-07-21,Books,39.0,192.9,0,43.68,3,7,2022,29,0
2022-07-22,Books,45.0,192.9,0,27.97,4,7,2022,29,0
2022-07-23,Books,65.0,192.9,0,43.72,5,7,2022,29,0
2022-07-24,Books,56.0,192.9,0,25.34,6,7,2022,29,0
2022-07-25,Books,156.0,192.9,0,31.33,0,7,2022,30,0
2022-07-26,Books,40.0,192.9,0,38.49,1,7,2022,30,0
2022-07-27,Books,44.0,192.9,0,33.0,2,7,2022,30,0
2022-07-28,Books,42.0,192.9,0,25.8,3,7,2022,30,0
2022-07-29,Books,53.0,192.9,0,33.9,4,7,2022,30,0
2022-07-30,Books,55.0,192.9,0,31.49,5,7,2022,30,0
2022-07-31,Books,50.0,192.9,0,29.47,6,7,2022,30,0
2022-08-01,Books,49.0,192.9,0,26.83,0,8,2022,31,0
2022-08-02,Books,45.0,192.9,0,29.18,1,8,2022,31,0
2022-08-03,Books,42.0,192.9,0,25.86,2,8,2022,31,0
2022-08-04,Books,44.0,192.9,0,40.36,3,8,2022,31,0
2022-08-05,Books,58.0,192.9,0,26.42,4,8,2022,31,0
2022-08-06,Books,62.0,192.9,0,25.18,5,8,2022,31,0
2022-08-07,Books,64.0,192.9,0,23.78,6,8,2022,31,0
2022-08-08,Books,42.0,192.9,0,34.82,0,8,2022,32,0
2022-08-09,Books,44.0,192.9,0,17.19,1,8,2022,32,0
2022-08-10,Books,44.0,192.9,0,26.65,2,8,2022,32,0
2022-08-11,Books,43.0,192.9,0,23.12,3,8,2022,32,0
2022-08-12,Books,51.0,192.9,0,16.68,4,8,2022,32,0
2022-08-13,Books,56.0,192.9,0,19.18,5,8,2022,32,0
2022-08-14,Books,60.0,192.9,0,24.35,6,8,2022,32,0
2022-08-15,Books,40.0,192.9,0,17.95,0,8,2022,33,0
2022-08-16,Books,45.0,192.9,0,23.07,1,8,2022,33,0
2022-08-17,Books,44.0,192.9,0,29.94,2,8,2022,33,0
2022-08-18,Books,45.0,192.9,0,21.67,3,8,2022,33,0
2022-08-19,Books,54.0,192.9,0,13.08,4,8,2022,33,0
2022-08-20,Books,58.0,192.9,0,15.66,5,8,2022,33,0
2022-08-21,Books,55.0,192.9,0,18.02,6,8,2022,33,0
2022-08-22,Books,46.0,192.9,0,17.24,0,8,2022,34,0
2022-08-23,Books,46.0,192.9,0,19.33,1,8,2022,34,0
2022-08-24,Books,41.0,192.9,0,19.71,2,8,2022,34,0
2022-08-25,Books,43.0,192.9,0,26.39,3,8,2022,34,0
2022-08-26,Books,51.0,192.9,0,17.32,4,8,2022,34,0
2022-08-27,Books,57.0,192.9,0,11.18,5,8,2022,34,0
2022-08-28,Books,65.0,192.9,0,22.33,6,8,2022,34,0
2022-08-29,Books,46.0,192.9,0,22.51,0,8,2022,35,0
2022-08-30,Books,44.0,192.9,0,16.99,1,8,2022,35,0
2022-08-31,Books,40.0,192.9,0,14.24,2,8,2022,35,0
2022-09-01,Books,48.0,192.9,0,18.24,3,9,2022,35,0
2022-09-02,Books,49.0,192.9,0,13.74,4,9,2022,35,0
2022-09-03,Books,56.0,192.9,0,4.2,5,9,2022,35,0
2022-09-04,Books,62.0,192.9,0,16.98,6,9,2022,35,0
2022-09-05,Books,46.0,192.9,0,18.33,0,9,2022,36,0
2022-09-06,Books,35.0,192.9,0,20.78,1,9,2022,36,0
2022-09-07,Books,42.0,192.9,0,9.64,2,9,2022,36,0
2022-09-08,Books,46.0,192.9,0,14.16,3,9,2022,36,0
2022-09-09,Books,50.0,192.9,0,14.01,4,9,2022,36,0
2022-09-10,Books,60.0,192.9,0,12.95,5,9,2022,36,0
2022-09-11,Books,50.0,192.9,0,12.86,6,9,2022,36,0
2022-09-12,Books,34.0,192.9,0,12.25,0,9,2022,37,0
2022-09-13,Books,40.0,192.9,0,12.91,1,9,2022,37,0
2022-09-14,Books,44.0,192.9,0,15.35,2,9,2022,37,0
2022-09-15,Books,34.0,192.9,0,17.56,3,9,2022,37,0
2022-09-16,Books,48.0,192.9,0,7.5,4,9,2022,37,0
2022-09-17,Books,50.0,192.9,0,10.25,5,9,2022,37,0
2022-09-18,Books,57.0,192.9,0,8.85,6,9,2022,37,0
2022-09-19,Books,51.0,192.9,0,7.99,0,9,2022,38,0
2022-09-20,Books,43.0,192.9,0,2.6,1,9,2022,38,0
2022-09-21,Books,43.0,192.9,0,10.68,2,9,2022,38,0
2022-09-22,Books,49.0,192.9,0,12.85,3,9,2022,38,0
2022-09-23,Books,52.0,192.9,0,9.58,4,9,2022,38,0
2022-09-24,Books,58.0,192.9,0,10.22,5,9,2022,38,0
2022-09-25,Books,63.0,192.9,0,12.29,6,9,2022,38,0
2022-09-26,Books,46.0,192.9,0,17.19,0,9,2022,39,0
2022-09-27,Books,44.0,192.9,0,7.98,1,9,2022,39,0
2022-09-28,Books,43.0,192.9,0,4.19,2,9,2022,39,0
2022-09-29,Books,44.0,192.9,0,9.57,3,9,2022,39,0
2022-09-30,Books,56.0,192.9,0,19.42,4,9,2022,39,0
2022-10-01,Books,58.0,192.9,0,4.2,5,10,2022,39,0
2022-10-02,Books,64.0,192.9,0,13.26,6,10,2022,39,0
2022-10-03,Books,41.0,192.9,0,15.82,0,10,2022,40,0
2022-10-04,Books,48.0,192.9,0,-1.77,1,10,2022,40,0
2022-10-05,Books,45.0,192.9,0,12.16,2,10,2022,40,0
2022-10-06,Books,42.0,192.9,0,13.18,3,10,2022,40,0
2022-10-07,Books,54.0,192.9,0,8.89,4,10,2022,40,0
2022-10-08,Books,56.0,192.9,0,7.08,5,10,2022,40,0
2022-10-09,Books,58.0,192.9,0,7.45,6,10,2022,40,0
2022-10-10,Books,43.0,192.9,0,8.86,0,10,2022,41,0
2022-10-11,Books,43.0,192.9,0,9.11,1,10,2022,41,0
2022-10-12,Books,46.0,192.9,0,8.29,2,10,2022,41,0
2022-10-13,Books,47.0,192.9,0,9.16,3,10,2022,41,0
2022-10-14,Books,47.0,192.9,0,16.99,4,10,2022,41,0
2022-10-15,Books,54.0,192.9,0,5.13,5,10,2022,41,0
2022-10-16,Books,60.0,192.9,0,2.63,6,10,2022,41,0
2022-10-17,Books,46.0,192.9,0,17.59,0,10,2022,42,0
2022-10-18,Books,41.0,192.9,0,10.79,1,10,2022,42,0
2022-10-19,Books,48.0,192.9,0,10.02,2,10,2022,42,0
2022-10-20,Books,48.0,192.9,0,11.62,3,10,2022,42,0
2022-10-21,Books,49.0,192.9,0,13.45,4,10,2022,42,0
2022-10-22,Books,56.0,192.9,0,10.03,5,10,2022,42,0
2022-10-23,Books,57.0,192.9,0,15.43,6,10,2022,42,0
2022-10-24,Books,43.0,192.9,0,8.35,0,10,2022,43,0
2022-10-25,Books,48.0,192.9,0,11.93,1,10,2022,43,0
2022-10-26,Books,46.0,192.9,0,2.65,2,10,2022,43,0
2022-10-27,Books,46.0,192.9,0,19.88,3,10,2022,43,0
2022-10-28,Books,55.0,192.9,0,13.44,4,10,2022,43,0
2022-10-29,Books,63.0,192.9,0,17.99,5,10,2022,43,0
2022-10-30,Books,59.0,192.9,0,17.35,6,10,2022,43,0
2022-10-31,Books,69.0,192.9,0,18.05,0,10,2022,44,1
2022-11-01,Books,46.0,192.9,0,15.61,1,11,2022,44,0
2022-11-02,Books,45.0,192.9,0,17.95,2,11,2022,44,0
2022-11-03,Books,43.0,192.9,0,11.57,3,11,2022,44,0
2022-11-04,Books,49.0,192.9,0,10.9,4,11,2022,44,0
2022-11-05,Books,58.0,192.9,0,16.64,5,11,2022,44,0
2022-11-06,Books,55.0,192.9,0,14.14,6,11,2022,44,0
2022-11-07,Books,39.0,192.9,0,25.07,0,11,2022,45,0
2022-11-08,Books,46.0,192.9,0,20.24,1,11,2022,45,0
2022-11-09,Books,44.0,192.9,0,15.21,2,11,2022,45,0
2022-11-10,Books,41.0,192.9,0,17.87,3,11,2022,45,0
2022-11-11,Books,51.0,192.9,0,20.33,4,11,2022,45,0
2022-11-12,Books,58.0,192.9,0,19.78,5,11,2022,45,0
2022-11-13,Books,59.0,192.9,0,21.94,6,11,2022,45,0
2022-11-14,Books,41.0,192.9,0,21.4,0,11,2022,46,0
2022-11-15,Books,39.0,192.9,0,14.58,1,11,2022,46,0
2022-11-16,Books,45.0,192.9,0,11.27,2,11,2022,46,0
2022-11-17,Books,40.0,192.9,0,20.65,3,11,2022,46,0
2022-11-18,Books,51.0,192.9,0,25.82,4,11,2022,46,0
2022-11-19,Books,58.0,192.9,0,21.72,5,11,2022,46,0
2022-11-20,Books,58.0,192.9,0,30.24,6,11,2022,46,0
2022-11-21,Books,45.0,192.9,0,24.35,0,11,2022,47,0
2022-11-22,Books,49.0,192.9,0,31.9,1,11,2022,47,0
2022-11-23,Books,38.0,192.9,0,31.42,2,11,2022,47,0
2022-11-24,Books,107.0,192.9,0,31.47,3,11,2022,47,1
2022-11-25,Books,124.0,192.9,0,20.75,4,11,2022,47,1
2022-11-26,Books,66.0,192.9,0,27.42,5,11,2022,47,0
2022-11-27,Books,49.0,192.9,0,34.02,6,11,2022,47,0
2022-11-28,Books,53.0,192.9,0,29.84,0,11,2022,48,0
2022-11-29,Books,42.0,192.9,0,31.84,1,11,2022,48,0
2022-11-30,Books,,192.9,0,22.71,2,11,2022,48,0
2022-12-01,Books,49.0,192.9,0,39.84,3,12,2022,48,0
2022-12-02,Books,50.0,192.9,0,26.89,4,12,2022,48,0
2022-12-03,Books,58.0,192.9,0,21.49,5,12,2022,48,0
2022-12-04,Books,54.0,192.9,0,30.32,6,12,2022,48,0
2022-12-05,Books,47.0,192.9,0,20.45,0,12,2022,49,0
2022-12-06,Books,42.0,192.9,0,27.89,1,12,2022,49,0
2022-12-07,Books,40.0,192.9,0,46.73,2,12,2022,49,0
2022-12-08,Books,47.0,192.9,0,32.67,3,12,2022,49,0
2022-12-09,Books,48.0,192.9,0,28.07,4,12,2022,49,0
2022-12-10,Books,58.0,192.9,0,35.98,5,12,2022,49,0
2022-12-11,Books,59.0,192.9,0,32.01,6,12,2022,49,0
2022-12-12,Books,42.0,192.9,0,41.47,0,12,2022,50,0
2022-12-13,Books,42.0,192.9,0,33.36,1,12,2022,50,0
2022-12-14,Books,48.0,192.9,0,39.81,2,12,2022,50,0
2022-12-15,Books,45.0,192.9,0,33.39,3,12,2022,50,0
2022-12-16,Books,50.0,192.9,0,52.78,4,12,2022,50,0
2022-12-17,Books,59.0,192.9,0,42.97,5,12,2022,50,0
2022-12-18,Books,60.0,192.9,0,40.4,6,12,2022,50,0
2022-12-19,Books,41.0,192.9,0,40.33,0,12,2022,51,0
2022-12-20,Books,45.0,192.9,0,39.7,1,12,2022,51,0
2022-12-21,Books,44.0,192.9,0,39.34,2,12,2022,51,0
2022-12-22,Books,39.0,192.9,0,39.89,3,12,2022,51,0
2022-12-23,Books,118.0,139.4,1,52.9,4,12,2022,51,0
2022-12-24,Books,132.0,139.4,1,42.43,5,12,2022,51,0
2022-12-25,Books,272.0,139.4,1,35.23,6,12,2022,51,1
2022-12-26,Books,145.0,139.4,1,40.73,0,12,2022,52,1
2022-12-27,Books,88.0,139.4,1,51.89,1,12,2022,52,0
2022-12-28,Books,38.0,192.9,0,46.67,2,12,2022,52,0
2022-12-29,Books,50.0,192.9,0,47.95,3,12,2022,52,0
2022-12-30,Books,50.0,192.9,0,55.16,4,12,2022,52,0
2022-12-31,Books,107.0,192.9,0,46.11,5,12,2022,52,1
2023-01-01,Books,98.0,192.9,0,53.85,6,1,2023,52,1
2023-01-02,Books,44.0,192.9,0,48.04,0,1,2023,1,0
2023-01-03,Books,48.0,192.9,0,54.94,1,1,2023,1,0
2023-01-04,Books,42.0,192.9,0,50.8,2,1,2023,1,0
2023-01-05,Books,47.0,192.9,0,52.23,3,1,2023,1,0
2023-01-06,Books,56.0,192.9,0,58.22,4,1,2023,1,0
2023-01-07,Books,57.0,192.9,0,58.55,5,1,2023,1,0
2023-01-08,Books,52.0,192.9,0,54.66,6,1,2023,1,0
2023-01-09,Books,39.0,192.9,0,53.81,0,1,2023,2,0
2023-01-10,Books,46.0,192.9,0,64.85,1,1,2023,2,0
2023-01-11,Books,44.0,192.9,0,60.48,2,1,2023,2,0
2023-01-12,Books,49.0,192.9,0,56.25,3,1,2023,2,0
2023-01-13,Books,51.0,192.9,0,55.61,4,1,2023,2,0
2023-01-14,Books,53.0,192.9,0,64.67,5,1,2023,2,0
2023-01-15,Books,47.0,192.9,0,60.79,6,1,2023,2,0
2023-01-16,Books,99.0,150.93,1,60.06,0,1,2023,3,0
2023-01-17,Books,82.0,150.93,1,62.11,1,1,2023,3,0
2023-01-18,Books,79.0,150.93,1,63.89,2,1,2023,3,0
2023-01-19,Books,84.0,150.93,1,62.57,3,1,2023,3,0
2023-01-20,Books,83.0,150.93,1,69.52,4,1,2023,3,0
2023-01-21,Books,101.0,150.93,1,70.44,5,1,2023,3,0
2023-01-22,Books,67.0,192.9,0,67.45,6,1,2023,3,0
2023-01-23,Books,47.0,192.9,0,72.3,0,1,2023,4,0
2023-01-24,Books,41.0,192.9,0,66.1,1,1,2023,4,0
2023-01-25,Books,39.0,192.9,0,70.14,2,1,2023,4,0
2023-01-26,Books,77.0,153.83,1,72.33,3,1,2023,4,0
2023-01-27,Books,127.0,114.8,1,73.02,4,1,2023,4,0
2023-01-28,Books,174.0,114.8,1,73.12,5,1,2023,4,0
2023-01-29,Books,145.0,114.8,1,72.31,6,1,2023,4,0
2023-01-30,Books,71.0,153.83,1,79.54,0,1,2023,5,0
2023-01-31,Books,77.0,153.83,1,67.65,1,1,2023,5,0
2023-02-01,Books,78.0,153.83,1,70.16,2,2,2023,5,0
2023-02-02,Books,41.0,192.9,0,70.45,3,2,2023,5,0
2023-02-03,Books,54.0,192.9,0,70.26,4,2,2023,5,0
2023-02-04,Books,65.0,192.9,0,62.72,5,2,2023,5,0
2023-02-05,Books,59.0,192.9,0,80.11,6,2,2023,5,0
2023-02-06,Books,42.0,192.9,0,68.66,0,2,2023,6,0
2023-02-07,Books,42.0,192.9,0,75.19,1,2,2023,6,0
2023-02-08,Books,37.0,192.9,0,67.77,2,2,2023,6,0
2023-02-09,Books,45.0,192.9,0,78.52,3,2,2023,6,0
2023-02-10,Books,53.0,192.9,0,72.02,4,2,2023,6,0
2023-02-11,Books,55.0,192.9,0,70.79,5,2,2023,6,0
2023-02-12,Books,67.0,192.9,0,77.95,6,2,2023,6,0
2023-02-13,Books,47.0,192.9,0,73.98,0,2,2023,7,0
2023-02-14,Books,60.0,192.9,0,75.11,1,2,2023,7,1
2023-02-15,Books,37.0,192.9,0,79.33,2,2,2023,7,0
2023-02-16,Books,42.0,192.9,0,82.95,3,2,2023,7,0
2023-02-17,Books,59.0,192.9,0,75.32,4,2,2023,7,0
2023-02-18,Books,64.0,192.9,0,74.92,5,2,2023,7,0
2023-02-19,Books,,192.9,0,80.45,6,2,2023,7,0
2023-02-20,Books,45.0,192.9,0,83.47,0,2,2023,8,0
2023-02-21,Books,43.0,192.9,0,88.53,1,2,2023,8,0
2023-02-22,Books,39.0,192.9,0,76.28,2,2,2023,8,0
2023-02-23,Books,47.0,192.9,0,80.46,3,2,2023,8,0
2023-02-24,Books,51.0,192.9,0,88.34,4,2,2023,8,0
2023-02-25,Books,58.0,192.9,0,92.72,5,2,2023,8,0
2023-02-26,Books,,192.9,0,78.28,6,2,2023,8,0
2023-02-27,Books,44.0,192.9,0,79.93,0,2,2023,9,0
2023-02-28,Books,48.0,192.9,0,85.9,1,2,2023,9,0
2023-03-01,Books,38.0,192.9,0,81.46,2,3,2023,9,0
2023-03-02,Books,55.0,192.9,0,80.9,3,3,2023,9,0
2023-03-03,Books,50.0,192.9,0,86.26,4,3,2023,9,0
2023-03-04,Books,63.0,192.9,0,93.11,5,3,2023,9,0
2023-03-05,Books,62.0,192.9,0,79.13,6,3,2023,9,0
2023-03-06,Books,43.0,192.9,0,93.48,0,3,2023,10,0
2023-03-07,Books,46.0,192.9,0,83.41,1,3,2023,10,0
2023-03-08,Books,46.0,192.9,0,88.29,2,3,2023,10,0
2023-03-09,Books,43.0,192.9,0,94.79,3,3,2023,10,0
2023-03-10,Books,49.0,192.9,0,88.73,4,3,2023,10,0
2023-03-11,Books,60.0,192.9,0,85.87,5,3,2023,10,0
2023-03-12,Books,58.0,192.9,0,91.19,6,3,2023,10,0
2023-03-13,Books,50.0,192.9,0,86.96,0,3,2023,11,0
2023-03-14,Books,46.0,192.9,0,90.65,1,3,2023,11,0
2023-03-15,Books,43.0,192.9,0,87.23,2,3,2023,11,0
2023-03-16,Books,48.0,192.9,0,92.75,3,3,2023,11,0
2023-03-17,Books,43.0,192.9,0,81.66,4,3,2023,11,0
2023-03-18,Books,57.0,192.9,0,83.73,5,3,2023,11,0
2023-03-19,Books,60.0,192.9,0,81.92,6,3,2023,11,0
2023-03-20,Books,49.0,192.9,0,88.83,0,3,2023,12,0
2023-03-21,Books,44.0,192.9,0,81.6,1,3,2023,12,0
2023-03-22,Books,48.0,192.9,0,85.92,2,3,2023,12,0
2023-03-23,Books,49.0,192.9,0,83.96,3,3,2023,12,0
2023-03-24,Books,50.0,192.9,0,97.0,4,3,2023,12,0
2023-03-25,Books,59.0,192.9,0,84.74,5,3,2023,12,0
2023-03-26,Books,60.0,192.9,0,83.34,6,3,2023,12,0
2023-03-27,Books,,192.9,0,91.08,0,3,2023,13,0
2023-03-28,Books,49.0,192.9,0,98.33,1,3,2023,13,0
2023-03-29,Books,72.0,149.38,1,89.36,2,3,2023,13,0
2023-03-30,Books,86.0,149.38,1,89.78,3,3,2023,13,0
2023-03-31,Books,101.0,149.38,1,96.44,4,3,2023,13,0
2023-04-01,Books,106.0,149.38,1,94.39,5,4,2023,13,0
2023-04-02,Books,103.0,149.38,1,92.12,6,4,2023,13,0
2023-04-03,Books,81.0,149.38,1,87.07,0,4,2023,14,0
2023-04-04,Books,46.0,192.9,0,92.23,1,4,2023,14,0
2023-04-05,Books,41.0,192.9,0,83.11,2,4,2023,14,0
2023-04-06,Books,42.0,192.9,0,86.75,3,4,2023,14,0
2023-04-07,Books,57.0,192.9,0,96.96,4,4,2023,14,0
2023-04-08,Books,61.0,192.9,0,96.24,5,4,2023,14,0
2023-04-09,Books,63.0,192.9,0,91.83,6,4,2023,14,0
2023-04-10,Books,47.0,192.9,0,79.9,0,4,2023,15,0
2023-04-11,Books,51.0,192.9,0,83.4,1,4,2023,15,0
2023-04-12,Books,47.0,192.9,0,85.92,2,4,2023,15,0
2023-04-13,Books,43.0,192.9,0,88.33,3,4,2023,15,0
2023-04-14,Books,54.0,192.9,0,82.79,4,4,2023,15,0
2023-04-15,Books,57.0,192.9,0,87.65,5,4,2023,15,0
2023-04-16,Books,56.0,192.9,0,97.55,6,4,2023,15,0
2023-04-17,Books,40.0,192.9,0,90.54,0,4,2023,16,0
2023-04-18,Books,43.0,192.9,0,89.44,1,4,2023,16,0
2023-04-19,Books,45.0,192.9,0,83.06,2,4,2023,16,0
2023-04-20,Books,45.0,192.9,0,79.74,3,4,2023,16,0
2023-04-21,Books,47.0,192.9,0,81.57,4,4,2023,16,0
2023-04-22,Books,52.0,192.9,0,79.08,5,4,2023,16,0
2023-04-23,Books,68.0,192.9,0,87.6,6,4,2023,16,0
2023-04-24,Books,46.0,192.9,0,88.89,0,4,2023,17,0
2023-04-25,Books,41.0,192.9,0,81.88,1,4,2023,17,0
2023-04-26,Books,45.0,192.9,0,87.16,2,4,2023,17,0
2023-04-27,Books,54.0,192.9,0,93.48,3,4,2023,17,0
2023-04-28,Books,55.0,192.9,0,95.62,4,4,2023,17,0
2023-04-29,Books,46.0,192.9,0,89.37,5,4,2023,17,0
2023-04-30,Books,71.0,192.9,0,84.33,6,4,2023,17,0
2023-05-01,Books,38.0,192.9,0,88.56,0,5,2023,18,0
2023-05-02,Books,43.0,192.9,0,91.28,1,5,2023,18,0
2023-05-03,Books,39.0,192.9,0,74.14,2,5,2023,18,0
2023-05-04,Books,43.0,192.9,0,91.22,3,5,2023,18,0
2023-05-05,Books,53.0,192.9,0,80.71,4,5,2023,18,0
2023-05-06,Books,50.0,192.9,0,80.38,5,5,2023,18,0
2023-05-07,Books,58.0,192.9,0,80.89,6,5,2023,18,0
2023-05-08,Books,49.0,192.9,0,83.86,0,5,2023,19,0
2023-05-09,Books,41.0,192.9,0,76.29,1,5,2023,19,0
2023-05-10,Books,63.0,163.5,1,80.0,2,5,2023,19,0
2023-05-11,Books,74.0,163.5,1,83.62,3,5,2023,19,0
2023-05-12,Books,123.0,118.34,1,81.65,4,5,2023,19,0
2023-05-13,Books,137.0,118.34,1,82.01,5,5,2023,19,0
2023-05-14,Books,128.0,118.34,1,78.03,6,5,2023,19,0
2023-05-15,Books,92.0,139.62,1,82.65,0,5,2023,20,0
2023-05-16,Books,91.0,139.62,1,83.99,1,5,2023,20,0
2023-05-17,Books,39.0,192.9,0,83.21,2,5,2023,20,0
2023-05-18,Books,42.0,192.9,0,79.87,3,5,2023,20,0
2023-05-19,Books,53.0,192.9,0,81.93,4,5,2023,20,0
2023-05-20,Books,55.0,192.9,0,81.08,5,5,2023,20,0
2023-05-21,Books,59.0,192.9,0,89.59,6,5,2023,20,0
2023-05-22,Books,50.0,192.9,0,81.77,0,5,2023,21,0
2023-05-23,Books,43.0,192.9,0,74.71,1,5,2023,21,0
2023-05-24,Books,39.0,192.9,0,70.05,2,5,2023,21,0
2023-05-25,Books,47.0,192.9,0,72.76,3,5,2023,21,0
2023-05-26,Books,51.0,192.9,0,71.85,4,5,2023,21,0
2023-05-27,Books,59.0,192.9,0,75.51,5,5,2023,21,0
2023-05-28,Books,61.0,192.9,0,68.88,6,5,2023,21,0
2023-05-29,Books,,192.9,0,77.77,0,5,2023,22,0
2023-05-30,Books,44.0,192.9,0,64.28,1,5,2023,22,0
2023-05-31,Books,43.0,192.9,0,62.48,2,5,2023,22,0
2023-06-01,Books,53.0,192.9,0,69.37,3,6,2023,22,0
2023-06-02,Books,57.0,192.9,0,65.24,4,6,2023,22,0
2023-06-03,Books,63.0,192.9,0,62.56,5,6,2023,22,0
2023-06-04,Books,59.0,192.9,0,65.05,6,6,2023,22,0
2023-06-05,Books,41.0,192.9,0,63.81,0,6,2023,23,0
2023-06-06,Books,48.0,192.9,0,67.05,1,6,2023,23,0
2023-06-07,Books,44.0,192.9,0,63.27,2,6,2023,23,0
2023-06-08,Books,44.0,192.9,0,63.05,3,6,2023,23,0
2023-06-09,Books,51.0,192.9,0,65.08,4,6,2023,23,0
2023-06-10,Books,55.0,192.9,0,69.54,5,6,2023,23,0
2023-06-11,Books,63.0,192.9,0,71.18,6,6,2023,23,0
2023-06-12,Books,47.0,192.9,0,63.92,0,6,2023,24,0
2023-06-13,Books,44.0,192.9,0,63.65,1,6,2023,24,0
2023-06-14,Books,43.0,192.9,0,60.95,2,6,2023,24,0
2023-06-15,Books,43.0,192.9,0,63.62,3,6,2023,24,0
2023-06-16,Books,43.0,192.9,0,62.5,4,6,2023,24,0
2023-06-17,Books,53.0,192.9,0,66.51,5,6,2023,24,0
2023-06-18,Books,55.0,192.9,0,49.77,6,6,2023,24,0
2023-06-19,Books,41.0,192.9,0,57.37,0,6,2023,25,0
2023-06-20,Books,45.0,192.9,0,59.56,1,6,2023,25,0
2023-06-21,Books,,192.9,0,57.06,2,6,2023,25,0
2023-06-22,Books,45.0,192.9,0,51.82,3,6,2023,25,0
2023-06-23,Books,58.0,192.9,0,49.34,4,6,2023,25,0
2023-06-24,Books,56.0,192.9,0,59.18,5,6,2023,25,0
2023-06-25,Books,58.0,192.9,0,50.68,6,6,2023,25,0
2023-06-26,Books,44.0,192.9,0,45.01,0,6,2023,26,0
2023-06-27,Books,47.0,192.9,0,57.38,1,6,2023,26,0
2023-06-28,Books,44.0,192.9,0,54.7,2,6,2023,26,0
2023-06-29,Books,46.0,192.9,0,51.14,3,6,2023,26,0
2023-06-30,Books,77.0,158.6,1,46.46,4,6,2023,26,0
2023-07-01,Books,94.0,158.6,1,49.78,5,7,2023,26,0
2023-07-02,Books,109.0,158.6,1,55.73,6,7,2023,26,0
2023-07-03,Books,64.0,158.6,1,40.89,0,7,2023,27,0
2023-07-04,Books,116.0,158.6,1,40.46,1,7,2023,27,1
2023-07-05,Books,45.0,192.9,0,44.45,2,7,2023,27,0
2023-07-06,Books,43.0,192.9,0,46.77,3,7,2023,27,0
2023-07-07,Books,49.0,192.9,0,43.74,4,7,2023,27,0
2023-07-08,Books,69.0,192.9,0,48.75,5,7,2023,27,0
2023-07-09,Books,65.0,192.9,0,50.29,6,7,2023,27,0
2023-07-10,Books,44.0,192.9,0,45.56,0,7,2023,28,0
2023-07-11,Books,44.0,192.9,0,46.29,1,7,2023,28,0
2023-07-12,Books,41.0,192.9,0,44.17,2,7,2023,28,0
2023-07-13,Books,46.0,192.9,0,42.18,3,7,2023,28,0
2023-07-14,Books,49.0,192.9,0,34.99,4,7,2023,28,0
2023-07-15,Books,59.0,192.9,0,35.65,5,7,2023,28,0
2023-07-16,Books,67.0,192.9,0,33.36,6,7,2023,28,0
2023-07-17,Books,44.0,192.9,0,38.71,0,7,2023,29,0
2023-07-18,Books,40.0,192.9,0,39.95,1,7,2023,29,0
2023-07-19,Books,38.0,192.9,0,30.89,2,7,2023,29,0
2023-07-20,Books,46.0,192.9,0,37.84,3,7,2023,29,0
2023-07-21,Books,49.0,192.9,0,32.45,4,7,2023,29,0
2023-07-22,Books,61.0,192.9,0,30.83,5,7,2023,29,0
2023-07-23,Books,51.0,192.9,0,32.4,6,7,2023,29,0
2023-07-24,Books,47.0,192.9,0,29.29,0,7,2023,30,0
2023-07-25,Books,40.0,192.9,0,37.29,1,7,2023,30,0
2023-07-26,Books,43.0,192.9,0,32.79,2,7,2023,30,0
2023-07-27,Books,44.0,192.9,0,37.08,3,7,2023,30,0
2023-07-28,Books,,192.9,0,30.16,4,7,2023,30,0
2023-07-29,Books,60.0,192.9,0,29.74,5,7,2023,30,0
2023-07-30,Books,68.0,192.9,0,40.52,6,7,2023,30,0
2023-07-31,Books,47.0,192.9,0,22.43,0,7,2023,31,0
2023-08-01,Books,,192.9,0,36.37,1,8,2023,31,0
2023-08-02,Books,42.0,192.9,0,37.63,2,8,2023,31,0
2023-08-03,Books,47.0,192.9,0,32.6,3,8,2023,31,0
2023-08-04,Books,57.0,192.9,0,26.54,4,8,2023,31,0
2023-08-05,Books,64.0,192.9,0,34.75,5,8,2023,31,0
2023-08-06,Books,61.0,192.9,0,25.44,6,8,2023,31,0
2023-08-07,Books,72.0,162.81,1,22.96,0,8,2023,32,0
2023-08-08,Books,71.0,162.81,1,23.99,1,8,2023,32,0
2023-08-09,Books,78.0,162.81,1,22.54,2,8,2023,32,0
2023-08-10,Books,84.0,162.81,1,20.12,3,8,2023,32,0
2023-08-11,Books,82.0,162.81,1,29.87,4,8,2023,32,0
2023-08-12,Books,93.0,162.81,1,19.93,5,8,2023,32,0
2023-08-13,Books,90.0,162.81,1,23.13,6,8,2023,32,0
2023-08-14,Books,48.0,192.9,0,15.55,0,8,2023,33,0
2023-08-15,Books,40.0,192.9,0,22.42,1,8,2023,33,0
2023-08-16,Books,46.0,192.9,0,16.0,2,8,2023,33,0
2023-08-17,Books,48.0,192.9,0,15.39,3,8,2023,33,0
2023-08-18,Books,50.0,192.9,0,20.27,4,8,2023,33,0
2023-08-19,Books,67.0,192.9,0,25.64,5,8,2023,33,0
2023-08-20,Books,52.0,192.9,0,22.1,6,8,2023,33,0
2023-08-21,Books,51.0,192.9,0,21.99,0,8,2023,34,0
2023-08-22,Books,45.0,192.9,0,18.36,1,8,2023,34,0
2023-08-23,Books,36.0,192.9,0,16.9,2,8,2023,34,0
2023-08-24,Books,51.0,192.9,0,22.11,3,8,2023,34,0
2023-08-25,Books,56.0,192.9,0,14.92,4,8,2023,34,0
2023-08-26,Books,58.0,192.9,0,21.51,5,8,2023,34,0
2023-08-27,Books,54.0,192.9,0,23.13,6,8,2023,34,0
2023-08-28,Books,39.0,192.9,0,12.36,0,8,2023,35,0
2023-08-29,Books,52.0,192.9,0,12.72,1,8,2023,35,0
2023-08-30,Books,40.0,192.9,0,13.1,2,8,2023,35,0
2023-08-31,Books,41.0,192.9,0,8.14,3,8,2023,35,0
2023-09-01,Books,53.0,192.9,0,12.78,4,9,2023,35,0
2023-09-02,Books,52.0,192.9,0,21.31,5,9,2023,35,0
2023-09-03,Books,54.0,192.9,0,9.25,6,9,2023,35,0
2023-09-04,Books,48.0,192.9,0,20.79,0,9,2023,36,0
2023-09-05,Books,45.0,192.9,0,11.7,1,9,2023,36,0
2023-09-06,Books,42.0,192.9,0,24.15,2,9,2023,36,0
2023-09-07,Books,46.0,192.9,0,9.89,3,9,2023,36,0
2023-09-08,Books,50.0,192.9,0,12.31,4,9,2023,36,0
2023-09-09,Books,59.0,192.9,0,8.22,5,9,2023,36,0
2023-09-10,Books,55.0,192.9,0,9.09,6,9,2023,36,0
2023-09-11,Books,43.0,192.9,0,18.98,0,9,2023,37,0
2023-09-12,Books,42.0,192.9,0,14.44,1,9,2023,37,0
2023-09-13,Books,41.0,192.9,0,17.0,2,9,2023,37,0
2023-09-14,Books,49.0,192.9,0,5.07,3,9,2023,37,0
2023-09-15,Books,55.0,192.9,0,14.74,4,9,2023,37,0
2023-09-16,Books,55.0,192.9,0,6.43,5,9,2023,37,0
2023-09-17,Books,53.0,192.9,0,4.43,6,9,2023,37,0
2023-09-18,Books,44.0,192.9,0,12.15,0,9,2023,38,0
2023-09-19,Books,51.0,192.9,0,11.96,1,9,2023,38,0
2023-09-20,Books,40.0,192.9,0,10.95,2,9,2023,38,0
2023-09-21,Books,45.0,192.9,0,14.15,3,9,2023,38,0
2023-09-22,Books,53.0,192.9,0,14.82,4,9,2023,38,0
2023-09-23,Books,59.0,192.9,0,17.7,5,9,2023,38,0
2023-09-24,Books,56.0,192.9,0,4.32,6,9,2023,38,0
2023-09-25,Books,49.0,192.9,0,17.71,0,9,2023,39,0
2023-09-26,Books,73.0,166.17,1,19.55,1,9,2023,39,0
2023-09-27,Books,74.0,166.17,1,8.25,2,9,2023,39,0
2023-09-28,Books,77.0,166.17,1,1.7,3,9,2023,39,0
2023-09-29,Books,90.0,166.17,1,3.1,4,9,2023,39,0
2023-09-30,Books,67.0,192.9,0,7.69,5,9,2023,39,0
2023-10-01,Books,65.0,192.9,0,20.07,6,10,2023,39,0
2023-10-02,Books,53.0,192.9,0,10.09,0,10,2023,40,0
2023-10-03,Books,48.0,192.9,0,6.94,1,10,2023,40,0
2023-10-04,Books,41.0,192.9,0,6.64,2,10,2023,40,0
2023-10-05,Books,49.0,192.9,0,3.49,3,10,2023,40,0
2023-10-06,Books,55.0,192.9,0,14.54,4,10,2023,40,0
2023-10-07,Books,69.0,192.9,0,9.77,5,10,2023,40,0
2023-10-08,Books,54.0,192.9,0,20.81,6,10,2023,40,0
2023-10-09,Books,47.0,192.9,0,13.54,0,10,2023,41,0
2023-10-10,Books,41.0,192.9,0,14.66,1,10,2023,41,0
2023-10-11,Books,45.0,192.9,0,9.41,2,10,2023,41,0
2023-10-12,Books,45.0,192.9,0,5.29,3,10,2023,41,0
2023-10-13,Books,54.0,192.9,0,6.52,4,10,2023,41,0
2023-10-14,Books,53.0,192.9,0,4.19,5,10,2023,41,0
2023-10-15,Books,62.0,192.9,0,15.75,6,10,2023,41,0
2023-10-16,Books,45.0,192.9,0,9.45,0,10,2023,42,0
2023-10-17,Books,44.0,192.9,0,16.32,1,10,2023,42,0
2023-10-18,Books,50.0,192.9,0,12.43,2,10,2023,42,0
2023-10-19,Books,44.0,192.9,0,10.49,3,10,2023,42,0
2023-10-20,Books,54.0,192.9,0,6.33,4,10,2023,42,0
2023-10-21,Books,60.0,192.9,0,13.91,5,10,2023,42,0
2023-10-22,Books,60.0,192.9,0,11.55,6,10,2023,42,0
2023-10-23,Books,53.0,192.9,0,17.41,0,10,2023,43,0
2023-10-24,Books,44.0,192.9,0,9.58,1,10,2023,43,0
2023-10-25,Books,41.0,192.9,0,16.52,2,10,2023,43,0
2023-10-26,Books,53.0,192.9,0,21.92,3,10,2023,43,0
2023-10-27,Books,51.0,192.9,0,15.38,4,10,2023,43,0
2023-10-28,Books,52.0,192.9,0,18.25,5,10,2023,43,0
2023-10-29,Books,55.0,192.9,0,17.5,6,10,2023,43,0
2023-10-30,Books,40.0,192.9,0,24.45,0,10,2023,44,0
2023-10-31,Books,56.0,192.9,0,17.16,1,10,2023,44,1
2023-11-01,Books,42.0,192.9,0,19.15,2,11,2023,44,0
2023-11-02,Books,45.0,192.9,0,15.83,3,11,2023,44,0
2023-11-03,Books,57.0,192.9,0,12.5,4,11,2023,44,0
2023-11-04,Books,63.0,192.9,0,10.71,5,11,2023,44,0
2023-11-05,Books,61.0,192.9,0,23.48,6,11,2023,44,0
2023-11-06,Books,42.0,192.9,0,12.5,0,11,2023,45,0
2023-11-07,Books,47.0,192.9,0,21.67,1,11,2023,45,0
2023-11-08,Books,48.0,192.9,0,20.44,2,11,2023,45,0
2023-11-09,Books,47.0,192.9,0,23.38,3,11,2023,45,0
2023-11-10,Books,54.0,192.9,0,16.65,4,11,2023,45,0
2023-11-11,Books,54.0,192.9,0,15.71,5,11,2023,45,0
2023-11-12,Books,64.0,192.9,0,22.01,6,11,2023,45,0
2023-11-13,Books,84.0,164.41,1,19.12,0,11,2023,46,0
2023-11-14,Books,73.0,164.41,1,14.9,1,11,2023,46,0
2023-11-15,Books,67.0,164.41,1,31.23,2,11,2023,46,0
2023-11-16,Books,74.0,164.41,1,18.06,3,11,2023,46,0
2023-11-17,Books,82.0,164.41,1,17.55,4,11,2023,46,0
2023-11-18,Books,95.0,164.41,1,21.81,5,11,2023,46,0
2023-11-19,Books,62.0,192.9,0,29.8,6,11,2023,46,0
2023-11-20,Books,46.0,192.9,0,13.22,0,11,2023,47,0
2023-11-21,Books,47.0,192.9,0,30.43,1,11,2023,47,0
2023-11-22,Books,45.0,192.9,0,20.56,2,11,2023,47,0
2023-11-23,Books,94.0,192.9,0,26.98,3,11,2023,47,1
2023-11-24,Books,150.0,192.9,0,22.83,4,11,2023,47,1
2023-11-25,Books,57.0,192.9,0,36.73,5,11,2023,47,0
2023-11-26,Books,58.0,192.9,0,27.96,6,11,2023,47,0
2023-11-27,Books,51.0,192.9,0,24.36,0,11,2023,48,0
2023-11-28,Books,51.0,192.9,0,26.97,1,11,2023,48,0
2023-11-29,Books,46.0,192.9,0,29.51,2,11,2023,48,0
2023-11-30,Books,46.0,192.9,0,30.54,3,11,2023,48,0
2023-12-01,Books,47.0,192.9,0,32.44,4,12,2023,48,0
2023-12-02,Books,61.0,192.9,0,30.84,5,12,2023,48,0
2023-12-03,Books,55.0,192.9,0,24.57,6,12,2023,48,0
2023-12-04,Books,51.0,192.9,0,30.37,0,12,2023,49,0
2023-12-05,Books,38.0,192.9,0,35.72,1,12,2023,49,0
2023-12-06,Books,45.0,192.9,0,29.96,2,12,2023,49,0
2023-12-07,Books,43.0,192.9,0,37.3,3,12,2023,49,0
2023-12-08,Books,52.0,192.9,0,34.73,4,12,2023,49,0
2023-12-09,Books,63.0,192.9,0,34.12,5,12,2023,49,0
2023-12-10,Books,63.0,192.9,0,41.82,6,12,2023,49,0
2023-12-11,Books,45.0,192.9,0,27.81,0,12,2023,50,0
2023-12-12,Books,46.0,192.9,0,33.77,1,12,2023,50,0
2023-12-13,Books,41.0,192.9,0,43.97,2,12,2023,50,0
2023-12-14,Books,47.0,192.9,0,47.61,3,12,2023,50,0
2023-12-15,Books,56.0,192.9,0,50.55,4,12,2023,50,0
2023-12-16,Books,61.0,192.9,0,40.04,5,12,2023,50,0
2023-12-17,Books,56.0,192.9,0,42.74,6,12,2023,50,0
2023-12-18,Books,44.0,192.9,0,45.21,0,12,2023,51,0
2023-12-19,Books,47.0,192.9,0,48.17,1,12,2023,51,0
2023-12-20,Books,39.0,192.9,0,44.04,2,12,2023,51,0
2023-12-21,Books,42.0,192.9,0,47.78,3,12,2023,51,0
2023-12-22,Books,55.0,192.9,0,46.13,4,12,2023,51,0
2023-12-23,Books,58.0,192.9,0,47.12,5,12,2023,51,0
2023-12-24,Books,52.0,192.9,0,40.6,6,12,2023,51,0
2023-12-25,Books,124.0,192.9,0,44.23,0,12,2023,52,1
2023-12-26,Books,72.0,192.9,0,43.95,1,12,2023,52,1
2023-12-27,Books,43.0,192.9,0,41.3,2,12,2023,52,0
2023-12-28,Books,43.0,192.9,0,39.68,3,12,2023,52,0
2023-12-29,Books,51.0,192.9,0,46.5,4,12,2023,52,0
2023-12-30,Books,55.0,192.9,0,47.99,5,12,2023,52,0
2023-12-31,Books,99.0,192.9,0,50.53,6,12,2023,52,1
2021-01-01,Beauty,146.0,190.9,0,49.18,4,1,2021,53,1
2021-01-02,Beauty,98.0,190.9,0,52.62,5,1,2021,53,0
2021-01-03,Beauty,93.0,190.9,0,51.2,6,1,2021,53,0
2021-01-04,Beauty,77.0,190.9,0,58.31,0,1,2021,1,0
2021-01-05,Beauty,81.0,190.9,0,53.91,1,1,2021,1,0
2021-01-06,Beauty,75.0,190.9,0,56.0,2,1,2021,1,0
2021-01-07,Beauty,83.0,190.9,0,47.79,3,1,2021,1,0
2021-01-08,Beauty,95.0,190.9,0,60.21,4,1,2021,1,0
2021-01-09,Beauty,92.0,190.9,0,53.27,5,1,2021,1,0
2021-01-10,Beauty,102.0,190.9,0,51.64,6,1,2021,1,0
2021-01-11,Beauty,81.0,190.9,0,65.76,0,1,2021,2,0
2021-01-12,Beauty,71.0,190.9,0,61.69,1,1,2021,2,0
2021-01-13,Beauty,68.0,190.9,0,63.76,2,1,2021,2,0
2021-01-14,Beauty,80.0,190.9,0,61.82,3,1,2021,2,0
2021-01-15,Beauty,77.0,190.9,0,59.75,4,1,2021,2,0
2021-01-16,Beauty,91.0,190.9,0,59.48,5,1,2021,2,0
2021-01-17,Beauty,93.0,190.9,0,65.43,6,1,2021,2,0
2021-01-18,Beauty,78.0,190.9,0,67.86,0,1,2021,3,0
2021-01-19,Beauty,74.0,190.9,0,62.51,1,1,2021,3,0
2021-01-20,Beauty,78.0,190.9,0,73.86,2,1,2021,3,0
2021-01-21,Beauty,284.0,190.9,0,63.16,3,1,2021,3,0
2021-01-22,Beauty,81.0,190.9,0,57.82,4,1,2021,3,0
2021-01-23,Beauty,104.0,190.9,0,56.82,5,1,2021,3,0
2021-01-24,Beauty,92.0,190.9,0,57.62,6,1,2021,3,0
2021-01-25,Beauty,71.0,190.9,0,64.62,0,1,2021,4,0
2021-01-26,Beauty,62.0,190.9,0,66.15,1,1,2021,4,0
2021-01-27,Beauty,74.0,190.9,0,71.34,2,1,2021,4,0
2021-01-28,Beauty,86.0,190.9,0,68.4,3,1,2021,4,0
2021-01-29,Beauty,80.0,190.9,0,73.37,4,1,2021,4,0
2021-01-30,Beauty,206.0,143.09,1,69.98,5,1,2021,4,0
2021-01-31,Beauty,187.0,143.09,1,70.41,6,1,2021,4,0
2021-02-01,Beauty,183.0,102.77,1,68.05,0,2,2021,5,0
2021-02-02,Beauty,137.0,137.11,1,78.63,1,2,2021,5,0
2021-02-03,Beauty,134.0,137.11,1,64.44,2,2,2021,5,0
2021-02-04,Beauty,150.0,137.11,1,74.17,3,2,2021,5,0
2021-02-05,Beauty,181.0,137.11,1,72.32,4,2,2021,5,0
2021-02-06,Beauty,230.0,137.11,1,77.7,5,2,2021,5,0
2021-02-07,Beauty,87.0,190.9,0,74.23,6,2,2021,5,0
2021-02-08,Beauty,72.0,190.9,0,74.93,0,2,2021,6,0
2021-02-09,Beauty,68.0,190.9,0,74.08,1,2,2021,6,0
2021-02-10,Beauty,65.0,190.9,0,82.91,2,2,2021,6,0
2021-02-11,Beauty,77.0,190.9,0,76.48,3,2,2021,6,0
2021-02-12,Beauty,87.0,190.9,0,86.83,4,2,2021,6,0
2021-02-13,Beauty,85.0,190.9,0,78.84,5,2,2021,6,0
2021-02-14,Beauty,157.0,190.9,0,78.09,6,2,2021,6,1
2021-02-15,Beauty,68.0,190.9,0,77.74,0,2,2021,7,0
2021-02-16,Beauty,73.0,190.9,0,81.77,1,2,2021,7,0
2021-02-17,Beauty,80.0,190.9,0,76.47,2,2,2021,7,0
2021-02-18,Beauty,79.0,190.9,0,80.61,3,2,2021,7,0
2021-02-19,Beauty,89.0,190.9,0,80.37,4,2,2021,7,0
2021-02-20,Beauty,96.0,190.9,0,82.4,5,2,2021,7,0
2021-02-21,Beauty,99.0,190.9,0,82.96,6,2,2021,7,0
2021-02-22,Beauty,78.0,190.9,0,83.65,0,2,2021,8,0
2021-02-23,Beauty,76.0,190.9,0,82.53,1,2,2021,8,0
2021-02-24,Beauty,72.0,190.9,0,90.31,2,2,2021,8,0
2021-02-25,Beauty,78.0,190.9,0,84.97,3,2,2021,8,0
2021-02-26,Beauty,78.0,190.9,0,96.28,4,2,2021,8,0
2021-02-27,Beauty,94.0,190.9,0,83.87,5,2,2021,8,0
2021-02-28,Beauty,104.0,190.9,0,88.79,6,2,2021,8,0
2021-03-01,Beauty,80.0,190.9,0,80.72,0,3,2021,9,0
2021-03-02,Beauty,74.0,190.9,0,91.7,1,3,2021,9,0
2021-03-03,Beauty,81.0,190.9,0,81.51,2,3,2021,9,0
2021-03-04,Beauty,80.0,190.9,0,87.64,3,3,2021,9,0
2021-03-05,Beauty,86.0,190.9,0,84.36,4,3,2021,9,0
2021-03-06,Beauty,90.0,190.9,0,88.25,5,3,2021,9,0
2021-03-07,Beauty,110.0,190.9,0,85.11,6,3,2021,9,0
2021-03-08,Beauty,80.0,190.9,0,82.62,0,3,2021,10,0
2021-03-09,Beauty,84.0,190.9,0,85.48,1,3,2021,10,0
2021-03-10,Beauty,85.0,190.9,0,94.81,2,3,2021,10,0
2021-03-11,Beauty,69.0,190.9,0,89.69,3,3,2021,10,0
2021-03-12,Beauty,79.0,190.9,0,81.15,4,3,2021,10,0
2021-03-13,Beauty,77.0,190.9,0,93.3,5,3,2021,10,0
2021-03-14,Beauty,106.0,190.9,0,83.58,6,3,2021,10,0
2021-03-15,Beauty,79.0,190.9,0,91.97,0,3,2021,11,0
2021-03-16,Beauty,74.0,190.9,0,91.21,1,3,2021,11,0
2021-03-17,Beauty,65.0,190.9,0,91.71,2,3,2021,11,0
2021-03-18,Beauty,76.0,190.9,0,98.07,3,3,2021,11,0
2021-03-19,Beauty,89.0,190.9,0,84.82,4,3,2021,11,0
2021-03-20,Beauty,106.0,190.9,0,92.17,5,3,2021,11,0
2021-03-21,Beauty,101.0,190.9,0,95.55,6,3,2021,11,0
2021-03-22,Beauty,,190.9,0,86.16,0,3,2021,12,0
2021-03-23,Beauty,73.0,190.9,0,85.77,1,3,2021,12,0
2021-03-24,Beauty,79.0,190.9,0,88.16,2,3,2021,12,0
2021-03-25,Beauty,81.0,190.9,0,91.31,3,3,2021,12,0
2021-03-26,Beauty,79.0,190.9,0,82.72,4,3,2021,12,0
2021-03-27,Beauty,111.0,190.9,0,92.59,5,3,2021,12,0
2021-03-28,Beauty,108.0,190.9,0,82.85,6,3,2021,12,0
2021-03-29,Beauty,78.0,190.9,0,96.4,0,3,2021,13,0
2021-03-30,Beauty,75.0,190.9,0,92.54,1,3,2021,13,0
2021-03-31,Beauty,82.0,190.9,0,99.56,2,3,2021,13,0
2021-04-01,Beauty,67.0,190.9,0,93.34,3,4,2021,13,0
2021-04-02,Beauty,96.0,190.9,0,88.47,4,4,2021,13,0
2021-04-03,Beauty,96.0,190.9,0,85.99,5,4,2021,13,0
2021-04-04,Beauty,107.0,190.9,0,91.15,6,4,2021,13,0
2021-04-05,Beauty,76.0,190.9,0,89.77,0,4,2021,14,0
2021-04-06,Beauty,66.0,190.9,0,95.8,1,4,2021,14,0
2021-04-07,Beauty,70.0,190.9,0,85.16,2,4,2021,14,0
2021-04-08,Beauty,83.0,190.9,0,99.83,3,4,2021,14,0
2021-04-09,Beauty,86.0,190.9,0,96.02,4,4,2021,14,0
2021-04-10,Beauty,95.0,190.9,0,88.53,5,4,2021,14,0
2021-04-11,Beauty,94.0,190.9,0,98.43,6,4,2021,14,0
2021-04-12,Beauty,79.0,190.9,0,85.4,0,4,2021,15,0
2021-04-13,Beauty,84.0,190.9,0,90.21,1,4,2021,15,0
2021-04-14,Beauty,60.0,190.9,0,82.66,2,4,2021,15,0
2021-04-15,Beauty,94.0,190.9,0,98.12,3,4,2021,15,0
2021-04-16,Beauty,89.0,190.9,0,80.48,4,4,2021,15,0
2021-04-17,Beauty,105.0,190.9,0,81.34,5,4,2021,15,0
2021-04-18,Beauty,95.0,190.9,0,85.18,6,4,2021,15,0
2021-04-19,Beauty,75.0,190.9,0,94.76,0,4,2021,16,0
2021-04-20,Beauty,75.0,190.9,0,92.71,1,4,2021,16,0
2021-04-21,Beauty,67.0,190.9,0,88.32,2,4,2021,16,0
2021-04-22,Beauty,72.0,190.9,0,92.57,3,4,2021,16,0
2021-04-23,Beauty,96.0,190.9,0,86.65,4,4,2021,16,0
2021-04-24,Beauty,88.0,190.9,0,89.08,5,4,2021,16,0
2021-04-25,Beauty,102.0,190.9,0,94.96,6,4,2021,16,0
2021-04-26,Beauty,73.0,190.9,0,85.19,0,4,2021,17,0
2021-04-27,Beauty,68.0,190.9,0,82.3,1,4,2021,17,0
2021-04-28,Beauty,84.0,190.9,0,88.19,2,4,2021,17,0
2021-04-29,Beauty,71.0,190.9,0,89.22,3,4,2021,17,0
2021-04-30,Beauty,80.0,190.9,0,85.75,4,4,2021,17,0
2021-05-01,Beauty,99.0,190.9,0,89.89,5,5,2021,17,0
2021-05-02,Beauty,93.0,190.9,0,83.52,6,5,2021,17,0
2021-05-03,Beauty,75.0,190.9,0,84.81,0,5,2021,18,0
2021-05-04,Beauty,74.0,190.9,0,85.68,1,5,2021,18,0
2021-05-05,Beauty,74.0,190.9,0,84.87,2,5,2021,18,0
2021-05-06,Beauty,76.0,190.9,0,91.12,3,5,2021,18,0
2021-05-07,Beauty,83.0,190.9,0,84.51,4,5,2021,18,0
2021-05-08,Beauty,106.0,190.9,0,80.74,5,5,2021,18,0
2021-05-09,Beauty,98.0,190.9,0,84.49,6,5,2021,18,0
2021-05-10,Beauty,72.0,190.9,0,86.47,0,5,2021,19,0
2021-05-11,Beauty,82.0,190.9,0,84.87,1,5,2021,19,0
2021-05-12,Beauty,72.0,190.9,0,84.15,2,5,2021,19,0
2021-05-13,Beauty,84.0,190.9,0,72.62,3,5,2021,19,0
2021-05-14,Beauty,96.0,190.9,0,67.19,4,5,2021,19,0
2021-05-15,Beauty,111.0,190.9,0,85.56,5,5,2021,19,0
2021-05-16,Beauty,104.0,190.9,0,80.9,6,5,2021,19,0
2021-05-17,Beauty,75.0,190.9,0,78.12,0,5,2021,20,0
2021-05-18,Beauty,73.0,190.9,0,81.2,1,5,2021,20,0
2021-05-19,Beauty,122.0,156.77,1,86.87,2,5,2021,20,0
2021-05-20,Beauty,109.0,156.77,1,83.79,3,5,2021,20,0
2021-05-21,Beauty,,156.77,1,81.02,4,5,2021,20,0
2021-05-22,Beauty,175.0,156.77,1,71.25,5,5,2021,20,0
2021-05-23,Beauty,180.0,156.77,1,71.37,6,5,2021,20,0
2021-05-24,Beauty,75.0,190.9,0,62.68,0,5,2021,21,0
2021-05-25,Beauty,78.0,190.9,0,77.23,1,5,2021,21,0
2021-05-26,Beauty,65.0,190.9,0,79.05,2,5,2021,21,0
2021-05-27,Beauty,70.0,190.9,0,78.9,3,5,2021,21,0
2021-05-28,Beauty,70.0,190.9,0,75.76,4,5,2021,21,0
2021-05-29,Beauty,99.0,190.9,0,71.04,5,5,2021,21,0
2021-05-30,Beauty,93.0,190.9,0,68.41,6,5,2021,21,0
2021-05-31,Beauty,70.0,190.9,0,66.52,0,5,2021,22,0
2021-06-01,Beauty,76.0,190.9,0,69.23,1,6,2021,22,0
2021-06-02,Beauty,70.0,190.9,0,64.56,2,6,2021,22,0
2021-06-03,Beauty,68.0,190.9,0,77.63,3,6,2021,22,0
2021-06-04,Beauty,106.0,190.9,0,61.72,4,6,2021,22,0
2021-06-05,Beauty,100.0,190.9,0,66.64,5,6,2021,22,0
2021-06-06,Beauty,90.0,190.9,0,57.32,6,6,2021,22,0
2021-06-07,Beauty,71.0,190.9,0,67.86,0,6,2021,23,0
2021-06-08,Beauty,73.0,190.9,0,65.73,1,6,2021,23,0
2021-06-09,Beauty,72.0,190.9,0,63.32,2,6,2021,23,0
2021-06-10,Beauty,85.0,190.9,0,59.8,3,6,2021,23,0
2021-06-11,Beauty,87.0,190.9,0,63.84,4,6,2021,23,0
2021-06-12,Beauty,115.0,190.9,0,60.45,5,6,2021,23,0
2021-06-13,Beauty,95.0,190.9,0,61.84,6,6,2021,23,0
2021-06-14,Beauty,78.0,190.9,0,71.66,0,6,2021,24,0
2021-06-15,Beauty,80.0,190.9,0,62.07,1,6,2021,24,0
2021-06-16,Beauty,80.0,190.9,0,63.21,2,6,2021,24,0
2021-06-17,Beauty,85.0,190.9,0,57.56,3,6,2021,24,0
2021-06-18,Beauty,86.0,190.9,0,55.29,4,6,2021,24,0
2021-06-19,Beauty,101.0,190.9,0,58.43,5,6,2021,24,0
2021-06-20,Beauty,79.0,190.9,0,70.39,6,6,2021,24,0
2021-06-21,Beauty,74.0,190.9,0,55.75,0,6,2021,25,0
2021-06-22,Beauty,80.0,190.9,0,58.32,1,6,2021,25,0
2021-06-23,Beauty,78.0,190.9,0,51.69,2,6,2021,25,0
2021-06-24,Beauty,77.0,190.9,0,41.37,3,6,2021,25,0
2021-06-25,Beauty,100.0,190.9,0,50.52,4,6,2021,25,0
2021-06-26,Beauty,98.0,190.9,0,65.69,5,6,2021,25,0
2021-06-27,Beauty,93.0,190.9,0,56.07,6,6,2021,25,0
2021-06-28,Beauty,73.0,190.9,0,60.61,0,6,2021,26,0
2021-06-29,Beauty,67.0,190.9,0,49.98,1,6,2021,26,0
2021-06-30,Beauty,77.0,190.9,0,39.25,2,6,2021,26,0
2021-07-01,Beauty,79.0,190.9,0,44.8,3,7,2021,26,0
2021-07-02,Beauty,92.0,190.9,0,51.64,4,7,2021,26,0
2021-07-03,Beauty,97.0,190.9,0,50.16,5,7,2021,26,0
2021-07-04,Beauty,138.0,190.9,0,48.23,6,7,2021,26,1
2021-07-05,Beauty,62.0,190.9,0,44.94,0,7,2021,27,0
2021-07-06,Beauty,76.0,190.9,0,51.6,1,7,2021,27,0
2021-07-07,Beauty,74.0,190.9,0,43.71,2,7,2021,27,0
2021-07-08,Beauty,70.0,190.9,0,47.07,3,7,2021,27,0
2021-07-09,Beauty,87.0,190.9,0,45.83,4,7,2021,27,0
2021-07-10,Beauty,99.0,190.9,0,42.33,5,7,2021,27,0
2021-07-11,Beauty,113.0,190.9,0,39.08,6,7,2021,27,0
2021-07-12,Beauty,69.0,190.9,0,40.67,0,7,2021,28,0
2021-07-13,Beauty,76.0,190.9,0,51.5,1,7,2021,28,0
2021-07-14,Beauty,67.0,190.9,0,47.02,2,7,2021,28,0
2021-07-15,Beauty,74.0,190.9,0,45.89,3,7,2021,28,0
2021-07-16,Beauty,145.0,165.29,1,36.19,4,7,2021,28,0
2021-07-17,Beauty,159.0,165.29,1,32.26,5,7,2021,28,0
2021-07-18,Beauty,159.0,165.29,1,44.27,6,7,2021,28,0
2021-07-19,Beauty,124.0,165.29,1,42.66,0,7,2021,29,0
2021-07-20,Beauty,114.0,165.29,1,38.16,1,7,2021,29,0
2021-07-21,Beauty,136.0,154.66,1,34.97,2,7,2021,29,0
2021-07-22,Beauty,131.0,154.66,1,28.86,3,7,2021,29,0
2021-07-23,Beauty,152.0,154.66,1,39.87,4,7,2021,29,0
2021-07-24,Beauty,180.0,154.66,1,40.82,5,7,2021,29,0
2021-07-25,Beauty,175.0,154.66,1,30.86,6,7,2021,29,0
2021-07-26,Beauty,138.0,154.66,1,29.81,0,7,2021,30,0
2021-07-27,Beauty,132.0,154.66,1,39.21,1,7,2021,30,0
2021-07-28,Beauty,76.0,190.9,0,29.17,2,7,2021,30,0
2021-07-29,Beauty,75.0,190.9,0,40.66,3,7,2021,30,0
2021-07-30,Beauty,81.0,190.9,0,30.61,4,7,2021,30,0
2021-07-31,Beauty,89.0,190.9,0,28.62,5,7,2021,30,0
2021-08-01,Beauty,86.0,190.9,0,30.18,6,8,2021,30,0
2021-08-02,Beauty,86.0,190.9,0,27.42,0,8,2021,31,0
2021-08-03,Beauty,61.0,190.9,0,34.4,1,8,2021,31,0
2021-08-04,Beauty,80.0,190.9,0,32.62,2,8,2021,31,0
2021-08-05,Beauty,72.0,190.9,0,33.06,3,8,2021,31,0
2021-08-06,Beauty,97.0,190.9,0,27.97,4,8,2021,31,0
2021-08-07,Beauty,83.0,190.9,0,24.21,5,8,2021,31,0
2021-08-08,Beauty,,190.9,0,25.89,6,8,2021,31,0
2021-08-09,Beauty,84.0,190.9,0,23.26,0,8,2021,32,0
2021-08-10,Beauty,78.0,190.9,0,32.18,1,8,2021,32,0
2021-08-11,Beauty,71.0,190.9,0,29.33,2,8,2021,32,0
2021-08-12,Beauty,65.0,190.9,0,23.34,3,8,2021,32,0
2021-08-13,Beauty,79.0,190.9,0,18.65,4,8,2021,32,0
2021-08-14,Beauty,112.0,190.9,0,30.47,5,8,2021,32,0
2021-08-15,Beauty,96.0,190.9,0,22.95,6,8,2021,32,0
2021-08-16,Beauty,75.0,190.9,0,21.13,0,8,2021,33,0
2021-08-17,Beauty,76.0,190.9,0,29.04,1,8,2021,33,0
2021-08-18,Beauty,66.0,190.9,0,18.27,2,8,2021,33,0
2021-08-19,Beauty,80.0,190.9,0,18.76,3,8,2021,33,0
2021-08-20,Beauty,85.0,190.9,0,18.74,4,8,2021,33,0
2021-08-21,Beauty,103.0,190.9,0,12.86,5,8,2021,33,0
2021-08-22,Beauty,95.0,190.9,0,20.58,6,8,2021,33,0
2021-08-23,Beauty,66.0,190.9,0,14.76,0,8,2021,34,0
2021-08-24,Beauty,71.0,190.9,0,15.3,1,8,2021,34,0
2021-08-25,Beauty,77.0,190.9,0,14.22,2,8,2021,34,0
2021-08-26,Beauty,80.0,190.9,0,14.4,3,8,2021,34,0
2021-08-27,Beauty,89.0,190.9,0,12.75,4,8,2021,34,0
2021-08-28,Beauty,108.0,190.9,0,17.8,5,8,2021,34,0
2021-08-29,Beauty,98.0,190.9,0,15.41,6,8,2021,34,0
2021-08-30,Beauty,76.0,190.9,0,16.07,0,8,2021,35,0
2021-08-31,Beauty,71.0,190.9,0,27.24,1,8,2021,35,0
2021-09-01,Beauty,79.0,190.9,0,14.35,2,9,2021,35,0
2021-09-02,Beauty,79.0,190.9,0,17.82,3,9,2021,35,0
2021-09-03,Beauty,84.0,190.9,0,18.07,4,9,2021,35,0
2021-09-04,Beauty,89.0,190.9,0,13.85,5,9,2021,35,0
2021-09-05,Beauty,108.0,190.9,0,15.23,6,9,2021,35,0
2021-09-06,Beauty,71.0,190.9,0,13.68,0,9,2021,36,0
2021-09-07,Beauty,74.0,190.9,0,14.31,1,9,2021,36,0
2021-09-08,Beauty,87.0,190.9,0,10.1,2,9,2021,36,0
2021-09-09,Beauty,82.0,190.9,0,10.3,3,9,2021,36,0
2021-09-10,Beauty,100.0,190.9,0,12.61,4,9,2021,36,0
2021-09-11,Beauty,97.0,190.9,0,2.43,5,9,2021,36,0
2021-09-12,Beauty,108.0,190.9,0,19.55,6,9,2021,36,0
2021-09-13,Beauty,76.0,190.9,0,22.66,0,9,2021,37,0
2021-09-14,Beauty,76.0,190.9,0,12.5,1,9,2021,37,0
2021-09-15,Beauty,85.0,190.9,0,14.79,2,9,2021,37,0
2021-09-16,Beauty,76.0,190.9,0,16.69,3,9,2021,37,0
2021-09-17,Beauty,89.0,190.9,0,4.49,4,9,2021,37,0
2021-09-18,Beauty,94.0,190.9,0,15.6,5,9,2021,37,0
2021-09-19,Beauty,106.0,190.9,0,8.68,6,9,2021,37,0
2021-09-20,Beauty,72.0,190.9,0,22.14,0,9,2021,38,0
2021-09-21,Beauty,80.0,190.9,0,9.62,1,9,2021,38,0
2021-09-22,Beauty,64.0,190.9,0,14.99,2,9,2021,38,0
2021-09-23,Beauty,81.0,190.9,0,9.46,3,9,2021,38,0
2021-09-24,Beauty,84.0,190.9,0,21.25,4,9,2021,38,0
2021-09-25,Beauty,107.0,190.9,0,7.63,5,9,2021,38,0
2021-09-26,Beauty,99.0,190.9,0,15.96,6,9,2021,38,0
2021-09-27,Beauty,73.0,190.9,0,13.22,0,9,2021,39,0
2021-09-28,Beauty,72.0,190.9,0,12.07,1,9,2021,39,0
2021-09-29,Beauty,68.0,190.9,0,11.16,2,9,2021,39,0
2021-09-30,Beauty,83.0,190.9,0,6.67,3,9,2021,39,0
2021-10-01,Beauty,81.0,190.9,0,-2.93,4,10,2021,39,0
2021-10-02,Beauty,99.0,190.9,0,15.38,5,10,2021,39,0
2021-10-03,Beauty,102.0,190.9,0,7.59,6,10,2021,39,0
2021-10-04,Beauty,86.0,190.9,0,15.91,0,10,2021,40,0
2021-10-05,Beauty,74.0,190.9,0,11.87,1,10,2021,40,0
2021-10-06,Beauty,72.0,190.9,0,16.16,2,10,2021,40,0
2021-10-07,Beauty,79.0,190.9,0,14.24,3,10,2021,40,0
2021-10-08,Beauty,74.0,190.9,0,-2.01,4,10,2021,40,0
2021-10-09,Beauty,91.0,190.9,0,13.48,5,10,2021,40,0
2021-10-10,Beauty,96.0,190.9,0,8.79,6,10,2021,40,0
2021-10-11,Beauty,72.0,190.9,0,16.45,0,10,2021,41,0
2021-10-12,Beauty,65.0,190.9,0,13.7,1,10,2021,41,0
2021-10-13,Beauty,78.0,190.9,0,13.9,2,10,2021,41,0
2021-10-14,Beauty,79.0,190.9,0,9.67,3,10,2021,41,0
2021-10-15,Beauty,89.0,190.9,0,6.63,4,10,2021,41,0
2021-10-16,Beauty,96.0,190.9,0,9.21,5,10,2021,41,0
2021-10-17,Beauty,100.0,190.9,0,2.56,6,10,2021,41,0
2021-10-18,Beauty,79.0,190.9,0,8.8,0,10,2021,42,0
2021-10-19,Beauty,73.0,190.9,0,4.64,1,10,2021,42,0
2021-10-20,Beauty,76.0,190.9,0,4.99,2,10,2021,42,0
2021-10-21,Beauty,73.0,190.9,0,12.99,3,10,2021,42,0
2021-10-22,Beauty,89.0,190.9,0,15.32,4,10,2021,42,0
2021-10-23,Beauty,110.0,190.9,0,12.74,5,10,2021,42,0
2021-10-24,Beauty,109.0,190.9,0,10.67,6,10,2021,42,0
2021-10-25,Beauty,84.0,190.9,0,8.7,0,10,2021,43,0
2021-10-26,Beauty,76.0,190.9,0,12.13,1,10,2021,43,0
2021-10-27,Beauty,74.0,190.9,0,9.9,2,10,2021,43,0
2021-10-28,Beauty,75.0,190.9,0,14.01,3,10,2021,43,0
2021-10-29,Beauty,76.0,190.9,0,7.03,4,10,2021,43,0
2021-10-30,Beauty,90.0,190.9,0,18.47,5,10,2021,43,0
2021-10-31,Beauty,147.0,190.9,0,12.47,6,10,2021,43,1
2021-11-01,Beauty,75.0,190.9,0,17.53,0,11,2021,44,0
2021-11-02,Beauty,83.0,190.9,0,20.44,1,11,2021,44,0
2021-11-03,Beauty,81.0,190.9,0,18.01,2,11,2021,44,0
2021-11-04,Beauty,73.0,190.9,0,20.75,3,11,2021,44,0
2021-11-05,Beauty,94.0,190.9,0,6.81,4,11,2021,44,0
2021-11-06,Beauty,97.0,190.9,0,15.07,5,11,2021,44,0
2021-11-07,Beauty,105.0,190.9,0,23.46,6,11,2021,44,0
2021-11-08,Beauty,81.0,190.9,0,20.91,0,11,2021,45,0
2021-11-09,Beauty,82.0,190.9,0,28.03,1,11,2021,45,0
2021-11-10,Beauty,71.0,190.9,0,27.75,2,11,2021,45,0
2021-11-11,Beauty,84.0,190.9,0,21.17,3,11,2021,45,0
2021-11-12,Beauty,75.0,190.9,0,18.86,4,11,2021,45,0
2021-11-13,Beauty,112.0,190.9,0,15.79,5,11,2021,45,0
2021-11-14,Beauty,99.0,190.9,0,18.68,6,11,2021,45,0
2021-11-15,Beauty,76.0,190.9,0,19.49,0,11,2021,46,0
2021-11-16,Beauty,62.0,190.9,0,19.06,1,11,2021,46,0
2021-11-17,Beauty,71.0,190.9,0,17.93,2,11,2021,46,0
2021-11-18,Beauty,86.0,190.9,0,25.03,3,11,2021,46,0
2021-11-19,Beauty,86.0,190.9,0,32.02,4,11,2021,46,0
2021-11-20,Beauty,107.0,190.9,0,28.72,5,11,2021,46,0
2021-11-21,Beauty,100.0,190.9,0,22.97,6,11,2021,46,0
2021-11-22,Beauty,126.0,171.63,1,30.19,0,11,2021,47,0
2021-11-23,Beauty,116.0,171.63,1,27.39,1,11,2021,47,0
2021-11-24,Beauty,104.0,171.63,1,26.01,2,11,2021,47,0
2021-11-25,Beauty,263.0,171.63,1,26.25,3,11,2021,47,1
2021-11-26,Beauty,300.0,190.9,0,26.33,4,11,2021,47,1
2021-11-27,Beauty,105.0,190.9,0,31.16,5,11,2021,47,0
2021-11-28,Beauty,99.0,190.9,0,29.18,6,11,2021,47,0
2021-11-29,Beauty,90.0,190.9,0,25.42,0,11,2021,48,0
2021-11-30,Beauty,81.0,190.9,0,25.77,1,11,2021,48,0
2021-12-01,Beauty,78.0,190.9,0,31.78,2,12,2021,48,0
2021-12-02,Beauty,80.0,190.9,0,32.99,3,12,2021,48,0
2021-12-03,Beauty,94.0,190.9,0,29.89,4,12,2021,48,0
2021-12-04,Beauty,108.0,190.9,0,26.41,5,12,2021,48,0
2021-12-05,Beauty,82.0,190.9,0,38.94,6,12,2021,48,0
2021-12-06,Beauty,78.0,190.9,0,38.51,0,12,2021,49,0
2021-12-07,Beauty,73.0,190.9,0,24.0,1,12,2021,49,0
2021-12-08,Beauty,71.0,190.9,0,41.27,2,12,2021,49,0
2021-12-09,Beauty,77.0,190.9,0,34.17,3,12,2021,49,0
2021-12-10,Beauty,78.0,190.9,0,36.8,4,12,2021,49,0
2021-12-11,Beauty,87.0,190.9,0,42.19,5,12,2021,49,0
2021-12-12,Beauty,110.0,190.9,0,45.41,6,12,2021,49,0
2021-12-13,Beauty,79.0,190.9,0,42.82,0,12,2021,50,0
2021-12-14,Beauty,60.0,190.9,0,39.67,1,12,2021,50,0
2021-12-15,Beauty,70.0,190.9,0,32.24,2,12,2021,50,0
2021-12-16,Beauty,83.0,190.9,0,29.65,3,12,2021,50,0
2021-12-17,Beauty,87.0,190.9,0,44.84,4,12,2021,50,0
2021-12-18,Beauty,112.0,190.9,0,47.83,5,12,2021,50,0
2021-12-19,Beauty,108.0,190.9,0,37.72,6,12,2021,50,0
2021-12-20,Beauty,68.0,190.9,0,41.12,0,12,2021,51,0
2021-12-21,Beauty,74.0,190.9,0,40.36,1,12,2021,51,0
2021-12-22,Beauty,71.0,190.9,0,40.91,2,12,2021,51,0
2021-12-23,Beauty,69.0,190.9,0,49.88,3,12,2021,51,0
2021-12-24,Beauty,78.0,190.9,0,46.28,4,12,2021,51,0
2021-12-25,Beauty,237.0,190.9,0,44.73,5,12,2021,51,1
2021-12-26,Beauty,170.0,190.9,0,59.85,6,12,2021,51,1
2021-12-27,Beauty,78.0,190.9,0,40.08,0,12,2021,52,0
2021-12-28,Beauty,8.1,190.9,0,50.67,1,12,2021,52,0
2021-12-29,Beauty,77.0,190.9,0,43.38,2,12,2021,52,0
2021-12-30,Beauty,83.0,190.9,0,48.52,3,12,2021,52,0
2021-12-31,Beauty,139.0,190.9,0,50.74,4,12,2021,52,1
2022-01-01,Beauty,192.0,190.9,0,54.91,5,1,2022,52,1
2022-01-02,Beauty,99.0,190.9,0,50.07,6,1,2022,52,0
2022-01-03,Beauty,73.0,190.9,0,50.23,0,1,2022,1,0
2022-01-04,Beauty,86.0,190.9,0,51.36,1,1,2022,1,0
2022-01-05,Beauty,60.0,190.9,0,48.04,2,1,2022,1,0
2022-01-06,Beauty,66.0,190.9,0,57.29,3,1,2022,1,0
2022-01-07,Beauty,92.0,190.9,0,56.21,4,1,2022,1,0
2022-01-08,Beauty,99.0,190.9,0,57.67,5,1,2022,1,0
2022-01-09,Beauty,88.0,190.9,0,55.82,6,1,2022,1,0
2022-01-10,Beauty,70.0,190.9,0,55.89,0,1,2022,2,0
2022-01-11,Beauty,69.0,190.9,0,63.41,1,1,2022,2,0
2022-01-12,Beauty,79.0,190.9,0,63.31,2,1,2022,2,0
2022-01-13,Beauty,85.0,190.9,0,65.95,3,1,2022,2,0
2022-01-14,Beauty,101.0,190.9,0,61.41,4,1,2022,2,0
2022-01-15,Beauty,89.0,190.9,0,66.98,5,1,2022,2,0
2022-01-16,Beauty,89.0,190.9,0,58.8,6,1,2022,2,0
2022-01-17,Beauty,67.0,190.9,0,60.54,0,1,2022,3,0
2022-01-18,Beauty,82.0,190.9,0,68.17,1,1,2022,3,0
2022-01-19,Beauty,76.0,190.9,0,67.07,2,1,2022,3,0
2022-01-20,Beauty,78.0,190.9,0,62.05,3,1,2022,3,0
2022-01-21,Beauty,91.0,190.9,0,58.92,4,1,2022,3,0
2022-01-22,Beauty,101.0,190.9,0,63.77,5,1,2022,3,0
2022-01-23,Beauty,91.0,190.9,0,62.0,6,1,2022,3,0
2022-01-24,Beauty,79.0,190.9,0,74.68,0,1,2022,4,0
2022-01-25,Beauty,73.0,190.9,0,70.49,1,1,2022,4,0
2022-01-26,Beauty,67.0,190.9,0,63.48,2,1,2022,4,0
2022-01-27,Beauty,,190.9,0,62.7,3,1,2022,4,0
2022-01-28,Beauty,86.0,190.9,0,64.65,4,1,2022,4,0
2022-01-29,Beauty,104.0,190.9,0,66.36,5,1,2022,4,0
2022-01-30,Beauty,99.0,190.9,0,68.92,6,1,2022,4,0
2022-01-31,Beauty,82.0,190.9,0,75.92,0,1,2022,5,0
2022-02-01,Beauty,76.0,190.9,0,66.1,1,2,2022,5,0
2022-02-02,Beauty,69.0,190.9,0,82.97,2,2,2022,5,0
2022-02-03,Beauty,80.0,190.9,0,67.38,3,2,2022,5,0
2022-02-04,Beauty,92.0,190.9,0,65.62,4,2,2022,5,0
2022-02-05,Beauty,106.0,190.9,0,81.67,5,2,2022,5,0
2022-02-06,Beauty,108.0,190.9,0,80.4,6,2,2022,5,0
2022-02-07,Beauty,73.0,190.9,0,73.43,0,2,2022,6,0
2022-02-08,Beauty,79.0,190.9,0,76.79,1,2,2022,6,0
2022-02-09,Beauty,64.0,190.9,0,77.45,2,2,2022,6,0
2022-02-10,Beauty,77.0,190.9,0,76.63,3,2,2022,6,0
2022-02-11,Beauty,87.0,190.9,0,69.98,4,2,2022,6,0
2022-02-12,Beauty,114.0,190.9,0,64.57,5,2,2022,6,0
2022-02-13,Beauty,99.0,190.9,0,73.26,6,2,2022,6,0
2022-02-14,Beauty,128.0,190.9,0,87.06,0,2,2022,7,1
2022-02-15,Beauty,64.0,190.9,0,87.74,1,2,2022,7,0
2022-02-16,Beauty,72.0,190.9,0,77.64,2,2,2022,7,0
2022-02-17,Beauty,73.0,190.9,0,74.63,3,2,2022,7,0
2022-02-18,Beauty,107.0,190.9,0,81.27,4,2,2022,7,0
2022-02-19,Beauty,96.0,190.9,0,82.53,5,2,2022,7,0
2022-02-20,Beauty,101.0,190.9,0,83.78,6,2,2022,7,0
2022-02-21,Beauty,77.0,190.9,0,68.58,0,2,2022,8,0
2022-02-22,Beauty,65.0,190.9,0,97.43,1,2,2022,8,0
2022-02-23,Beauty,71.0,190.9,0,87.72,2,2,2022,8,0
2022-02-24,Beauty,81.0,190.9,0,81.47,3,2,2022,8,0
2022-02-25,Beauty,90.0,190.9,0,79.27,4,2,2022,8,0
2022-02-26,Beauty,83.0,190.9,0,88.18,5,2,2022,8,0
2022-02-27,Beauty,96.0,190.9,0,86.1,6,2,2022,8,0
2022-02-28,Beauty,163.0,139.01,1,84.45,0,2,2022,9,0
2022-03-01,Beauty,154.0,139.01,1,86.64,1,3,2022,9,0
2022-03-02,Beauty,160.0,139.01,1,84.13,2,3,2022,9,0
2022-03-03,Beauty,142.0,139.01,1,87.04,3,3,2022,9,0
2022-03-04,Beauty,194.0,139.01,1,88.99,4,3,2022,9,0
2022-03-05,Beauty,101.0,190.9,0,87.4,5,3,2022,9,0
2022-03-06,Beauty,113.0,190.9,0,87.44,6,3,2022,9,0
2022-03-07,Beauty,76.0,190.9,0,93.24,0,3,2022,10,0
2022-03-08,Beauty,62.0,190.9,0,78.58,1,3,2022,10,0
2022-03-09,Beauty,79.0,190.9,0,82.85,2,3,2022,10,0
2022-03-10,Beauty,75.0,190.9,0,87.23,3,3,2022,10,0
2022-03-11,Beauty,86.0,190.9,0,83.7,4,3,2022,10,0
2022-03-12,Beauty,90.0,190.9,0,85.61,5,3,2022,10,0
2022-03-13,Beauty,113.0,190.9,0,94.26,6,3,2022,10,0
2022-03-14,Beauty,73.0,190.9,0,87.3,0,3,2022,11,0
2022-03-15,Beauty,84.0,190.9,0,79.1,1,3,2022,11,0
2022-03-16,Beauty,71.0,190.9,0,86.33,2,3,2022,11,0
2022-03-17,Beauty,72.0,190.9,0,88.92,3,3,2022,11,0
2022-03-18,Beauty,99.0,190.9,0,89.0,4,3,2022,11,0
2022-03-19,Beauty,101.0,190.9,0,91.74,5,3,2022,11,0
2022-03-20,Beauty,100.0,190.9,0,91.49,6,3,2022,11,0
2022-03-21,Beauty,69.0,190.9,0,88.56,0,3,2022,12,0
2022-03-22,Beauty,72.0,190.9,0,83.41,1,3,2022,12,0
2022-03-23,Beauty,76.0,190.9,0,87.29,2,3,2022,12,0
2022-03-24,Beauty,70.0,190.9,0,86.48,3,3,2022,12,0
2022-03-25,Beauty,85.0,190.9,0,88.26,4,3,2022,12,0
2022-03-26,Beauty,99.0,190.9,0,93.22,5,3,2022,12,0
2022-03-27,Beauty,101.0,190.9,0,91.86,6,3,2022,12,0
2022-03-28,Beauty,86.0,190.9,0,94.01,0,3,2022,13,0
2022-03-29,Beauty,73.0,190.9,0,88.02,1,3,2022,13,0
2022-03-30,Beauty,70.0,190.9,0,97.51,2,3,2022,13,0
2022-03-31,Beauty,95.0,190.9,0,93.35,3,3,2022,13,0
2022-04-01,Beauty,86.0,190.9,0,90.56,4,4,2022,13,0
2022-04-02,Beauty,100.0,190.9,0,93.01,5,4,2022,13,0
2022-04-03,Beauty,97.0,190.9,0,86.6,6,4,2022,13,0
2022-04-04,Beauty,75.0,190.9,0,79.41,0,4,2022,14,0
2022-04-05,Beauty,75.0,190.9,0,86.88,1,4,2022,14,0
2022-04-06,Beauty,79.0,190.9,0,93.6,2,4,2022,14,0
2022-04-07,Beauty,81.0,190.9,0,90.21,3,4,2022,14,0
2022-04-08,Beauty,97.0,190.9,0,89.05,4,4,2022,14,0
2022-04-09,Beauty,111.0,190.9,0,85.41,5,4,2022,14,0
2022-04-10,Beauty,102.0,190.9,0,79.77,6,4,2022,14,0
2022-04-11,Beauty,79.0,190.9,0,96.56,0,4,2022,15,0
2022-04-12,Beauty,81.0,190.9,0,88.28,1,4,2022,15,0
2022-04-13,Beauty,67.0,190.9,0,87.04,2,4,2022,15,0
2022-04-14,Beauty,94.0,190.9,0,85.68,3,4,2022,15,0
2022-04-15,Beauty,8.6,190.9,0,95.16,4,4,2022,15,0
2022-04-16,Beauty,99.0,190.9,0,93.12,5,4,2022,15,0
2022-04-17,Beauty,91.0,190.9,0,83.7,6,4,2022,15,0
2022-04-18,Beauty,69.0,190.9,0,94.17,0,4,2022,16,0
2022-04-19,Beauty,81.0,190.9,0,87.42,1,4,2022,16,0
2022-04-20,Beauty,87.0,190.9,0,84.88,2,4,2022,16,0
2022-04-21,Beauty,75.0,190.9,0,86.24,3,4,2022,16,0
2022-04-22,Beauty,92.0,190.9,0,83.56,4,4,2022,16,0
2022-04-23,Beauty,104.0,190.9,0,80.62,5,4,2022,16,0
2022-04-24,Beauty,108.0,190.9,0,90.85,6,4,2022,16,0
2022-04-25,Beauty,90.0,190.9,0,85.6,0,4,2022,17,0
2022-04-26,Beauty,84.0,190.9,0,89.51,1,4,2022,17,0
2022-04-27,Beauty,73.0,190.9,0,87.57,2,4,2022,17,0
2022-04-28,Beauty,82.0,190.9,0,88.58,3,4,2022,17,0
2022-04-29,Beauty,94.0,190.9,0,75.29,4,4,2022,17,0
2022-04-30,Beauty,102.0,190.9,0,80.87,5,4,2022,17,0
2022-05-01,Beauty,92.0,190.9,0,87.72,6,5,2022,17,0
2022-05-02,Beauty,72.0,190.9,0,78.15,0,5,2022,18,0
2022-05-03,Beauty,82.0,190.9,0,86.04,1,5,2022,18,0
2022-05-04,Beauty,81.0,190.9,0,76.86,2,5,2022,18,0
2022-05-05,Beauty,77.0,190.9,0,83.52,3,5,2022,18,0
2022-05-06,Beauty,176.0,141.95,1,91.1,4,5,2022,18,0
2022-05-07,Beauty,216.0,141.95,1,86.53,5,5,2022,18,0
2022-05-08,Beauty,167.0,141.95,1,73.01,6,5,2022,18,0
2022-05-09,Beauty,210.0,102.68,1,86.09,0,5,2022,19,0
2022-05-10,Beauty,247.0,102.68,1,90.54,1,5,2022,19,0
2022-05-11,Beauty,216.0,102.68,1,94.98,2,5,2022,19,0
2022-05-12,Beauty,202.0,102.68,1,82.93,3,5,2022,19,0
2022-05-13,Beauty,180.0,138.09,1,73.28,4,5,2022,19,0
2022-05-14,Beauty,220.0,138.09,1,81.82,5,5,2022,19,0
2022-05-15,Beauty,80.0,190.9,0,87.16,6,5,2022,19,0
2022-05-16,Beauty,78.0,190.9,0,77.77,0,5,2022,20,0
2022-05-17,Beauty,73.0,190.9,0,83.44,1,5,2022,20,0
2022-05-18,Beauty,64.0,190.9,0,73.53,2,5,2022,20,0
2022-05-19,Beauty,79.0,190.9,0,79.09,3,5,2022,20,0
2022-05-20,Beauty,88.0,190.9,0,64.27,4,5,2022,20,0
2022-05-21,Beauty,102.0,190.9,0,71.45,5,5,2022,20,0
2022-05-22,Beauty,98.0,190.9,0,75.65,6,5,2022,20,0
2022-05-23,Beauty,70.0,190.9,0,73.33,0,5,2022,21,0
2022-05-24,Beauty,66.0,190.9,0,68.11,1,5,2022,21,0
2022-05-25,Beauty,70.0,190.9,0,71.57,2,5,2022,21,0
2022-05-26,Beauty,84.0,190.9,0,75.16,3,5,2022,21,0
2022-05-27,Beauty,91.0,190.9,0,72.52,4,5,2022,21,0
2022-05-28,Beauty,102.0,190.9,0,72.69,5,5,2022,21,0
2022-05-29,Beauty,92.0,190.9,0,75.47,6,5,2022,21,0
2022-05-30,Beauty,74.0,190.9,0,69.51,0,5,2022,22,0
2022-05-31,Beauty,79.0,190.9,0,77.44,1,5,2022,22,0
2022-06-01,Beauty,77.0,190.9,0,65.1,2,6,2022,22,0
2022-06-02,Beauty,75.0,190.9,0,79.09,3,6,2022,22,0
2022-06-03,Beauty,71.0,190.9,0,74.41,4,6,2022,22,0
2022-06-04,Beauty,97.0,190.9,0,66.46,5,6,2022,22,0
2022-06-05,Beauty,97.0,190.9,0,66.17,6,6,2022,22,0
2022-06-06,Beauty,71.0,190.9,0,68.03,0,6,2022,23,0
2022-06-07,Beauty,73.0,190.9,0,69.37,1,6,2022,23,0
2022-06-08,Beauty,79.0,190.9,0,71.22,2,6,2022,23,0
2022-06-09,Beauty,78.0,190.9,0,58.41,3,6,2022,23,0
2022-06-10,Beauty,97.0,190.9,0,66.66,4,6,2022,23,0
2022-06-11,Beauty,90.0,190.9,0,53.24,5,6,2022,23,0
2022-06-12,Beauty,98.0,190.9,0,62.29,6,6,2022,23,0
2022-06-13,Beauty,65.0,190.9,0,69.79,0,6,2022,24,0
2022-06-14,Beauty,72.0,190.9,0,54.78,1,6,2022,24,0
2022-06-15,Beauty,68.0,190.9,0,53.21,2,6,2022,24,0
2022-06-16,Beauty,87.0,190.9,0,61.65,3,6,2022,24,0
2022-06-17,Beauty,93.0,190.9,0,66.82,4,6,2022,24,0
2022-06-18,Beauty,111.0,190.9,0,60.84,5,6,2022,24,0
2022-06-19,Beauty,97.0,190.9,0,49.02,6,6,2022,24,0
2022-06-20,Beauty,71.0,190.9,0,49.45,0,6,2022,25,0
2022-06-21,Beauty,69.0,190.9,0,57.68,1,6,2022,25,0
2022-06-22,Beauty,76.0,190.9,0,50.62,2,6,2022,25,0
2022-06-23,Beauty,90.0,190.9,0,56.52,3,6,2022,25,0
2022-06-24,Beauty,93.0,190.9,0,56.13,4,6,2022,25,0
2022-06-25,Beauty,99.0,190.9,0,52.02,5,6,2022,25,0
2022-06-26,Beauty,99.0,190.9,0,62.86,6,6,2022,25,0
2022-06-27,Beauty,77.0,190.9,0,56.05,0,6,2022,26,0
2022-06-28,Beauty,87.0,190.9,0,58.47,1,6,2022,26,0
2022-06-29,Beauty,82.0,190.9,0,56.32,2,6,2022,26,0
2022-06-30,Beauty,80.0,190.9,0,50.28,3,6,2022,26,0
2022-07-01,Beauty,90.0,190.9,0,49.37,4,7,2022,26,0
2022-07-02,Beauty,105.0,190.9,0,48.17,5,7,2022,26,0
2022-07-03,Beauty,105.0,190.9,0,52.37,6,7,2022,26,0
2022-07-04,Beauty,104.0,190.9,0,45.03,0,7,2022,27,1
2022-07-05,Beauty,70.0,190.9,0,56.22,1,7,2022,27,0
2022-07-06,Beauty,80.0,190.9,0,43.18,2,7,2022,27,0
2022-07-07,Beauty,79.0,190.9,0,47.29,3,7,2022,27,0
2022-07-08,Beauty,96.0,190.9,0,44.39,4,7,2022,27,0
2022-07-09,Beauty,116.0,190.9,0,42.6,5,7,2022,27,0
2022-07-10,Beauty,105.0,190.9,0,55.03,6,7,2022,27,0
2022-07-11,Beauty,79.0,190.9,0,41.29,0,7,2022,28,0
2022-07-12,Beauty,94.0,190.9,0,41.29,1,7,2022,28,0
2022-07-13,Beauty,76.0,190.9,0,38.81,2,7,2022,28,0
2022-07-14,Beauty,72.0,190.9,0,41.66,3,7,2022,28,0
2022-07-15,Beauty,88.0,190.9,0,40.28,4,7,2022,28,0
2022-07-16,Beauty,115.0,190.9,0,34.52,5,7,2022,28,0
2022-07-17,Beauty,90.0,190.9,0,37.33,6,7,2022,28,0
2022-07-18,Beauty,72.0,190.9,0,41.84,0,7,2022,29,0
2022-07-19,Beauty,82.0,190.9,0,43.27,1,7,2022,29,0
2022-07-20,Beauty,73.0,190.9,0,37.6,2,7,2022,29,0
2022-07-21,Beauty,78.0,190.9,0,37.12,3,7,2022,29,0
2022-07-22,Beauty,97.0,190.9,0,34.37,4,7,2022,29,0
2022-07-23,Beauty,97.0,190.9,0,33.02,5,7,2022,29,0
2022-07-24,Beauty,89.0,190.9,0,30.29,6,7,2022,29,0
2022-07-25,Beauty,68.0,190.9,0,26.47,0,7,2022,30,0
2022-07-26,Beauty,79.0,190.9,0,30.11,1,7,2022,30,0
2022-07-27,Beauty,76.0,190.9,0,37.52,2,7,2022,30,0
2022-07-28,Beauty,74.0,190.9,0,30.26,3,7,2022,30,0
2022-07-29,Beauty,81.0,190.9,0,30.03,4,7,2022,30,0
2022-07-30,Beauty,100.0,190.9,0,29.33,5,7,2022,30,0
2022-07-31,Beauty,110.0,190.9,0,36.77,6,7,2022,30,0
2022-08-01,Beauty,,190.9,0,25.31,0,8,2022,31,0
2022-08-02,Beauty,71.0,190.9,0,30.74,1,8,2022,31,0
2022-08-03,Beauty,67.0,190.9,0,28.43,2,8,2022,31,0
2022-08-04,Beauty,76.0,190.9,0,28.53,3,8,2022,31,0
2022-08-05,Beauty,92.0,190.9,0,28.84,4,8,2022,31,0
2022-08-06,Beauty,120.0,190.9,0,27.33,5,8,2022,31,0
2022-08-07,Beauty,103.0,190.9,0,30.45,6,8,2022,31,0
2022-08-08,Beauty,77.0,190.9,0,25.79,0,8,2022,32,0
2022-08-09,Beauty,80.0,190.9,0,34.11,1,8,2022,32,0
2022-08-10,Beauty,79.0,190.9,0,25.07,2,8,2022,32,0
2022-08-11,Beauty,75.0,190.9,0,15.8,3,8,2022,32,0
2022-08-12,Beauty,106.0,190.9,0,26.99,4,8,2022,32,0
2022-08-13,Beauty,102.0,190.9,0,25.24,5,8,2022,32,0
2022-08-14,Beauty,103.0,190.9,0,22.93,6,8,2022,32,0
2022-08-15,Beauty,80.0,190.9,0,20.97,0,8,2022,33,0
2022-08-16,Beauty,77.0,190.9,0,11.2,1,8,2022,33,0
2022-08-17,Beauty,84.0,190.9,0,11.56,2,8,2022,33,0
2022-08-18,Beauty,75.0,190.9,0,29.06,3,8,2022,33,0
2022-08-19,Beauty,95.0,190.9,0,17.42,4,8,2022,33,0
2022-08-20,Beauty,104.0,190.9,0,24.72,5,8,2022,33,0
2022-08-21,Beauty,109.0,190.9,0,11.43,6,8,2022,33,0
2022-08-22,Beauty,76.0,190.9,0,13.77,0,8,2022,34,0
2022-08-23,Beauty,73.0,190.9,0,21.97,1,8,2022,34,0
2022-08-24,Beauty,79.0,190.9,0,17.64,2,8,2022,34,0
2022-08-25,Beauty,81.0,190.9,0,20.43,3,8,2022,34,0
2022-08-26,Beauty,84.0,190.9,0,17.27,4,8,2022,34,0
2022-08-27,Beauty,114.0,190.9,0,15.91,5,8,2022,34,0
2022-08-28,Beauty,107.0,190.9,0,13.16,6,8,2022,34,0
2022-08-29,Beauty,77.0,190.9,0,10.22,0,8,2022,35,0
2022-08-30,Beauty,73.0,190.9,0,22.84,1,8,2022,35,0
2022-08-31,Beauty,77.0,190.9,0,23.31,2,8,2022,35,0
2022-09-01,Beauty,83.0,190.9,0,9.94,3,9,2022,35,0
2022-09-02,Beauty,78.0,190.9,0,9.28,4,9,2022,35,0
2022-09-03,Beauty,106.0,190.9,0,12.74,5,9,2022,35,0
2022-09-04,Beauty,106.0,190.9,0,15.87,6,9,2022,35,0
2022-09-05,Beauty,63.0,190.9,0,12.96,0,9,2022,36,0
2022-09-06,Beauty,77.0,190.9,0,16.07,1,9,2022,36,0
2022-09-07,Beauty,79.0,190.9,0,13.05,2,9,2022,36,0
2022-09-08,Beauty,82.0,190.9,0,12.46,3,9,2022,36,0
2022-09-09,Beauty,96.0,190.9,0,24.84,4,9,2022,36,0
2022-09-10,Beauty,100.0,190.9,0,9.9,5,9,2022,36,0
2022-09-11,Beauty,93.0,190.9,0,20.49,6,9,2022,36,0
2022-09-12,Beauty,66.0,190.9,0,19.3,0,9,2022,37,0
2022-09-13,Beauty,82.0,190.9,0,14.37,1,9,2022,37,0
2022-09-14,Beauty,79.0,190.9,0,2.02,2,9,2022,37,0
2022-09-15,Beauty,86.0,190.9,0,11.62,3,9,2022,37,0
2022-09-16,Beauty,85.0,190.9,0,8.71,4,9,2022,37,0
2022-09-17,Beauty,109.0,190.9,0,11.22,5,9,2022,37,0
2022-09-18,Beauty,89.0,190.9,0,5.64,6,9,2022,37,0
2022-09-19,Beauty,72.0,190.9,0,14.6,0,9,2022,38,0
2022-09-20,Beauty,76.0,190.9,0,15.61,1,9,2022,38,0
2022-09-21,Beauty,79.0,190.9,0,16.41,2,9,2022,38,0
2022-09-22,Beauty,89.0,190.9,0,8.54,3,9,2022,38,0
2022-09-23,Beauty,88.0,190.9,0,5.06,4,9,2022,38,0
2022-09-24,Beauty,96.0,190.9,0,12.03,5,9,2022,38,0
2022-09-25,Beauty,94.0,190.9,0,18.98,6,9,2022,38,0
2022-09-26,Beauty,73.0,190.9,0,10.48,0,9,2022,39,0
2022-09-27,Beauty,89.0,190.9,0,12.34,1,9,2022,39,0
2022-09-28,Beauty,79.0,190.9,0,8.87,2,9,2022,39,0
2022-09-29,Beauty,86.0,190.9,0,7.5,3,9,2022,39,0
2022-09-30,Beauty,88.0,190.9,0,13.29,4,9,2022,39,0
2022-10-01,Beauty,103.0,190.9,0,9.47,5,10,2022,39,0
2022-10-02,Beauty,107.0,190.9,0,12.03,6,10,2022,39,0
2022-10-03,Beauty,74.0,190.9,0,12.57,0,10,2022,40,0
2022-10-04,Beauty,74.0,190.9,0,11.8,1,10,2022,40,0
2022-10-05,Beauty,71.0,190.9,0,12.9,2,10,2022,40,0
2022-10-06,Beauty,76.0,190.9,0,5.9,3,10,2022,40,0
2022-10-07,Beauty,90.0,190.9,0,5.66,4,10,2022,40,0
2022-10-08,Beauty,96.0,190.9,0,10.1,5,10,2022,40,0
2022-10-09,Beauty,104.0,190.9,0,10.31,6,10,2022,40,0
2022-10-10,Beauty,79.0,190.9,0,7.89,0,10,2022,41,0
2022-10-11,Beauty,74.0,190.9,0,11.83,1,10,2022,41,0
2022-10-12,Beauty,70.0,190.9,0,15.29,2,10,2022,41,0
2022-10-13,Beauty,80.0,190.9,0,16.82,3,10,2022,41,0
2022-10-14,Beauty,86.0,190.9,0,18.1,4,10,2022,41,0
2022-10-15,Beauty,103.0,190.9,0,4.62,5,10,2022,41,0
2022-10-16,Beauty,110.0,190.9,0,5.56,6,10,2022,41,0
2022-10-17,Beauty,69.0,190.9,0,10.11,0,10,2022,42,0
2022-10-18,Beauty,89.0,190.9,0,12.15,1,10,2022,42,0
2022-10-19,Beauty,74.0,190.9,0,10.77,2,10,2022,42,0
2022-10-20,Beauty,82.0,190.9,0,9.41,3,10,2022,42,0
2022-10-21,Beauty,85.0,190.9,0,10.88,4,10,2022,42,0
2022-10-22,Beauty,112.0,190.9,0,15.06,5,10,2022,42,0
2022-10-23,Beauty,100.0,190.9,0,6.25,6,10,2022,42,0
2022-10-24,Beauty,75.0,190.9,0,24.88,0,10,2022,43,0
2022-10-25,Beauty,72.0,190.9,0,13.54,1,10,2022,43,0
2022-10-26,Beauty,140.0,143.01,1,18.97,2,10,2022,43,0
2022-10-27,Beauty,156.0,143.01,1,11.11,3,10,2022,43,0
2022-10-28,Beauty,175.0,143.01,1,17.19,4,10,2022,43,0
2022-10-29,Beauty,196.0,143.01,1,15.14,5,10,2022,43,0
2022-10-30,Beauty,182.0,143.01,1,19.25,6,10,2022,43,0
2022-10-31,Beauty,208.0,143.01,1,14.31,0,10,2022,44,1
2022-11-01,Beauty,139.0,143.01,1,23.41,1,11,2022,44,0
2022-11-02,Beauty,77.0,190.9,0,8.55,2,11,2022,44,0
2022-11-03,Beauty,83.0,190.9,0,21.12,3,11,2022,44,0
2022-11-04,Beauty,96.0,190.9,0,17.35,4,11,2022,44,0
2022-11-05,Beauty,103.0,190.9,0,12.05,5,11,2022,44,0
2022-11-06,Beauty,104.0,190.9,0,27.3,6,11,2022,44,0
2022-11-07,Beauty,76.0,190.9,0,27.19,0,11,2022,45,0
2022-11-08,Beauty,65.0,190.9,0,7.99,1,11,2022,45,0
2022-11-09,Beauty,73.0,190.9,0,19.67,2,11,2022,45,0
2022-11-10,Beauty,77.0,190.9,0,22.75,3,11,2022,45,0
2022-11-11,Beauty,83.0,190.9,0,21.88,4,11,2022,45,0
2022-11-12,Beauty,98.0,190.9,0,27.7,5,11,2022,45,0
2022-11-13,Beauty,102.0,190.9,0,27.12,6,11,2022,45,0
2022-11-14,Beauty,70.0,190.9,0,22.38,0,11,2022,46,0
2022-11-15,Beauty,71.0,190.9,0,32.92,1,11,2022,46,0
2022-11-16,Beauty,84.0,190.9,0,26.71,2,11,2022,46,0
2022-11-17,Beauty,69.0,190.9,0,20.76,3,11,2022,46,0
2022-11-18,Beauty,,190.9,0,20.26,4,11,2022,46,0
2022-11-19,Beauty,94.0,190.9,0,29.75,5,11,2022,46,0
2022-11-20,Beauty,95.0,190.9,0,20.09,6,11,2022,46,0
2022-11-21,Beauty,76.0,190.9,0,22.53,0,11,2022,47,0
2022-11-22,Beauty,,190.9,0,23.92,1,11,2022,47,0
2022-11-23,Beauty,78.0,190.9,0,27.44,2,11,2022,47,0
2022-11-24,Beauty,193.0,190.9,0,25.24,3,11,2022,47,1
2022-11-25,Beauty,289.0,190.9,0,20.18,4,11,2022,47,1
2022-11-26,Beauty,112.0,190.9,0,33.14,5,11,2022,47,0
2022-11-27,Beauty,90.0,190.9,0,25.88,6,11,2022,47,0
2022-11-28,Beauty,76.0,190.9,0,38.58,0,11,2022,48,0
2022-11-29,Beauty,79.0,190.9,0,30.58,1,11,2022,48,0
2022-11-30,Beauty,80.0,190.9,0,35.99,2,11,2022,48,0
2022-12-01,Beauty,90.0,190.9,0,33.4,3,12,2022,48,0
2022-12-02,Beauty,98.0,190.9,0,37.43,4,12,2022,48,0
2022-12-03,Beauty,111.0,190.9,0,34.31,5,12,2022,48,0
2022-12-04,Beauty,123.0,190.9,0,33.25,6,12,2022,48,0
2022-12-05,Beauty,78.0,190.9,0,38.16,0,12,2022,49,0
2022-12-06,Beauty,74.0,190.9,0,45.74,1,12,2022,49,0
2022-12-07,Beauty,76.0,190.9,0,32.59,2,12,2022,49,0
2022-12-08,Beauty,73.0,190.9,0,38.55,3,12,2022,49,0
2022-12-09,Beauty,91.0,190.9,0,35.18,4,12,2022,49,0
2022-12-10,Beauty,89.0,190.9,0,38.38,5,12,2022,49,0
2022-12-11,Beauty,97.0,190.9,0,36.71,6,12,2022,49,0
2022-12-12,Beauty,77.0,190.9,0,26.36,0,12,2022,50,0
2022-12-13,Beauty,81.0,190.9,0,36.8,1,12,2022,50,0
2022-12-14,Beauty,82.0,190.9,0,43.46,2,12,2022,50,0
2022-12-15,Beauty,73.0,190.9,0,35.3,3,12,2022,50,0
2022-12-16,Beauty,105.0,190.9,0,44.39,4,12,2022,50,0
2022-12-17,Beauty,105.0,190.9,0,41.37,5,12,2022,50,0
2022-12-18,Beauty,104.0,190.9,0,40.17,6,12,2022,50,0
2022-12-19,Beauty,67.0,190.9,0,46.32,0,12,2022,51,0
2022-12-20,Beauty,72.0,190.9,0,45.88,1,12,2022,51,0
2022-12-21,Beauty,81.0,190.9,0,45.25,2,12,2022,51,0
2022-12-22,Beauty,80.0,190.9,0,48.91,3,12,2022,51,0
2022-12-23,Beauty,91.0,190.9,0,45.52,4,12,2022,51,0
2022-12-24,Beauty,105.0,190.9,0,36.97,5,12,2022,51,0
2022-12-25,Beauty,225.0,190.9,0,43.99,6,12,2022,51,1
2022-12-26,Beauty,138.0,190.9,0,37.54,0,12,2022,52,1
2022-12-27,Beauty,84.0,190.9,0,50.53,1,12,2022,52,0
2022-12-28,Beauty,81.0,190.9,0,52.42,2,12,2022,52,0
2022-12-29,Beauty,78.0,190.9,0,53.33,3,12,2022,52,0
2022-12-30,Beauty,102.0,190.9,0,51.76,4,12,2022,52,0
2022-12-31,Beauty,149.0,190.9,0,54.84,5,12,2022,52,1
2023-01-01,Beauty,169.0,190.9,0,42.81,6,1,2023,52,1
2023-01-02,Beauty,89.0,190.9,0,50.84,0,1,2023,1,0
2023-01-03,Beauty,79.0,190.9,0,44.99,1,1,2023,1,0
2023-01-04,Beauty,73.0,190.9,0,50.96,2,1,2023,1,0
2023-01-05,Beauty,79.0,190.9,0,61.52,3,1,2023,1,0
2023-01-06,Beauty,85.0,190.9,0,59.59,4,1,2023,1,0
2023-01-07,Beauty,106.0,190.9,0,58.12,5,1,2023,1,0
2023-01-08,Beauty,,190.9,0,54.58,6,1,2023,1,0
2023-01-09,Beauty,78.0,190.9,0,51.2,0,1,2023,2,0
2023-01-10,Beauty,69.0,190.9,0,57.79,1,1,2023,2,0
2023-01-11,Beauty,77.0,190.9,0,63.08,2,1,2023,2,0
2023-01-12,Beauty,76.0,190.9,0,60.25,3,1,2023,2,0
2023-01-13,Beauty,83.0,190.9,0,50.95,4,1,2023,2,0
2023-01-14,Beauty,114.0,190.9,0,60.07,5,1,2023,2,0
2023-01-15,Beauty,119.0,190.9,0,50.65,6,1,2023,2,0
2023-01-16,Beauty,90.0,190.9,0,64.9,0,1,2023,3,0
2023-01-17,Beauty,80.0,190.9,0,58.07,1,1,2023,3,0
2023-01-18,Beauty,73.0,190.9,0,56.08,2,1,2023,3,0
2023-01-19,Beauty,79.0,190.9,0,66.94,3,1,2023,3,0
2023-01-20,Beauty,93.0,190.9,0,66.3,4,1,2023,3,0
2023-01-21,Beauty,100.0,190.9,0,65.31,5,1,2023,3,0
2023-01-22,Beauty,112.0,190.9,0,75.75,6,1,2023,3,0
2023-01-23,Beauty,65.0,190.9,0,68.6,0,1,2023,4,0
2023-01-24,Beauty,74.0,190.9,0,62.83,1,1,2023,4,0
2023-01-25,Beauty,80.0,190.9,0,69.28,2,1,2023,4,0
2023-01-26,Beauty,74.0,190.9,0,65.88,3,1,2023,4,0
2023-01-27,Beauty,89.0,190.9,0,74.26,4,1,2023,4,0
2023-01-28,Beauty,,190.9,0,69.95,5,1,2023,4,0
2023-01-29,Beauty,114.0,190.9,0,71.05,6,1,2023,4,0
2023-01-30,Beauty,70.0,190.9,0,62.54,0,1,2023,5,0
2023-01-31,Beauty,68.0,190.9,0,70.65,1,1,2023,5,0
2023-02-01,Beauty,69.0,190.9,0,70.66,2,2,2023,5,0
2023-02-02,Beauty,70.0,190.9,0,66.4,3,2,2023,5,0
2023-02-03,Beauty,80.0,190.9,0,70.99,4,2,2023,5,0
2023-02-04,Beauty,95.0,190.9,0,74.85,5,2,2023,5,0
2023-02-05,Beauty,112.0,190.9,0,73.21,6,2,2023,5,0
2023-02-06,Beauty,76.0,190.9,0,66.73,0,2,2023,6,0
2023-02-07,Beauty,76.0,190.9,0,72.97,1,2,2023,6,0
2023-02-08,Beauty,69.0,190.9,0,72.54,2,2,2023,6,0
2023-02-09,Beauty,83.0,190.9,0,76.38,3,2,2023,6,0
2023-02-10,Beauty,104.0,190.9,0,76.37,4,2,2023,6,0
2023-02-11,Beauty,96.0,190.9,0,74.41,5,2,2023,6,0
2023-02-12,Beauty,116.0,190.9,0,74.72,6,2,2023,6,0
2023-02-13,Beauty,80.0,190.9,0,77.82,0,2,2023,7,0
2023-02-14,Beauty,122.0,190.9,0,82.79,1,2,2023,7,1
2023-02-15,Beauty,78.0,190.9,0,79.86,2,2,2023,7,0
2023-02-16,Beauty,165.0,136.9,1,86.06,3,2,2023,7,0
2023-02-17,Beauty,209.0,136.9,1,85.08,4,2,2023,7,0
2023-02-18,Beauty,217.0,136.9,1,87.36,5,2,2023,7,0
2023-02-19,Beauty,307.0,101.29,1,87.18,6,2,2023,7,0
2023-02-20,Beauty,217.0,101.29,1,88.59,0,2,2023,8,0
2023-02-21,Beauty,234.0,101.29,1,75.45,1,2,2023,8,0
2023-02-22,Beauty,134.0,141.24,1,84.87,2,2,2023,8,0
2023-02-23,Beauty,80.0,190.9,0,88.15,3,2,2023,8,0
2023-02-24,Beauty,112.0,190.9,0,89.46,4,2,2023,8,0
2023-02-25,Beauty,83.0,190.9,0,79.01,5,2,2023,8,0
2023-02-26,Beauty,104.0,190.9,0,86.53,6,2,2023,8,0
2023-02-27,Beauty,79.0,190.9,0,84.0,0,2,2023,9,0
2023-02-28,Beauty,75.0,190.9,0,93.23,1,2,2023,9,0
2023-03-01,Beauty,74.0,190.9,0,77.41,2,3,2023,9,0
2023-03-02,Beauty,80.0,190.9,0,80.85,3,3,2023,9,0
2023-03-03,Beauty,89.0,190.9,0,75.98,4,3,2023,9,0
2023-03-04,Beauty,106.0,190.9,0,86.09,5,3,2023,9,0
2023-03-05,Beauty,98.0,190.9,0,97.0,6,3,2023,9,0
2023-03-06,Beauty,90.0,190.9,0,85.76,0,3,2023,10,0
2023-03-07,Beauty,75.0,190.9,0,86.79,1,3,2023,10,0
2023-03-08,Beauty,79.0,190.9,0,89.32,2,3,2023,10,0
2023-03-09,Beauty,75.0,190.9,0,86.26,3,3,2023,10,0
2023-03-10,Beauty,98.0,190.9,0,88.93,4,3,2023,10,0
2023-03-11,Beauty,110.0,190.9,0,89.31,5,3,2023,10,0
2023-03-12,Beauty,105.0,190.9,0,83.37,6,3,2023,10,0
2023-03-13,Beauty,71.0,190.9,0,87.35,0,3,2023,11,0
2023-03-14,Beauty,71.0,190.9,0,91.75,1,3,2023,11,0
2023-03-15,Beauty,85.0,190.9,0,92.89,2,3,2023,11,0
2023-03-16,Beauty,75.0,190.9,0,94.94,3,3,2023,11,0
2023-03-17,Beauty,95.0,190.9,0,90.31,4,3,2023,11,0
2023-03-18,Beauty,96.0,190.9,0,90.58,5,3,2023,11,0
2023-03-19,Beauty,110.0,190.9,0,92.71,6,3,2023,11,0
2023-03-20,Beauty,74.0,190.9,0,86.14,0,3,2023,12,0
2023-03-21,Beauty,70.0,190.9,0,86.07,1,3,2023,12,0
2023-03-22,Beauty,71.0,190.9,0,88.75,2,3,2023,12,0
2023-03-23,Beauty,76.0,190.9,0,83.12,3,3,2023,12,0
2023-03-24,Beauty,94.0,190.9,0,91.63,4,3,2023,12,0
2023-03-25,Beauty,104.0,190.9,0,94.93,5,3,2023,12,0
2023-03-26,Beauty,93.0,190.9,0,86.22,6,3,2023,12,0
2023-03-27,Beauty,78.0,190.9,0,92.01,0,3,2023,13,0
2023-03-28,Beauty,69.0,190.9,0,86.75,1,3,2023,13,0
2023-03-29,Beauty,79.0,190.9,0,84.85,2,3,2023,13,0
2023-03-30,Beauty,85.0,190.9,0,100.25,3,3,2023,13,0
2023-03-31,Beauty,91.0,190.9,0,84.98,4,3,2023,13,0
2023-04-01,Beauty,106.0,190.9,0,83.6,5,4,2023,13,0
2023-04-02,Beauty,116.0,190.9,0,91.07,6,4,2023,13,0
2023-04-03,Beauty,77.0,190.9,0,91.32,0,4,2023,14,0
2023-04-04,Beauty,70.0,190.9,0,93.29,1,4,2023,14,0
2023-04-05,Beauty,79.0,190.9,0,99.92,2,4,2023,14,0
2023-04-06,Beauty,72.0,190.9,0,85.98,3,4,2023,14,0
2023-04-07,Beauty,89.0,190.9,0,86.91,4,4,2023,14,0
2023-04-08,Beauty,99.0,190.9,0,97.77,5,4,2023,14,0
2023-04-09,Beauty,96.0,190.9,0,94.34,6,4,2023,14,0
2023-04-10,Beauty,76.0,190.9,0,93.55,0,4,2023,15,0
2023-04-11,Beauty,82.0,190.9,0,86.49,1,4,2023,15,0
2023-04-12,Beauty,82.0,190.9,0,94.95,2,4,2023,15,0
2023-04-13,Beauty,86.0,190.9,0,93.2,3,4,2023,15,0
2023-04-14,Beauty,93.0,190.9,0,89.99,4,4,2023,15,0
2023-04-15,Beauty,102.0,190.9,0,85.96,5,4,2023,15,0
2023-04-16,Beauty,83.0,190.9,0,89.25,6,4,2023,15,0
2023-04-17,Beauty,80.0,190.9,0,96.78,0,4,2023,16,0
2023-04-18,Beauty,62.0,190.9,0,82.88,1,4,2023,16,0
2023-04-19,Beauty,64.0,190.9,0,84.15,2,4,2023,16,0
2023-04-20,Beauty,79.0,190.9,0,84.8,3,4,2023,16,0
2023-04-21,Beauty,93.0,190.9,0,85.66,4,4,2023,16,0
2023-04-22,Beauty,100.0,190.9,0,87.4,5,4,2023,16,0
2023-04-23,Beauty,115.0,190.9,0,92.02,6,4,2023,16,0
2023-04-24,Beauty,81.0,190.9,0,89.28,0,4,2023,17,0
2023-04-25,Beauty,75.0,190.9,0,87.01,1,4,2023,17,0
2023-04-26,Beauty,84.0,190.9,0,87.81,2,4,2023,17,0
2023-04-27,Beauty,90.0,190.9,0,89.25,3,4,2023,17,0
2023-04-28,Beauty,95.0,190.9,0,77.43,4,4,2023,17,0
2023-04-29,Beauty,98.0,190.9,0,90.88,5,4,2023,17,0
2023-04-30,Beauty,98.0,190.9,0,81.07,6,4,2023,17,0
2023-05-01,Beauty,69.0,190.9,0,82.65,0,5,2023,18,0
2023-05-02,Beauty,76.0,190.9,0,86.23,1,5,2023,18,0
2023-05-03,Beauty,69.0,190.9,0,83.8,2,5,2023,18,0
2023-05-04,Beauty,78.0,190.9,0,86.24,3,5,2023,18,0
2023-05-05,Beauty,147.0,167.5,1,84.15,4,5,2023,18,0
2023-05-06,Beauty,138.0,167.5,1,81.61,5,5,2023,18,0
2023-05-07,Beauty,145.0,167.5,1,90.31,6,5,2023,18,0
2023-05-08,Beauty,118.0,167.5,1,85.8,0,5,2023,19,0
2023-05-09,Beauty,120.0,167.5,1,83.36,1,5,2023,19,0
2023-05-10,Beauty,114.0,167.5,1,84.89,2,5,2023,19,0
2023-05-11,Beauty,143.0,148.05,1,77.47,3,5,2023,19,0
2023-05-12,Beauty,157.0,148.05,1,91.43,4,5,2023,19,0
2023-05-13,Beauty,168.0,148.05,1,74.67,5,5,2023,19,0
2023-05-14,Beauty,179.0,148.05,1,80.21,6,5,2023,19,0
2023-05-15,Beauty,77.0,190.9,0,77.75,0,5,2023,20,0
2023-05-16,Beauty,74.0,190.9,0,77.09,1,5,2023,20,0
2023-05-17,Beauty,76.0,190.9,0,75.95,2,5,2023,20,0
2023-05-18,Beauty,82.0,190.9,0,73.87,3,5,2023,20,0
2023-05-19,Beauty,96.0,190.9,0,83.17,4,5,2023,20,0
2023-05-20,Beauty,99.0,190.9,0,70.7,5,5,2023,20,0
2023-05-21,Beauty,89.0,190.9,0,81.12,6,5,2023,20,0
2023-05-22,Beauty,86.0,190.9,0,78.92,0,5,2023,21,0
2023-05-23,Beauty,79.0,190.9,0,73.25,1,5,2023,21,0
2023-05-24,Beauty,70.0,190.9,0,77.27,2,5,2023,21,0
2023-05-25,Beauty,82.0,190.9,0,73.28,3,5,2023,21,0
2023-05-26,Beauty,99.0,190.9,0,68.01,4,5,2023,21,0
2023-05-27,Beauty,119.0,190.9,0,67.5,5,5,2023,21,0
2023-05-28,Beauty,104.0,190.9,0,75.66,6,5,2023,21,0
2023-05-29,Beauty,85.0,190.9,0,74.83,0,5,2023,22,0
2023-05-30,Beauty,69.0,190.9,0,72.44,1,5,2023,22,0
2023-05-31,Beauty,75.0,190.9,0,68.68,2,5,2023,22,0
2023-06-01,Beauty,78.0,190.9,0,69.1,3,6,2023,22,0
2023-06-02,Beauty,94.0,190.9,0,67.82,4,6,2023,22,0
2023-06-03,Beauty,118.0,190.9,0,60.11,5,6,2023,22,0
2023-06-04,Beauty,104.0,190.9,0,68.54,6,6,2023,22,0
2023-06-05,Beauty,72.0,190.9,0,70.23,0,6,2023,23,0
2023-06-06,Beauty,69.0,190.9,0,67.34,1,6,2023,23,0
2023-06-07,Beauty,85.0,190.9,0,75.22,2,6,2023,23,0
2023-06-08,Beauty,83.0,190.9,0,60.72,3,6,2023,23,0
2023-06-09,Beauty,94.0,190.9,0,61.8,4,6,2023,23,0
2023-06-10,Beauty,101.0,190.9,0,65.13,5,6,2023,23,0
2023-06-11,Beauty,105.0,190.9,0,65.04,6,6,2023,23,0
2023-06-12,Beauty,72.0,190.9,0,53.67,0,6,2023,24,0
2023-06-13,Beauty,79.0,190.9,0,65.54,1,6,2023,24,0
2023-06-14,Beauty,68.0,190.9,0,63.11,2,6,2023,24,0
2023-06-15,Beauty,78.0,190.9,0,50.61,3,6,2023,24,0
2023-06-16,Beauty,86.0,190.9,0,59.96,4,6,2023,24,0
2023-06-17,Beauty,77.0,190.9,0,55.84,5,6,2023,24,0
2023-06-18,Beauty,100.0,190.9,0,56.95,6,6,2023,24,0
2023-06-19,Beauty,73.0,190.9,0,51.85,0,6,2023,25,0
2023-06-20,Beauty,75.0,190.9,0,59.95,1,6,2023,25,0
2023-06-21,Beauty,76.0,190.9,0,66.0,2,6,2023,25,0
2023-06-22,Beauty,91.0,190.9,0,57.84,3,6,2023,25,0
2023-06-23,Beauty,147.0,168.3,1,45.04,4,6,2023,25,0
2023-06-24,Beauty,168.0,168.3,1,56.58,5,6,2023,25,0
2023-06-25,Beauty,167.0,168.3,1,53.49,6,6,2023,25,0
2023-06-26,Beauty,131.0,168.3,1,48.28,0,6,2023,26,0
2023-06-27,Beauty,79.0,190.9,0,54.86,1,6,2023,26,0
2023-06-28,Beauty,77.0,190.9,0,56.81,2,6,2023,26,0
2023-06-29,Beauty,84.0,190.9,0,48.38,3,6,2023,26,0
2023-06-30,Beauty,74.0,190.9,0,42.81,4,6,2023,26,0
2023-07-01,Beauty,122.0,190.9,0,40.29,5,7,2023,26,0
2023-07-02,Beauty,116.0,190.9,0,46.33,6,7,2023,26,0
2023-07-03,Beauty,80.0,190.9,0,48.19,0,7,2023,27,0
2023-07-04,Beauty,95.0,190.9,0,45.7,1,7,2023,27,1
2023-07-05,Beauty,83.0,190.9,0,44.18,2,7,2023,27,0
2023-07-06,Beauty,76.0,190.9,0,49.74,3,7,2023,27,0
2023-07-07,Beauty,95.0,190.9,0,48.53,4,7,2023,27,0
2023-07-08,Beauty,94.0,190.9,0,46.53,5,7,2023,27,0
2023-07-09,Beauty,121.0,190.9,0,48.93,6,7,2023,27,0
2023-07-10,Beauty,69.0,190.9,0,40.89,0,7,2023,28,0
2023-07-11,Beauty,77.0,190.9,0,38.01,1,7,2023,28,0
2023-07-12,Beauty,63.0,190.9,0,40.2,2,7,2023,28,0
2023-07-13,Beauty,80.0,190.9,0,39.18,3,7,2023,28,0
2023-07-14,Beauty,88.0,190.9,0,31.2,4,7,2023,28,0
2023-07-15,Beauty,114.0,190.9,0,38.06,5,7,2023,28,0
2023-07-16,Beauty,99.0,190.9,0,45.64,6,7,2023,28,0
2023-07-17,Beauty,85.0,190.9,0,43.46,0,7,2023,29,0
2023-07-18,Beauty,70.0,190.9,0,41.42,1,7,2023,29,0
2023-07-19,Beauty,74.0,190.9,0,38.79,2,7,2023,29,0
2023-07-20,Beauty,78.0,190.9,0,44.72,3,7,2023,29,0
2023-07-21,Beauty,95.0,190.9,0,31.52,4,7,2023,29,0
2023-07-22,Beauty,107.0,190.9,0,31.35,5,7,2023,29,0
2023-07-23,Beauty,109.0,190.9,0,41.15,6,7,2023,29,0
2023-07-24,Beauty,80.0,190.9,0,35.03,0,7,2023,30,0
2023-07-25,Beauty,81.0,190.9,0,30.9,1,7,2023,30,0
2023-07-26,Beauty,140.0,137.87,1,36.39,2,7,2023,30,0
2023-07-27,Beauty,165.0,137.87,1,30.81,3,7,2023,30,0
2023-07-28,Beauty,206.0,137.87,1,28.19,4,7,2023,30,0
2023-07-29,Beauty,90.0,190.9,0,27.44,5,7,2023,30,0
2023-07-30,Beauty,107.0,190.9,0,32.76,6,7,2023,30,0
2023-07-31,Beauty,83.0,190.9,0,31.58,0,7,2023,31,0
2023-08-01,Beauty,86.0,190.9,0,37.53,1,8,2023,31,0
2023-08-02,Beauty,80.0,190.9,0,27.91,2,8,2023,31,0
2023-08-03,Beauty,81.0,190.9,0,27.24,3,8,2023,31,0
2023-08-04,Beauty,95.0,190.9,0,35.39,4,8,2023,31,0
2023-08-05,Beauty,98.0,190.9,0,32.54,5,8,2023,31,0
2023-08-06,Beauty,100.0,190.9,0,27.77,6,8,2023,31,0
2023-08-07,Beauty,70.0,190.9,0,18.68,0,8,2023,32,0
2023-08-08,Beauty,86.0,190.9,0,21.88,1,8,2023,32,0
2023-08-09,Beauty,78.0,190.9,0,20.12,2,8,2023,32,0
2023-08-10,Beauty,74.0,190.9,0,25.03,3,8,2023,32,0
2023-08-11,Beauty,93.0,190.9,0,21.78,4,8,2023,32,0
2023-08-12,Beauty,114.0,190.9,0,31.81,5,8,2023,32,0
2023-08-13,Beauty,216.0,140.54,1,15.42,6,8,2023,32,0
2023-08-14,Beauty,141.0,140.54,1,16.96,0,8,2023,33,0
2023-08-15,Beauty,112.0,140.54,1,23.49,1,8,2023,33,0
2023-08-16,Beauty,152.0,140.54,1,24.38,2,8,2023,33,0
2023-08-17,Beauty,145.0,140.54,1,8.36,3,8,2023,33,0
2023-08-18,Beauty,187.0,140.54,1,12.14,4,8,2023,33,0
2023-08-19,Beauty,112.0,190.9,0,19.03,5,8,2023,33,0
2023-08-20,Beauty,112.0,190.9,0,26.67,6,8,2023,33,0
2023-08-21,Beauty,89.0,190.9,0,28.88,0,8,2023,34,0
2023-08-22,Beauty,84.0,190.9,0,16.93,1,8,2023,34,0
2023-08-23,Beauty,86.0,190.9,0,17.72,2,8,2023,34,0
2023-08-24,Beauty,89.0,190.9,0,13.97,3,8,2023,34,0
2023-08-25,Beauty,102.0,190.9,0,20.91,4,8,2023,34,0
2023-08-26,Beauty,104.0,190.9,0,24.98,5,8,2023,34,0
2023-08-27,Beauty,92.0,190.9,0,23.23,6,8,2023,34,0
2023-08-28,Beauty,94.0,190.9,0,16.42,0,8,2023,35,0
2023-08-29,Beauty,77.0,190.9,0,12.0,1,8,2023,35,0
2023-08-30,Beauty,83.0,190.9,0,15.87,2,8,2023,35,0
2023-08-31,Beauty,77.0,190.9,0,22.38,3,8,2023,35,0
2023-09-01,Beauty,99.0,190.9,0,13.13,4,9,2023,35,0
2023-09-02,Beauty,84.0,190.9,0,5.72,5,9,2023,35,0
2023-09-03,Beauty,99.0,190.9,0,12.68,6,9,2023,35,0
2023-09-04,Beauty,78.0,190.9,0,12.77,0,9,2023,36,0
2023-09-05,Beauty,80.0,190.9,0,4.76,1,9,2023,36,0
2023-09-06,Beauty,82.0,190.9,0,14.74,2,9,2023,36,0
2023-09-07,Beauty,73.0,190.9,0,15.83,3,9,2023,36,0
2023-09-08,Beauty,96.0,190.9,0,22.33,4,9,2023,36,0
2023-09-09,Beauty,115.0,190.9,0,6.11,5,9,2023,36,0
2023-09-10,Beauty,122.0,190.9,0,16.18,6,9,2023,36,0
2023-09-11,Beauty,83.0,190.9,0,17.12,0,9,2023,37,0
2023-09-12,Beauty,74.0,190.9,0,14.66,1,9,2023,37,0
2023-09-13,Beauty,68.0,190.9,0,6.82,2,9,2023,37,0
2023-09-14,Beauty,92.0,190.9,0,6.33,3,9,2023,37,0
2023-09-15,Beauty,97.0,190.9,0,11.95,4,9,2023,37,0
2023-09-16,Beauty,104.0,190.9,0,11.73,5,9,2023,37,0
2023-09-17,Beauty,90.0,190.9,0,8.32,6,9,2023,37,0
2023-09-18,Beauty,73.0,190.9,0,17.42,0,9,2023,38,0
2023-09-19,Beauty,81.0,190.9,0,8.81,1,9,2023,38,0
2023-09-20,Beauty,78.0,190.9,0,1.21,2,9,2023,38,0
2023-09-21,Beauty,68.0,190.9,0,9.44,3,9,2023,38,0
2023-09-22,Beauty,96.0,190.9,0,12.85,4,9,2023,38,0
2023-09-23,Beauty,92.0,190.9,0,12.07,5,9,2023,38,0
2023-09-24,Beauty,114.0,190.9,0,11.94,6,9,2023,38,0
2023-09-25,Beauty,80.0,190.9,0,17.67,0,9,2023,39,0
2023-09-26,Beauty,74.0,190.9,0,4.56,1,9,2023,39,0
2023-09-27,Beauty,82.0,190.9,0,7.96,2,9,2023,39,0
2023-09-28,Beauty,83.0,190.9,0,17.77,3,9,2023,39,0
2023-09-29,Beauty,101.0,190.9,0,0.18,4,9,2023,39,0
2023-09-30,Beauty,105.0,190.9,0,9.73,5,9,2023,39,0
2023-10-01,Beauty,104.0,190.9,0,16.14,6,10,2023,39,0
2023-10-02,Beauty,77.0,190.9,0,16.08,0,10,2023,40,0
2023-10-03,Beauty,78.0,190.9,0,13.33,1,10,2023,40,0
2023-10-04,Beauty,86.0,190.9,0,13.49,2,10,2023,40,0
2023-10-05,Beauty,77.0,190.9,0,4.9,3,10,2023,40,0
2023-10-06,Beauty,96.0,190.9,0,17.03,4,10,2023,40,0
2023-10-07,Beauty,97.0,190.9,0,4.23,5,10,2023,40,0
2023-10-08,Beauty,86.0,190.9,0,4.61,6,10,2023,40,0
2023-10-09,Beauty,80.0,190.9,0,12.34,0,10,2023,41,0
2023-10-10,Beauty,79.0,190.9,0,8.04,1,10,2023,41,0
2023-10-11,Beauty,75.0,190.9,0,11.65,2,10,2023,41,0
2023-10-12,Beauty,71.0,190.9,0,12.9,3,10,2023,41,0
2023-10-13,Beauty,94.0,190.9,0,19.78,4,10,2023,41,0
2023-10-14,Beauty,107.0,190.9,0,13.2,5,10,2023,41,0
2023-10-15,Beauty,96.0,190.9,0,8.1,6,10,2023,41,0
2023-10-16,Beauty,70.0,190.9,0,14.75,0,10,2023,42,0
2023-10-17,Beauty,75.0,190.9,0,7.4,1,10,2023,42,0
2023-10-18,Beauty,80.0,190.9,0,16.32,2,10,2023,42,0
2023-10-19,Beauty,83.0,190.9,0,12.28,3,10,2023,42,0
2023-10-20,Beauty,85.0,190.9,0,14.18,4,10,2023,42,0
2023-10-21,Beauty,106.0,190.9,0,3.5,5,10,2023,42,0
2023-10-22,Beauty,110.0,190.9,0,1.39,6,10,2023,42,0
2023-10-23,Beauty,71.0,190.9,0,5.39,0,10,2023,43,0
2023-10-24,Beauty,77.0,190.9,0,21.89,1,10,2023,43,0
2023-10-25,Beauty,84.0,190.9,0,7.69,2,10,2023,43,0
2023-10-26,Beauty,72.0,190.9,0,17.38,3,10,2023,43,0
2023-10-27,Beauty,100.0,190.9,0,10.81,4,10,2023,43,0
2023-10-28,Beauty,118.0,190.9,0,13.12,5,10,2023,43,0
2023-10-29,Beauty,101.0,190.9,0,14.41,6,10,2023,43,0
2023-10-30,Beauty,77.0,190.9,0,23.18,0,10,2023,44,0
2023-10-31,Beauty,125.0,190.9,0,18.22,1,10,2023,44,1
2023-11-01,Beauty,75.0,190.9,0,17.57,2,11,2023,44,0
2023-11-02,Beauty,65.0,190.9,0,22.49,3,11,2023,44,0
2023-11-03,Beauty,91.0,190.9,0,13.21,4,11,2023,44,0
2023-11-04,Beauty,109.0,190.9,0,22.09,5,11,2023,44,0
2023-11-05,Beauty,109.0,190.9,0,21.65,6,11,2023,44,0
2023-11-06,Beauty,73.0,190.9,0,21.99,0,11,2023,45,0
2023-11-07,Beauty,75.0,190.9,0,17.17,1,11,2023,45,0
2023-11-08,Beauty,82.0,190.9,0,16.18,2,11,2023,45,0
2023-11-09,Beauty,80.0,190.9,0,14.44,3,11,2023,45,0
2023-11-10,Beauty,81.0,190.9,0,15.19,4,11,2023,45,0
2023-11-11,Beauty,115.0,190.9,0,15.08,5,11,2023,45,0
2023-11-12,Beauty,101.0,190.9,0,21.96,6,11,2023,45,0
2023-11-13,Beauty,86.0,190.9,0,19.44,0,11,2023,46,0
2023-11-14,Beauty,68.0,190.9,0,23.21,1,11,2023,46,0
2023-11-15,Beauty,75.0,190.9,0,23.97,2,11,2023,46,0
2023-11-16,Beauty,84.0,190.9,0,16.72,3,11,2023,46,0
2023-11-17,Beauty,91.0,190.9,0,17.07,4,11,2023,46,0
2023-11-18,Beauty,95.0,190.9,0,21.88,5,11,2023,46,0
2023-11-19,Beauty,84.0,190.9,0,19.66,6,11,2023,46,0
2023-11-20,Beauty,88.0,190.9,0,19.65,0,11,2023,47,0
2023-11-21,Beauty,79.0,190.9,0,33.06,1,11,2023,47,0
2023-11-22,Beauty,83.0,190.9,0,17.45,2,11,2023,47,0
2023-11-23,Beauty,190.0,190.9,0,35.78,3,11,2023,47,1
2023-11-24,Beauty,289.0,190.9,0,27.66,4,11,2023,47,1
2023-11-25,Beauty,102.0,190.9,0,31.7,5,11,2023,47,0
2023-11-26,Beauty,107.0,190.9,0,31.67,6,11,2023,47,0
2023-11-27,Beauty,88.0,190.9,0,30.99,0,11,2023,48,0
2023-11-28,Beauty,78.0,190.9,0,36.79,1,11,2023,48,0
2023-11-29,Beauty,88.0,190.9,0,23.65,2,11,2023,48,0
2023-11-30,Beauty,71.0,190.9,0,28.87,3,11,2023,48,0
2023-12-01,Beauty,80.0,190.9,0,25.98,4,12,2023,48,0
2023-12-02,Beauty,113.0,190.9,0,22.37,5,12,2023,48,0
2023-12-03,Beauty,97.0,190.9,0,28.15,6,12,2023,48,0
2023-12-04,Beauty,92.0,190.9,0,41.43,0,12,2023,49,0
2023-12-05,Beauty,85.0,190.9,0,31.82,1,12,2023,49,0
2023-12-06,Beauty,86.0,190.9,0,43.23,2,12,2023,49,0
2023-12-07,Beauty,86.0,190.9,0,44.37,3,12,2023,49,0
2023-12-08,Beauty,85.0,190.9,0,49.55,4,12,2023,49,0
2023-12-09,Beauty,91.0,190.9,0,44.74,5,12,2023,49,0
2023-12-10,Beauty,116.0,190.9,0,47.64,6,12,2023,49,0
2023-12-11,Beauty,69.0,190.9,0,38.12,0,12,2023,50,0
2023-12-12,Beauty,87.0,190.9,0,38.29,1,12,2023,50,0
2023-12-13,Beauty,80.0,190.9,0,39.28,2,12,2023,50,0
2023-12-14,Beauty,80.0,190.9,0,38.46,3,12,2023,50,0
2023-12-15,Beauty,95.0,190.9,0,39.87,4,12,2023,50,0
2023-12-16,Beauty,,190.9,0,43.55,5,12,2023,50,0
2023-12-17,Beauty,102.0,190.9,0,38.12,6,12,2023,50,0
2023-12-18,Beauty,88.0,190.9,0,34.24,0,12,2023,51,0
2023-12-19,Beauty,86.0,190.9,0,43.61,1,12,2023,51,0
2023-12-20,Beauty,77.0,190.9,0,39.01,2,12,2023,51,0
2023-12-21,Beauty,77.0,190.9,0,40.2,3,12,2023,51,0
2023-12-22,Beauty,182.0,151.01,1,43.11,4,12,2023,51,0
2023-12-23,Beauty,158.0,151.01,1,42.65,5,12,2023,51,0
2023-12-24,Beauty,192.0,151.01,1,50.74,6,12,2023,51,0
2023-12-25,Beauty,374.0,151.01,1,45.04,0,12,2023,52,1
2023-12-26,Beauty,232.0,151.01,1,52.36,1,12,2023,52,1
2023-12-27,Beauty,147.0,151.01,1,48.28,2,12,2023,52,0
2023-12-28,Beauty,80.0,190.9,0,47.49,3,12,2023,52,0
2023-12-29,Beauty,88.0,190.9,0,49.41,4,12,2023,52,0
2023-12-30,Beauty,113.0,190.9,0,42.85,5,12,2023,52,0
2023-12-31,Beauty,151.0,190.9,0,51.69,6,12,2023,52,1
2021-01-01,Furniture,57.0,121.95,0,44.32,4,1,2021,53,1
2021-01-02,Furniture,47.0,121.95,0,57.0,5,1,2021,53,0
2021-01-03,Furniture,43.0,121.95,0,57.33,6,1,2021,53,0
2021-01-04,Furniture,34.0,121.95,0,54.69,0,1,2021,1,0
2021-01-05,Furniture,40.0,121.95,0,47.42,1,1,2021,1,0
2021-01-06,Furniture,34.0,121.95,0,61.6,2,1,2021,1,0
2021-01-07,Furniture,43.0,121.95,0,53.5,3,1,2021,1,0
2021-01-08,Furniture,38.0,121.95,0,64.52,4,1,2021,1,0
2021-01-09,Furniture,45.0,121.95,0,57.5,5,1,2021,1,0
2021-01-10,Furniture,52.0,121.95,0,59.39,6,1,2021,1,0
2021-01-11,Furniture,36.0,121.95,0,55.23,0,1,2021,2,0
2021-01-12,Furniture,38.0,121.95,0,65.24,1,1,2021,2,0
2021-01-13,Furniture,36.0,121.95,0,61.92,2,1,2021,2,0
2021-01-14,Furniture,38.0,121.95,0,66.76,3,1,2021,2,0
2021-01-15,Furniture,43.0,121.95,0,61.1,4,1,2021,2,0
2021-01-16,Furniture,52.0,121.95,0,60.64,5,1,2021,2,0
2021-01-17,Furniture,53.0,121.95,0,64.51,6,1,2021,2,0
2021-01-18,Furniture,44.0,121.95,0,69.41,0,1,2021,3,0
2021-01-19,Furniture,37.0,121.95,0,67.93,1,1,2021,3,0
2021-01-20,Furniture,36.0,121.95,0,64.19,2,1,2021,3,0
2021-01-21,Furniture,38.0,121.95,0,54.86,3,1,2021,3,0
2021-01-22,Furniture,51.0,121.95,0,68.84,4,1,2021,3,0
2021-01-23,Furniture,55.0,121.95,0,58.23,5,1,2021,3,0
2021-01-24,Furniture,44.0,121.95,0,66.23,6,1,2021,3,0
2021-01-25,Furniture,34.0,121.95,0,66.11,0,1,2021,4,0
2021-01-26,Furniture,36.0,121.95,0,60.22,1,1,2021,4,0
2021-01-27,Furniture,39.0,121.95,0,69.79,2,1,2021,4,0
2021-01-28,Furniture,41.0,121.95,0,79.31,3,1,2021,4,0
2021-01-29,Furniture,49.0,121.95,0,67.59,4,1,2021,4,0
2021-01-30,Furniture,53.0,121.95,0,73.58,5,1,2021,4,0
2021-01-31,Furniture,59.0,121.95,0,82.13,6,1,2021,4,0
2021-02-01,Furniture,43.0,121.95,0,75.25,0,2,2021,5,0
2021-02-02,Furniture,40.0,121.95,0,68.3,1,2,2021,5,0
2021-02-03,Furniture,43.0,121.95,0,73.28,2,2,2021,5,0
2021-02-04,Furniture,37.0,121.95,0,75.07,3,2,2021,5,0
2021-02-05,Furniture,48.0,121.95,0,80.4,4,2,2021,5,0
2021-02-06,Furniture,56.0,121.95,0,79.86,5,2,2021,5,0
2021-02-07,Furniture,57.0,121.95,0,60.49,6,2,2021,5,0
2021-02-08,Furniture,36.0,121.95,0,70.6,0,2,2021,6,0
2021-02-09,Furniture,40.0,121.95,0,75.07,1,2,2021,6,0
2021-02-10,Furniture,81.0,91.2,1,70.87,2,2,2021,6,0
2021-02-11,Furniture,,91.2,1,57.96,3,2,2021,6,0
2021-02-12,Furniture,104.0,91.2,1,73.35,4,2,2021,6,0
2021-02-13,Furniture,115.0,91.2,1,77.46,5,2,2021,6,0
2021-02-14,Furniture,89.0,121.95,0,75.35,6,2,2021,6,1
2021-02-15,Furniture,45.0,121.95,0,73.48,0,2,2021,7,0
2021-02-16,Furniture,41.0,121.95,0,79.15,1,2,2021,7,0
2021-02-17,Furniture,42.0,121.95,0,81.13,2,2,2021,7,0
2021-02-18,Furniture,47.0,121.95,0,77.54,3,2,2021,7,0
2021-02-19,Furniture,50.0,121.95,0,87.19,4,2,2021,7,0
2021-02-20,Furniture,60.0,121.95,0,81.07,5,2,2021,7,0
2021-02-21,Furniture,62.0,121.95,0,76.85,6,2,2021,7,0
2021-02-22,Furniture,46.0,121.95,0,76.02,0,2,2021,8,0
2021-02-23,Furniture,47.0,121.95,0,80.99,1,2,2021,8,0
2021-02-24,Furniture,89.0,97.83,1,88.03,2,2,2021,8,0
2021-02-25,Furniture,84.0,97.83,1,78.74,3,2,2021,8,0
2021-02-26,Furniture,87.0,97.83,1,86.23,4,2,2021,8,0
2021-02-27,Furniture,108.0,97.83,1,84.1,5,2,2021,8,0
2021-02-28,Furniture,106.0,97.83,1,93.96,6,2,2021,8,0
2021-03-01,Furniture,82.0,97.83,1,86.3,0,3,2021,9,0
2021-03-02,Furniture,49.0,121.95,0,81.21,1,3,2021,9,0
2021-03-03,Furniture,37.0,121.95,0,88.72,2,3,2021,9,0
2021-03-04,Furniture,51.0,121.95,0,89.21,3,3,2021,9,0
2021-03-05,Furniture,60.0,121.95,0,83.69,4,3,2021,9,0
2021-03-06,Furniture,63.0,121.95,0,80.17,5,3,2021,9,0
2021-03-07,Furniture,62.0,121.95,0,88.96,6,3,2021,9,0
2021-03-08,Furniture,44.0,121.95,0,86.88,0,3,2021,10,0
2021-03-09,Furniture,44.0,121.95,0,79.26,1,3,2021,10,0
2021-03-10,Furniture,46.0,121.95,0,88.37,2,3,2021,10,0
2021-03-11,Furniture,49.0,121.95,0,84.17,3,3,2021,10,0
2021-03-12,Furniture,56.0,121.95,0,80.02,4,3,2021,10,0
2021-03-13,Furniture,64.0,121.95,0,86.06,5,3,2021,10,0
2021-03-14,Furniture,64.0,121.95,0,94.46,6,3,2021,10,0
2021-03-15,Furniture,48.0,121.95,0,94.29,0,3,2021,11,0
2021-03-16,Furniture,41.0,121.95,0,93.18,1,3,2021,11,0
2021-03-17,Furniture,47.0,121.95,0,89.98,2,3,2021,11,0
2021-03-18,Furniture,54.0,121.95,0,91.78,3,3,2021,11,0
2021-03-19,Furniture,53.0,121.95,0,89.46,4,3,2021,11,0
2021-03-20,Furniture,68.0,121.95,0,83.59,5,3,2021,11,0
2021-03-21,Furniture,56.0,121.95,0,84.72,6,3,2021,11,0
2021-03-22,Furniture,46.0,121.95,0,86.34,0,3,2021,12,0
2021-03-23,Furniture,43.0,121.95,0,96.5,1,3,2021,12,0
2021-03-24,Furniture,49.0,121.95,0,94.98,2,3,2021,12,0
2021-03-25,Furniture,53.0,121.95,0,84.29,3,3,2021,12,0
2021-03-26,Furniture,53.0,121.95,0,90.04,4,3,2021,12,0
2021-03-27,Furniture,67.0,121.95,0,87.82,5,3,2021,12,0
2021-03-28,Furniture,68.0,121.95,0,89.12,6,3,2021,12,0
2021-03-29,Furniture,46.0,121.95,0,87.26,0,3,2021,13,0
2021-03-30,Furniture,45.0,121.95,0,97.0,1,3,2021,13,0
2021-03-31,Furniture,47.0,121.95,0,89.9,2,3,2021,13,0
2021-04-01,Furniture,44.0,121.95,0,91.08,3,4,2021,13,0
2021-04-02,Furniture,54.0,121.95,0,91.12,4,4,2021,13,0
2021-04-03,Furniture,72.0,121.95,0,84.84,5,4,2021,13,0
2021-04-04,Furniture,58.0,121.95,0,90.5,6,4,2021,13,0
2021-04-05,Furniture,49.0,121.95,0,95.23,0,4,2021,14,0
2021-04-06,Furniture,47.0,121.95,0,97.23,1,4,2021,14,0
2021-04-07,Furniture,44.0,121.95,0,84.07,2,4,2021,14,0
2021-04-08,Furniture,48.0,121.95,0,82.14,3,4,2021,14,0
2021-04-09,Furniture,61.0,121.95,0,89.96,4,4,2021,14,0
2021-04-10,Furniture,64.0,121.95,0,95.09,5,4,2021,14,0
2021-04-11,Furniture,64.0,121.95,0,91.24,6,4,2021,14,0
2021-04-12,Furniture,52.0,121.95,0,92.72,0,4,2021,15,0
2021-04-13,Furniture,44.0,121.95,0,82.38,1,4,2021,15,0
2021-04-14,Furniture,41.0,121.95,0,86.18,2,4,2021,15,0
2021-04-15,Furniture,88.0,102.92,1,77.9,3,4,2021,15,0
2021-04-16,Furniture,89.0,102.92,1,88.01,4,4,2021,15,0
2021-04-17,Furniture,108.0,102.92,1,77.72,5,4,2021,15,0
2021-04-18,Furniture,56.0,121.95,0,95.01,6,4,2021,15,0
2021-04-19,Furniture,76.0,104.42,1,95.92,0,4,2021,16,0
2021-04-20,Furniture,66.0,104.42,1,88.64,1,4,2021,16,0
2021-04-21,Furniture,72.0,104.42,1,80.15,2,4,2021,16,0
2021-04-22,Furniture,71.0,104.42,1,89.35,3,4,2021,16,0
2021-04-23,Furniture,49.0,121.95,0,96.52,4,4,2021,16,0
2021-04-24,Furniture,59.0,121.95,0,89.35,5,4,2021,16,0
2021-04-25,Furniture,48.0,121.95,0,92.63,6,4,2021,16,0
2021-04-26,Furniture,41.0,121.95,0,84.0,0,4,2021,17,0
2021-04-27,Furniture,47.0,121.95,0,81.78,1,4,2021,17,0
2021-04-28,Furniture,45.0,121.95,0,85.48,2,4,2021,17,0
2021-04-29,Furniture,42.0,121.95,0,75.89,3,4,2021,17,0
2021-04-30,Furniture,55.0,121.95,0,96.52,4,4,2021,17,0
2021-05-01,Furniture,55.0,121.95,0,85.57,5,5,2021,17,0
2021-05-02,Furniture,62.0,121.95,0,88.86,6,5,2021,17,0
2021-05-03,Furniture,44.0,121.95,0,81.87,0,5,2021,18,0
2021-05-04,Furniture,42.0,121.95,0,76.09,1,5,2021,18,0
2021-05-05,Furniture,43.0,121.95,0,90.57,2,5,2021,18,0
2021-05-06,Furniture,54.0,121.95,0,77.43,3,5,2021,18,0
2021-05-07,Furniture,48.0,121.95,0,84.41,4,5,2021,18,0
2021-05-08,Furniture,60.0,121.95,0,84.47,5,5,2021,18,0
2021-05-09,Furniture,61.0,121.95,0,82.22,6,5,2021,18,0
2021-05-10,Furniture,40.0,121.95,0,77.5,0,5,2021,19,0
2021-05-11,Furniture,37.0,121.95,0,80.25,1,5,2021,19,0
2021-05-12,Furniture,40.0,121.95,0,75.81,2,5,2021,19,0
2021-05-13,Furniture,47.0,121.95,0,84.15,3,5,2021,19,0
2021-05-14,Furniture,49.0,121.95,0,82.51,4,5,2021,19,0
2021-05-15,Furniture,57.0,121.95,0,79.08,5,5,2021,19,0
2021-05-16,Furniture,61.0,121.95,0,75.87,6,5,2021,19,0
2021-05-17,Furniture,40.0,121.95,0,88.76,0,5,2021,20,0
2021-05-18,Furniture,42.0,121.95,0,71.22,1,5,2021,20,0
2021-05-19,Furniture,36.0,121.95,0,69.51,2,5,2021,20,0
2021-05-20,Furniture,45.0,121.95,0,76.31,3,5,2021,20,0
2021-05-21,Furniture,50.0,121.95,0,74.92,4,5,2021,20,0
2021-05-22,Furniture,60.0,121.95,0,81.17,5,5,2021,20,0
2021-05-23,Furniture,50.0,121.95,0,78.38,6,5,2021,20,0
2021-05-24,Furniture,41.0,121.95,0,74.76,0,5,2021,21,0
2021-05-25,Furniture,37.0,121.95,0,76.57,1,5,2021,21,0
2021-05-26,Furniture,40.0,121.95,0,75.92,2,5,2021,21,0
2021-05-27,Furniture,47.0,121.95,0,83.47,3,5,2021,21,0
2021-05-28,Furniture,47.0,121.95,0,73.65,4,5,2021,21,0
2021-05-29,Furniture,49.0,121.95,0,68.4,5,5,2021,21,0
2021-05-30,Furniture,51.0,121.95,0,72.22,6,5,2021,21,0
2021-05-31,Furniture,36.0,121.95,0,57.55,0,5,2021,22,0
2021-06-01,Furniture,36.0,121.95,0,69.89,1,6,2021,22,0
2021-06-02,Furniture,41.0,121.95,0,74.92,2,6,2021,22,0
2021-06-03,Furniture,37.0,121.95,0,71.86,3,6,2021,22,0
2021-06-04,Furniture,48.0,121.95,0,69.73,4,6,2021,22,0
2021-06-05,Furniture,54.0,121.95,0,70.87,5,6,2021,22,0
2021-06-06,Furniture,50.0,121.95,0,72.52,6,6,2021,22,0
2021-06-07,Furniture,41.0,121.95,0,73.5,0,6,2021,23,0
2021-06-08,Furniture,36.0,121.95,0,67.98,1,6,2021,23,0
2021-06-09,Furniture,41.0,121.95,0,63.53,2,6,2021,23,0
2021-06-10,Furniture,38.0,121.95,0,52.9,3,6,2021,23,0
2021-06-11,Furniture,44.0,121.95,0,68.72,4,6,2021,23,0
2021-06-12,Furniture,50.0,121.95,0,65.75,5,6,2021,23,0
2021-06-13,Furniture,54.0,121.95,0,63.29,6,6,2021,23,0
2021-06-14,Furniture,40.0,121.95,0,58.43,0,6,2021,24,0
2021-06-15,Furniture,30.0,121.95,0,66.03,1,6,2021,24,0
2021-06-16,Furniture,38.0,121.95,0,59.26,2,6,2021,24,0
2021-06-17,Furniture,33.0,121.95,0,59.71,3,6,2021,24,0
2021-06-18,Furniture,43.0,121.95,0,58.93,4,6,2021,24,0
2021-06-19,Furniture,50.0,121.95,0,60.79,5,6,2021,24,0
2021-06-20,Furniture,48.0,121.95,0,52.12,6,6,2021,24,0
2021-06-21,Furniture,39.0,121.95,0,60.0,0,6,2021,25,0
2021-06-22,Furniture,38.0,121.95,0,52.91,1,6,2021,25,0
2021-06-23,Furniture,34.0,121.95,0,52.4,2,6,2021,25,0
2021-06-24,Furniture,35.0,121.95,0,59.58,3,6,2021,25,0
2021-06-25,Furniture,43.0,121.95,0,49.49,4,6,2021,25,0
2021-06-26,Furniture,43.0,121.95,0,58.2,5,6,2021,25,0
2021-06-27,Furniture,46.0,121.95,0,53.6,6,6,2021,25,0
2021-06-28,Furniture,68.0,100.85,1,44.17,0,6,2021,26,0
2021-06-29,Furniture,52.0,100.85,1,58.54,1,6,2021,26,0
2021-06-30,Furniture,57.0,100.85,1,52.58,2,6,2021,26,0
2021-07-01,Furniture,59.0,100.85,1,52.31,3,7,2021,26,0
2021-07-02,Furniture,81.0,100.85,1,54.69,4,7,2021,26,0
2021-07-03,Furniture,76.0,100.85,1,56.46,5,7,2021,26,0
2021-07-04,Furniture,105.0,100.85,1,49.28,6,7,2021,26,1
2021-07-05,Furniture,32.0,121.95,0,50.68,0,7,2021,27,0
2021-07-06,Furniture,34.0,121.95,0,48.76,1,7,2021,27,0
2021-07-07,Furniture,34.0,121.95,0,44.5,2,7,2021,27,0
2021-07-08,Furniture,33.0,121.95,0,37.62,3,7,2021,27,0
2021-07-09,Furniture,43.0,121.95,0,45.92,4,7,2021,27,0
2021-07-10,Furniture,46.0,121.95,0,51.06,5,7,2021,27,0
2021-07-11,Furniture,47.0,121.95,0,46.4,6,7,2021,27,0
2021-07-12,Furniture,33.0,121.95,0,37.47,0,7,2021,28,0
2021-07-13,Furniture,33.0,121.95,0,47.62,1,7,2021,28,0
2021-07-14,Furniture,32.0,121.95,0,39.91,2,7,2021,28,0
2021-07-15,Furniture,38.0,121.95,0,30.33,3,7,2021,28,0
2021-07-16,Furniture,39.0,121.95,0,45.21,4,7,2021,28,0
2021-07-17,Furniture,44.0,121.95,0,34.73,5,7,2021,28,0
2021-07-18,Furniture,41.0,121.95,0,47.69,6,7,2021,28,0
2021-07-19,Furniture,31.0,121.95,0,43.87,0,7,2021,29,0
2021-07-20,Furniture,32.0,121.95,0,36.34,1,7,2021,29,0
2021-07-21,Furniture,33.0,121.95,0,39.12,2,7,2021,29,0
2021-07-22,Furniture,31.0,121.95,0,48.3,3,7,2021,29,0
2021-07-23,Furniture,37.0,121.95,0,40.53,4,7,2021,29,0
2021-07-24,Furniture,43.0,121.95,0,36.08,5,7,2021,29,0
2021-07-25,Furniture,42.0,121.95,0,48.7,6,7,2021,29,0
2021-07-26,Furniture,27.0,121.95,0,34.21,0,7,2021,30,0
2021-07-27,Furniture,28.0,121.95,0,35.91,1,7,2021,30,0
2021-07-28,Furniture,27.0,121.95,0,27.7,2,7,2021,30,0
2021-07-29,Furniture,31.0,121.95,0,23.39,3,7,2021,30,0
2021-07-30,Furniture,66.0,87.5,1,29.71,4,7,2021,30,0
2021-07-31,Furniture,78.0,87.5,1,30.74,5,7,2021,30,0
2021-08-01,Furniture,72.0,87.5,1,31.6,6,8,2021,30,0
2021-08-02,Furniture,58.0,87.5,1,22.26,0,8,2021,31,0
2021-08-03,Furniture,53.0,87.5,1,32.07,1,8,2021,31,0
2021-08-04,Furniture,30.0,121.95,0,24.04,2,8,2021,31,0
2021-08-05,Furniture,31.0,121.95,0,30.66,3,8,2021,31,0
2021-08-06,Furniture,35.0,121.95,0,31.72,4,8,2021,31,0
2021-08-07,Furniture,38.0,121.95,0,24.51,5,8,2021,31,0
2021-08-08,Furniture,32.0,121.95,0,21.12,6,8,2021,31,0
2021-08-09,Furniture,28.0,121.95,0,33.11,0,8,2021,32,0
2021-08-10,Furniture,26.0,121.95,0,29.21,1,8,2021,32,0
2021-08-11,Furniture,28.0,121.95,0,25.08,2,8,2021,32,0
2021-08-12,Furniture,31.0,121.95,0,31.14,3,8,2021,32,0
2021-08-13,Furniture,34.0,121.95,0,23.69,4,8,2021,32,0
2021-08-14,Furniture,41.0,121.95,0,19.67,5,8,2021,32,0
2021-08-15,Furniture,35.0,121.95,0,17.26,6,8,2021,32,0
2021-08-16,Furniture,27.0,121.95,0,21.24,0,8,2021,33,0
2021-08-17,Furniture,30.0,121.95,0,25.15,1,8,2021,33,0
2021-08-18,Furniture,27.0,121.95,0,27.77,2,8,2021,33,0
2021-08-19,Furniture,28.0,121.95,0,20.47,3,8,2021,33,0
2021-08-20,Furniture,69.0,92.85,1,25.96,4,8,2021,33,0
2021-08-21,Furniture,72.0,92.85,1,18.37,5,8,2021,33,0
2021-08-22,Furniture,76.0,82.36,1,15.1,6,8,2021,33,0
2021-08-23,Furniture,55.0,82.36,1,12.04,0,8,2021,34,0
2021-08-24,Furniture,63.0,82.36,1,15.62,1,8,2021,34,0
2021-08-25,Furniture,57.0,82.36,1,11.4,2,8,2021,34,0
2021-08-26,Furniture,59.0,82.36,1,27.39,3,8,2021,34,0
2021-08-27,Furniture,51.0,108.17,1,19.14,4,8,2021,34,0
2021-08-28,Furniture,38.0,121.95,0,16.08,5,8,2021,34,0
2021-08-29,Furniture,36.0,121.95,0,24.8,6,8,2021,34,0
2021-08-30,Furniture,28.0,121.95,0,9.32,0,8,2021,35,0
2021-08-31,Furniture,27.0,121.95,0,14.79,1,8,2021,35,0
2021-09-01,Furniture,26.0,121.95,0,25.13,2,9,2021,35,0
2021-09-02,Furniture,25.0,121.95,0,14.08,3,9,2021,35,0
2021-09-03,Furniture,35.0,121.95,0,26.71,4,9,2021,35,0
2021-09-04,Furniture,31.0,121.95,0,18.09,5,9,2021,35,0
2021-09-05,Furniture,35.0,121.95,0,20.4,6,9,2021,35,0
2021-09-06,Furniture,23.0,121.95,0,20.25,0,9,2021,36,0
2021-09-07,Furniture,25.0,121.95,0,13.3,1,9,2021,36,0
2021-09-08,Furniture,24.0,121.95,0,10.59,2,9,2021,36,0
2021-09-09,Furniture,26.0,121.95,0,12.19,3,9,2021,36,0
2021-09-10,Furniture,31.0,121.95,0,7.59,4,9,2021,36,0
2021-09-11,Furniture,31.0,121.95,0,11.96,5,9,2021,36,0
2021-09-12,Furniture,33.0,121.95,0,12.04,6,9,2021,36,0
2021-09-13,Furniture,28.0,121.95,0,20.3,0,9,2021,37,0
2021-09-14,Furniture,22.0,121.95,0,14.62,1,9,2021,37,0
2021-09-15,Furniture,23.0,121.95,0,23.27,2,9,2021,37,0
2021-09-16,Furniture,28.0,121.95,0,0.48,3,9,2021,37,0
2021-09-17,Furniture,30.0,121.95,0,5.03,4,9,2021,37,0
2021-09-18,Furniture,34.0,121.95,0,9.18,5,9,2021,37,0
2021-09-19,Furniture,36.0,121.95,0,18.28,6,9,2021,37,0
2021-09-20,Furniture,23.0,121.95,0,10.14,0,9,2021,38,0
2021-09-21,Furniture,23.0,121.95,0,3.22,1,9,2021,38,0
2021-09-22,Furniture,23.0,121.95,0,9.23,2,9,2021,38,0
2021-09-23,Furniture,25.0,121.95,0,4.37,3,9,2021,38,0
2021-09-24,Furniture,32.0,121.95,0,3.3,4,9,2021,38,0
2021-09-25,Furniture,29.0,121.95,0,20.19,5,9,2021,38,0
2021-09-26,Furniture,30.0,121.95,0,8.38,6,9,2021,38,0
2021-09-27,Furniture,22.0,121.95,0,10.95,0,9,2021,39,0
2021-09-28,Furniture,27.0,121.95,0,9.58,1,9,2021,39,0
2021-09-29,Furniture,23.0,121.95,0,8.76,2,9,2021,39,0
2021-09-30,Furniture,2.5,121.95,0,5.8,3,9,2021,39,0
2021-10-01,Furniture,25.0,121.95,0,8.45,4,10,2021,39,0
2021-10-02,Furniture,32.0,121.95,0,11.7,5,10,2021,39,0
2021-10-03,Furniture,35.0,121.95,0,17.12,6,10,2021,39,0
2021-10-04,Furniture,25.0,121.95,0,14.8,0,10,2021,40,0
2021-10-05,Furniture,24.0,121.95,0,4.01,1,10,2021,40,0
2021-10-06,Furniture,21.0,121.95,0,15.11,2,10,2021,40,0
2021-10-07,Furniture,25.0,121.95,0,12.61,3,10,2021,40,0
2021-10-08,Furniture,29.0,121.95,0,7.19,4,10,2021,40,0
2021-10-09,Furniture,31.0,121.95,0,11.31,5,10,2021,40,0
2021-10-10,Furniture,35.0,121.95,0,13.37,6,10,2021,40,0
2021-10-11,Furniture,27.0,121.95,0,10.86,0,10,2021,41,0
2021-10-12,Furniture,24.0,121.95,0,13.15,1,10,2021,41,0
2021-10-13,Furniture,26.0,121.95,0,6.57,2,10,2021,41,0
2021-10-14,Furniture,26.0,121.95,0,21.0,3,10,2021,41,0
2021-10-15,Furniture,32.0,121.95,0,1.55,4,10,2021,41,0
2021-10-16,Furniture,39.0,121.95,0,14.26,5,10,2021,41,0
2021-10-17,Furniture,30.0,121.95,0,13.39,6,10,2021,41,0
2021-10-18,Furniture,27.0,121.95,0,14.97,0,10,2021,42,0
2021-10-19,Furniture,27.0,121.95,0,8.42,1,10,2021,42,0
2021-10-20,Furniture,23.0,121.95,0,18.02,2,10,2021,42,0
2021-10-21,Furniture,25.0,121.95,0,11.87,3,10,2021,42,0
2021-10-22,Furniture,28.0,121.95,0,6.72,4,10,2021,42,0
2021-10-23,Furniture,34.0,121.95,0,7.42,5,10,2021,42,0
2021-10-24,Furniture,33.0,121.95,0,13.78,6,10,2021,42,0
2021-10-25,Furniture,25.0,121.95,0,5.45,0,10,2021,43,0
2021-10-26,Furniture,27.0,121.95,0,22.72,1,10,2021,43,0
2021-10-27,Furniture,21.0,121.95,0,19.26,2,10,2021,43,0
2021-10-28,Furniture,25.0,121.95,0,23.45,3,10,2021,43,0
2021-10-29,Furniture,32.0,121.95,0,23.24,4,10,2021,43,0
2021-10-30,Furniture,37.0,121.95,0,13.2,5,10,2021,43,0
2021-10-31,Furniture,47.0,121.95,0,10.96,6,10,2021,43,1
2021-11-01,Furniture,28.0,121.95,0,2.26,0,11,2021,44,0
2021-11-02,Furniture,29.0,121.95,0,13.98,1,11,2021,44,0
2021-11-03,Furniture,40.0,107.46,1,25.2,2,11,2021,44,0
2021-11-04,Furniture,39.0,107.46,1,12.61,3,11,2021,44,0
2021-11-05,Furniture,53.0,107.46,1,16.09,4,11,2021,44,0
2021-11-06,Furniture,64.0,107.46,1,14.77,5,11,2021,44,0
2021-11-07,Furniture,52.0,107.46,1,19.82,6,11,2021,44,0
2021-11-08,Furniture,43.0,107.46,1,24.79,0,11,2021,45,0
2021-11-09,Furniture,29.0,121.95,0,11.09,1,11,2021,45,0
2021-11-10,Furniture,27.0,121.95,0,12.48,2,11,2021,45,0
2021-11-11,Furniture,24.0,121.95,0,27.1,3,11,2021,45,0
2021-11-12,Furniture,33.0,121.95,0,23.79,4,11,2021,45,0
2021-11-13,Furniture,34.0,121.95,0,19.29,5,11,2021,45,0
2021-11-14,Furniture,33.0,121.95,0,29.59,6,11,2021,45,0
2021-11-15,Furniture,24.0,121.95,0,14.71,0,11,2021,46,0
2021-11-16,Furniture,30.0,121.95,0,26.68,1,11,2021,46,0
2021-11-17,Furniture,26.0,121.95,0,22.18,2,11,2021,46,0
2021-11-18,Furniture,30.0,121.95,0,26.05,3,11,2021,46,0
2021-11-19,Furniture,35.0,121.95,0,11.6,4,11,2021,46,0
2021-11-20,Furniture,39.0,121.95,0,22.75,5,11,2021,46,0
2021-11-21,Furniture,39.0,121.95,0,28.27,6,11,2021,46,0
2021-11-22,Furniture,30.0,121.95,0,24.8,0,11,2021,47,0
2021-11-23,Furniture,29.0,121.95,0,31.94,1,11,2021,47,0
2021-11-24,Furniture,27.0,121.95,0,32.32,2,11,2021,47,0
2021-11-25,Furniture,62.0,121.95,0,21.98,3,11,2021,47,1
2021-11-26,Furniture,103.0,121.95,0,31.45,4,11,2021,47,1
2021-11-27,Furniture,39.0,121.95,0,22.94,5,11,2021,47,0
2021-11-28,Furniture,41.0,121.95,0,28.75,6,11,2021,47,0
2021-11-29,Furniture,33.0,121.95,0,32.34,0,11,2021,48,0
2021-11-30,Furniture,30.0,121.95,0,25.48,1,11,2021,48,0
2021-12-01,Furniture,27.0,121.95,0,34.18,2,12,2021,48,0
2021-12-02,Furniture,26.0,121.95,0,28.32,3,12,2021,48,0
2021-12-03,Furniture,34.0,121.95,0,28.55,4,12,2021,48,0
2021-12-04,Furniture,37.0,121.95,0,35.6,5,12,2021,48,0
2021-12-05,Furniture,38.0,121.95,0,28.51,6,12,2021,48,0
2021-12-06,Furniture,32.0,121.95,0,28.88,0,12,2021,49,0
2021-12-07,Furniture,31.0,121.95,0,39.15,1,12,2021,49,0
2021-12-08,Furniture,35.0,121.95,0,35.12,2,12,2021,49,0
2021-12-09,Furniture,34.0,121.95,0,27.94,3,12,2021,49,0
2021-12-10,Furniture,43.0,121.95,0,40.13,4,12,2021,49,0
2021-12-11,Furniture,45.0,121.95,0,34.47,5,12,2021,49,0
2021-12-12,Furniture,,121.95,0,30.13,6,12,2021,49,0
2021-12-13,Furniture,31.0,121.95,0,25.27,0,12,2021,50,0
2021-12-14,Furniture,29.0,121.95,0,42.98,1,12,2021,50,0
2021-12-15,Furniture,31.0,121.95,0,34.82,2,12,2021,50,0
2021-12-16,Furniture,34.0,121.95,0,33.57,3,12,2021,50,0
2021-12-17,Furniture,37.0,121.95,0,43.65,4,12,2021,50,0
2021-12-18,Furniture,41.0,121.95,0,45.15,5,12,2021,50,0
2021-12-19,Furniture,45.0,121.95,0,37.86,6,12,2021,50,0
2021-12-20,Furniture,31.0,121.95,0,47.03,0,12,2021,51,0
2021-12-21,Furniture,29.0,121.95,0,53.42,1,12,2021,51,0
2021-12-22,Furniture,30.0,121.95,0,50.56,2,12,2021,51,0
2021-12-23,Furniture,34.0,121.95,0,50.46,3,12,2021,51,0
2021-12-24,Furniture,37.0,121.95,0,46.76,4,12,2021,51,0
2021-12-25,Furniture,113.0,121.95,0,43.66,5,12,2021,51,1
2021-12-26,Furniture,86.0,121.95,0,46.28,6,12,2021,51,1
2021-12-27,Furniture,37.0,121.95,0,49.45,0,12,2021,52,0
2021-12-28,Furniture,33.0,121.95,0,41.65,1,12,2021,52,0
2021-12-29,Furniture,31.0,121.95,0,44.78,2,12,2021,52,0
2021-12-30,Furniture,35.0,121.95,0,42.17,3,12,2021,52,0
2021-12-31,Furniture,70.0,121.95,0,51.18,4,12,2021,52,1
2022-01-01,Furniture,92.0,121.95,0,51.1,5,1,2022,52,1
2022-01-02,Furniture,49.0,121.95,0,48.11,6,1,2022,52,0
2022-01-03,Furniture,40.0,121.95,0,56.17,0,1,2022,1,0
2022-01-04,Furniture,41.0,121.95,0,47.53,1,1,2022,1,0
2022-01-05,Furniture,34.0,121.95,0,49.99,2,1,2022,1,0
2022-01-06,Furniture,42.0,121.95,0,58.03,3,1,2022,1,0
2022-01-07,Furniture,42.0,121.95,0,59.45,4,1,2022,1,0
2022-01-08,Furniture,54.0,121.95,0,51.51,5,1,2022,1,0
2022-01-09,Furniture,52.0,121.95,0,57.33,6,1,2022,1,0
2022-01-10,Furniture,32.0,121.95,0,52.96,0,1,2022,2,0
2022-01-11,Furniture,34.0,121.95,0,56.54,1,1,2022,2,0
2022-01-12,Furniture,33.0,121.95,0,58.92,2,1,2022,2,0
2022-01-13,Furniture,33.0,121.95,0,61.68,3,1,2022,2,0
2022-01-14,Furniture,48.0,121.95,0,61.13,4,1,2022,2,0
2022-01-15,Furniture,60.0,121.95,0,61.58,5,1,2022,2,0
2022-01-16,Furniture,50.0,121.95,0,55.49,6,1,2022,2,0
2022-01-17,Furniture,41.0,121.95,0,63.48,0,1,2022,3,0
2022-01-18,Furniture,43.0,121.95,0,64.95,1,1,2022,3,0
2022-01-19,Furniture,38.0,121.95,0,66.3,2,1,2022,3,0
2022-01-20,Furniture,40.0,121.95,0,59.9,3,1,2022,3,0
2022-01-21,Furniture,45.0,121.95,0,68.72,4,1,2022,3,0
2022-01-22,Furniture,,121.95,0,58.2,5,1,2022,3,0
2022-01-23,Furniture,56.0,121.95,0,63.27,6,1,2022,3,0
2022-01-24,Furniture,41.0,121.95,0,64.68,0,1,2022,4,0
2022-01-25,Furniture,41.0,121.95,0,60.38,1,1,2022,4,0
2022-01-26,Furniture,39.0,121.95,0,65.86,2,1,2022,4,0
2022-01-27,Furniture,36.0,121.95,0,69.04,3,1,2022,4,0
2022-01-28,Furniture,51.0,121.95,0,59.41,4,1,2022,4,0
2022-01-29,Furniture,49.0,121.95,0,67.18,5,1,2022,4,0
2022-01-30,Furniture,56.0,121.95,0,61.01,6,1,2022,4,0
2022-01-31,Furniture,44.0,121.95,0,80.55,0,1,2022,5,0
2022-02-01,Furniture,37.0,121.95,0,72.0,1,2,2022,5,0
2022-02-02,Furniture,38.0,121.95,0,72.15,2,2,2022,5,0
2022-02-03,Furniture,50.0,121.95,0,73.26,3,2,2022,5,0
2022-02-04,Furniture,48.0,121.95,0,75.69,4,2,2022,5,0
2022-02-05,Furniture,50.0,121.95,0,78.12,5,2,2022,5,0
2022-02-06,Furniture,59.0,121.95,0,65.97,6,2,2022,5,0
2022-02-07,Furniture,40.0,121.95,0,80.89,0,2,2022,6,0
2022-02-08,Furniture,35.0,121.95,0,81.11,1,2,2022,6,0
2022-02-09,Furniture,43.0,121.95,0,75.09,2,2,2022,6,0
2022-02-10,Furniture,40.0,121.95,0,75.35,3,2,2022,6,0
2022-02-11,Furniture,51.0,121.95,0,60.95,4,2,2022,6,0
2022-02-12,Furniture,53.0,121.95,0,70.76,5,2,2022,6,0
2022-02-13,Furniture,60.0,121.95,0,80.08,6,2,2022,6,0
2022-02-14,Furniture,70.0,121.95,0,83.98,0,2,2022,7,1
2022-02-15,Furniture,34.0,121.95,0,82.11,1,2,2022,7,0
2022-02-16,Furniture,43.0,121.95,0,78.57,2,2,2022,7,0
2022-02-17,Furniture,44.0,121.95,0,89.05,3,2,2022,7,0
2022-02-18,Furniture,57.0,121.95,0,84.9,4,2,2022,7,0
2022-02-19,Furniture,60.0,121.95,0,78.36,5,2,2022,7,0
2022-02-20,Furniture,61.0,121.95,0,91.69,6,2,2022,7,0
2022-02-21,Furniture,42.0,121.95,0,75.73,0,2,2022,8,0
2022-02-22,Furniture,40.0,121.95,0,74.28,1,2,2022,8,0
2022-02-23,Furniture,43.0,121.95,0,79.95,2,2,2022,8,0
2022-02-24,Furniture,44.0,121.95,0,78.67,3,2,2022,8,0
2022-02-25,Furniture,57.0,121.95,0,81.03,4,2,2022,8,0
2022-02-26,Furniture,59.0,121.95,0,87.24,5,2,2022,8,0
2022-02-27,Furniture,53.0,121.95,0,83.45,6,2,2022,8,0
2022-02-28,Furniture,42.0,121.95,0,83.95,0,2,2022,9,0
2022-03-01,Furniture,47.0,121.95,0,84.64,1,3,2022,9,0
2022-03-02,Furniture,43.0,121.95,0,73.14,2,3,2022,9,0
2022-03-03,Furniture,45.0,121.95,0,77.46,3,3,2022,9,0
2022-03-04,Furniture,57.0,121.95,0,83.44,4,3,2022,9,0
2022-03-05,Furniture,56.0,121.95,0,81.46,5,3,2022,9,0
2022-03-06,Furniture,49.0,121.95,0,84.83,6,3,2022,9,0
2022-03-07,Furniture,42.0,121.95,0,93.3,0,3,2022,10,0
2022-03-08,Furniture,45.0,121.95,0,86.19,1,3,2022,10,0
2022-03-09,Furniture,43.0,121.95,0,80.23,2,3,2022,10,0
2022-03-10,Furniture,41.0,121.95,0,83.14,3,3,2022,10,0
2022-03-11,Furniture,58.0,121.95,0,95.91,4,3,2022,10,0
2022-03-12,Furniture,62.0,121.95,0,95.26,5,3,2022,10,0
2022-03-13,Furniture,62.0,121.95,0,90.8,6,3,2022,10,0
2022-03-14,Furniture,47.0,121.95,0,80.23,0,3,2022,11,0
2022-03-15,Furniture,40.0,121.95,0,89.78,1,3,2022,11,0
2022-03-16,Furniture,46.0,121.95,0,90.36,2,3,2022,11,0
2022-03-17,Furniture,51.0,121.95,0,88.76,3,3,2022,11,0
2022-03-18,Furniture,59.0,121.95,0,85.95,4,3,2022,11,0
2022-03-19,Furniture,65.0,121.95,0,87.15,5,3,2022,11,0
2022-03-20,Furniture,63.0,121.95,0,85.92,6,3,2022,11,0
2022-03-21,Furniture,40.0,121.95,0,83.53,0,3,2022,12,0
2022-03-22,Furniture,45.0,121.95,0,96.21,1,3,2022,12,0
2022-03-23,Furniture,41.0,121.95,0,93.91,2,3,2022,12,0
2022-03-24,Furniture,52.0,121.95,0,88.17,3,3,2022,12,0
2022-03-25,Furniture,59.0,121.95,0,91.45,4,3,2022,12,0
2022-03-26,Furniture,57.0,121.95,0,91.72,5,3,2022,12,0
2022-03-27,Furniture,61.0,121.95,0,101.55,6,3,2022,12,0
2022-03-28,Furniture,47.0,121.95,0,94.26,0,3,2022,13,0
2022-03-29,Furniture,49.0,121.95,0,94.11,1,3,2022,13,0
2022-03-30,Furniture,39.0,121.95,0,90.16,2,3,2022,13,0
2022-03-31,Furniture,39.0,121.95,0,87.82,3,3,2022,13,0
2022-04-01,Furniture,54.0,121.95,0,96.91,4,4,2022,13,0
2022-04-02,Furniture,49.0,121.95,0,93.26,5,4,2022,13,0
2022-04-03,Furniture,62.0,121.95,0,85.83,6,4,2022,13,0
2022-04-04,Furniture,49.0,121.95,0,92.22,0,4,2022,14,0
2022-04-05,Furniture,50.0,121.95,0,94.1,1,4,2022,14,0
2022-04-06,Furniture,43.0,121.95,0,79.39,2,4,2022,14,0
2022-04-07,Furniture,48.0,121.95,0,85.19,3,4,2022,14,0
2022-04-08,Furniture,57.0,121.95,0,91.54,4,4,2022,14,0
2022-04-09,Furniture,56.0,121.95,0,80.02,5,4,2022,14,0
2022-04-10,Furniture,65.0,121.95,0,80.72,6,4,2022,14,0
2022-04-11,Furniture,47.0,121.95,0,88.09,0,4,2022,15,0
2022-04-12,Furniture,43.0,121.95,0,91.77,1,4,2022,15,0
2022-04-13,Furniture,45.0,121.95,0,91.87,2,4,2022,15,0
2022-04-14,Furniture,47.0,121.95,0,96.95,3,4,2022,15,0
2022-04-15,Furniture,57.0,121.95,0,89.3,4,4,2022,15,0
2022-04-16,Furniture,60.0,121.95,0,86.85,5,4,2022,15,0
2022-04-17,Furniture,62.0,121.95,0,82.0,6,4,2022,15,0
2022-04-18,Furniture,44.0,121.95,0,86.43,0,4,2022,16,0
2022-04-19,Furniture,42.0,121.95,0,91.68,1,4,2022,16,0
2022-04-20,Furniture,45.0,121.95,0,91.7,2,4,2022,16,0
2022-04-21,Furniture,44.0,121.95,0,89.03,3,4,2022,16,0
2022-04-22,Furniture,57.0,121.95,0,90.21,4,4,2022,16,0
2022-04-23,Furniture,64.0,121.95,0,93.61,5,4,2022,16,0
2022-04-24,Furniture,56.0,121.95,0,87.35,6,4,2022,16,0
2022-04-25,Furniture,46.0,121.95,0,93.54,0,4,2022,17,0
2022-04-26,Furniture,42.0,121.95,0,82.79,1,4,2022,17,0
2022-04-27,Furniture,38.0,121.95,0,85.77,2,4,2022,17,0
2022-04-28,Furniture,,121.95,0,83.43,3,4,2022,17,0
2022-04-29,Furniture,53.0,121.95,0,89.49,4,4,2022,17,0
2022-04-30,Furniture,63.0,121.95,0,80.13,5,4,2022,17,0
2022-05-01,Furniture,60.0,121.95,0,83.26,6,5,2022,17,0
2022-05-02,Furniture,48.0,121.95,0,75.23,0,5,2022,18,0
2022-05-03,Furniture,40.0,121.95,0,87.14,1,5,2022,18,0
2022-05-04,Furniture,42.0,121.95,0,90.04,2,5,2022,18,0
2022-05-05,Furniture,,121.95,0,87.99,3,5,2022,18,0
2022-05-06,Furniture,44.0,121.95,0,87.12,4,5,2022,18,0
2022-05-07,Furniture,57.0,121.95,0,86.86,5,5,2022,18,0
2022-05-08,Furniture,53.0,121.95,0,85.76,6,5,2022,18,0
2022-05-09,Furniture,44.0,121.95,0,84.92,0,5,2022,19,0
2022-05-10,Furniture,42.0,121.95,0,84.82,1,5,2022,19,0
2022-05-11,Furniture,45.0,121.95,0,77.72,2,5,2022,19,0
2022-05-12,Furniture,46.0,121.95,0,79.55,3,5,2022,19,0
2022-05-13,Furniture,46.0,121.95,0,80.46,4,5,2022,19,0
2022-05-14,Furniture,56.0,121.95,0,77.97,5,5,2022,19,0
2022-05-15,Furniture,57.0,121.95,0,71.35,6,5,2022,19,0
2022-05-16,Furniture,46.0,121.95,0,72.53,0,5,2022,20,0
2022-05-17,Furniture,51.0,121.95,0,79.37,1,5,2022,20,0
2022-05-18,Furniture,44.0,121.95,0,82.26,2,5,2022,20,0
2022-05-19,Furniture,40.0,121.95,0,77.28,3,5,2022,20,0
2022-05-20,Furniture,50.0,121.95,0,90.55,4,5,2022,20,0
2022-05-21,Furniture,58.0,121.95,0,71.61,5,5,2022,20,0
2022-05-22,Furniture,54.0,121.95,0,77.91,6,5,2022,20,0
2022-05-23,Furniture,44.0,121.95,0,81.61,0,5,2022,21,0
2022-05-24,Furniture,34.0,121.95,0,79.94,1,5,2022,21,0
2022-05-25,Furniture,43.0,121.95,0,77.34,2,5,2022,21,0
2022-05-26,Furniture,41.0,121.95,0,78.86,3,5,2022,21,0
2022-05-27,Furniture,49.0,121.95,0,73.23,4,5,2022,21,0
2022-05-28,Furniture,62.0,121.95,0,80.7,5,5,2022,21,0
2022-05-29,Furniture,49.0,121.95,0,78.23,6,5,2022,21,0
2022-05-30,Furniture,42.0,121.95,0,66.97,0,5,2022,22,0
2022-05-31,Furniture,43.0,121.95,0,72.25,1,5,2022,22,0
2022-06-01,Furniture,40.0,121.95,0,62.31,2,6,2022,22,0
2022-06-02,Furniture,37.0,121.95,0,77.06,3,6,2022,22,0
2022-06-03,Furniture,53.0,121.95,0,69.97,4,6,2022,22,0
2022-06-04,Furniture,53.0,121.95,0,74.98,5,6,2022,22,0
2022-06-05,Furniture,51.0,121.95,0,67.07,6,6,2022,22,0
2022-06-06,Furniture,39.0,121.95,0,57.72,0,6,2022,23,0
2022-06-07,Furniture,38.0,121.95,0,79.56,1,6,2022,23,0
2022-06-08,Furniture,35.0,121.95,0,66.4,2,6,2022,23,0
2022-06-09,Furniture,41.0,121.95,0,60.11,3,6,2022,23,0
2022-06-10,Furniture,44.0,121.95,0,70.2,4,6,2022,23,0
2022-06-11,Furniture,56.0,121.95,0,74.0,5,6,2022,23,0
2022-06-12,Furniture,54.0,121.95,0,62.16,6,6,2022,23,0
2022-06-13,Furniture,44.0,121.95,0,62.03,0,6,2022,24,0
2022-06-14,Furniture,37.0,121.95,0,63.06,1,6,2022,24,0
2022-06-15,Furniture,35.0,121.95,0,55.65,2,6,2022,24,0
2022-06-16,Furniture,35.0,121.95,0,57.09,3,6,2022,24,0
2022-06-17,Furniture,53.0,121.95,0,68.79,4,6,2022,24,0
2022-06-18,Furniture,54.0,121.95,0,58.55,5,6,2022,24,0
2022-06-19,Furniture,47.0,121.95,0,54.35,6,6,2022,24,0
2022-06-20,Furniture,43.0,121.95,0,55.61,0,6,2022,25,0
2022-06-21,Furniture,41.0,121.95,0,62.55,1,6,2022,25,0
2022-06-22,Furniture,32.0,121.95,0,46.63,2,6,2022,25,0
2022-06-23,Furniture,36.0,121.95,0,57.11,3,6,2022,25,0
2022-06-24,Furniture,43.0,121.95,0,67.46,4,6,2022,25,0
2022-06-25,Furniture,45.0,121.95,0,64.62,5,6,2022,25,0
2022-06-26,Furniture,48.0,121.95,0,56.65,6,6,2022,25,0
2022-06-27,Furniture,39.0,121.95,0,59.68,0,6,2022,26,0
2022-06-28,Furniture,32.0,121.95,0,58.94,1,6,2022,26,0
2022-06-29,Furniture,36.0,121.95,0,51.09,2,6,2022,26,0
2022-06-30,Furniture,40.0,121.95,0,55.66,3,6,2022,26,0
2022-07-01,Furniture,43.0,121.95,0,59.29,4,7,2022,26,0
2022-07-02,Furniture,47.0,121.95,0,43.34,5,7,2022,26,0
2022-07-03,Furniture,44.0,121.95,0,51.85,6,7,2022,26,0
2022-07-04,Furniture,53.0,121.95,0,50.09,0,7,2022,27,1
2022-07-05,Furniture,31.0,121.95,0,48.11,1,7,2022,27,0
2022-07-06,Furniture,34.0,121.95,0,46.98,2,7,2022,27,0
2022-07-07,Furniture,36.0,121.95,0,47.38,3,7,2022,27,0
2022-07-08,Furniture,44.0,121.95,0,47.11,4,7,2022,27,0
2022-07-09,Furniture,44.0,121.95,0,50.44,5,7,2022,27,0
2022-07-10,Furniture,43.0,121.95,0,46.55,6,7,2022,27,0
2022-07-11,Furniture,31.0,121.95,0,42.6,0,7,2022,28,0
2022-07-12,Furniture,34.0,121.95,0,38.61,1,7,2022,28,0
2022-07-13,Furniture,31.0,121.95,0,39.77,2,7,2022,28,0
2022-07-14,Furniture,32.0,121.95,0,42.76,3,7,2022,28,0
2022-07-15,Furniture,37.0,121.95,0,37.26,4,7,2022,28,0
2022-07-16,Furniture,46.0,121.95,0,44.85,5,7,2022,28,0
2022-07-17,Furniture,39.0,121.95,0,41.6,6,7,2022,28,0
2022-07-18,Furniture,30.0,121.95,0,44.51,0,7,2022,29,0
2022-07-19,Furniture,34.0,121.95,0,34.94,1,7,2022,29,0
2022-07-20,Furniture,31.0,121.95,0,33.32,2,7,2022,29,0
2022-07-21,Furniture,36.0,121.95,0,42.5,3,7,2022,29,0
2022-07-22,Furniture,36.0,121.95,0,36.83,4,7,2022,29,0
2022-07-23,Furniture,43.0,121.95,0,34.52,5,7,2022,29,0
2022-07-24,Furniture,42.0,121.95,0,38.38,6,7,2022,29,0
2022-07-25,Furniture,35.0,121.95,0,37.56,0,7,2022,30,0
2022-07-26,Furniture,34.0,121.95,0,27.35,1,7,2022,30,0
2022-07-27,Furniture,33.0,121.95,0,39.92,2,7,2022,30,0
2022-07-28,Furniture,30.0,121.95,0,30.33,3,7,2022,30,0
2022-07-29,Furniture,33.0,121.95,0,40.26,4,7,2022,30,0
2022-07-30,Furniture,44.0,121.95,0,24.49,5,7,2022,30,0
2022-07-31,Furniture,45.0,121.95,0,32.14,6,7,2022,30,0
2022-08-01,Furniture,33.0,121.95,0,29.02,0,8,2022,31,0
2022-08-02,Furniture,30.0,121.95,0,19.48,1,8,2022,31,0
2022-08-03,Furniture,31.0,121.95,0,32.06,2,8,2022,31,0
2022-08-04,Furniture,32.0,121.95,0,18.57,3,8,2022,31,0
2022-08-05,Furniture,35.0,121.95,0,26.16,4,8,2022,31,0
2022-08-06,Furniture,40.0,121.95,0,32.57,5,8,2022,31,0
2022-08-07,Furniture,39.0,121.95,0,23.84,6,8,2022,31,0
2022-08-08,Furniture,28.0,121.95,0,21.42,0,8,2022,32,0
2022-08-09,Furniture,27.0,121.95,0,29.39,1,8,2022,32,0
2022-08-10,Furniture,27.0,121.95,0,23.6,2,8,2022,32,0
2022-08-11,Furniture,26.0,121.95,0,22.29,3,8,2022,32,0
2022-08-12,Furniture,34.0,121.95,0,30.17,4,8,2022,32,0
2022-08-13,Furniture,38.0,121.95,0,17.44,5,8,2022,32,0
2022-08-14,Furniture,40.0,121.95,0,20.47,6,8,2022,32,0
2022-08-15,Furniture,31.0,121.95,0,26.6,0,8,2022,33,0
2022-08-16,Furniture,31.0,121.95,0,15.62,1,8,2022,33,0
2022-08-17,Furniture,30.0,121.95,0,30.17,2,8,2022,33,0
2022-08-18,Furniture,27.0,121.95,0,19.73,3,8,2022,33,0
2022-08-19,Furniture,29.0,121.95,0,24.72,4,8,2022,33,0
2022-08-20,Furniture,40.0,121.95,0,24.26,5,8,2022,33,0
2022-08-21,Furniture,40.0,121.95,0,18.68,6,8,2022,33,0
2022-08-22,Furniture,31.0,121.95,0,16.61,0,8,2022,34,0
2022-08-23,Furniture,28.0,121.95,0,18.36,1,8,2022,34,0
2022-08-24,Furniture,22.0,121.95,0,21.72,2,8,2022,34,0
2022-08-25,Furniture,29.0,121.95,0,12.81,3,8,2022,34,0
2022-08-26,Furniture,33.0,121.95,0,11.32,4,8,2022,34,0
2022-08-27,Furniture,40.0,121.95,0,24.37,5,8,2022,34,0
2022-08-28,Furniture,39.0,121.95,0,12.89,6,8,2022,34,0
2022-08-29,Furniture,29.0,121.95,0,17.96,0,8,2022,35,0
2022-08-30,Furniture,25.0,121.95,0,14.82,1,8,2022,35,0
2022-08-31,Furniture,24.0,121.95,0,14.68,2,8,2022,35,0
2022-09-01,Furniture,28.0,121.95,0,22.28,3,9,2022,35,0
2022-09-02,Furniture,29.0,121.95,0,14.37,4,9,2022,35,0
2022-09-03,Furniture,39.0,121.95,0,12.69,5,9,2022,35,0
2022-09-04,Furniture,30.0,121.95,0,12.82,6,9,2022,35,0
2022-09-05,Furniture,27.0,121.95,0,11.35,0,9,2022,36,0
2022-09-06,Furniture,26.0,121.95,0,10.23,1,9,2022,36,0
2022-09-07,Furniture,25.0,121.95,0,10.8,2,9,2022,36,0
2022-09-08,Furniture,25.0,121.95,0,21.34,3,9,2022,36,0
2022-09-09,Furniture,,121.95,0,16.33,4,9,2022,36,0
2022-09-10,Furniture,33.0,121.95,0,10.8,5,9,2022,36,0
2022-09-11,Furniture,32.0,121.95,0,17.2,6,9,2022,36,0
2022-09-12,Furniture,28.0,121.95,0,4.13,0,9,2022,37,0
2022-09-13,Furniture,23.0,121.95,0,18.73,1,9,2022,37,0
2022-09-14,Furniture,26.0,121.95,0,18.13,2,9,2022,37,0
2022-09-15,Furniture,92.0,121.95,0,22.64,3,9,2022,37,0
2022-09-16,Furniture,31.0,121.95,0,16.34,4,9,2022,37,0
2022-09-17,Furniture,28.0,121.95,0,13.3,5,9,2022,37,0
2022-09-18,Furniture,39.0,121.95,0,17.42,6,9,2022,37,0
2022-09-19,Furniture,25.0,121.95,0,7.69,0,9,2022,38,0
2022-09-20,Furniture,19.0,121.95,0,8.71,1,9,2022,38,0
2022-09-21,Furniture,23.0,121.95,0,10.24,2,9,2022,38,0
2022-09-22,Furniture,,121.95,0,17.3,3,9,2022,38,0
2022-09-23,Furniture,28.0,121.95,0,6.08,4,9,2022,38,0
2022-09-24,Furniture,33.0,121.95,0,5.46,5,9,2022,38,0
2022-09-25,Furniture,31.0,121.95,0,11.38,6,9,2022,38,0
2022-09-26,Furniture,24.0,121.95,0,13.72,0,9,2022,39,0
2022-09-27,Furniture,22.0,121.95,0,6.57,1,9,2022,39,0
2022-09-28,Furniture,26.0,121.95,0,13.4,2,9,2022,39,0
2022-09-29,Furniture,28.0,121.95,0,16.86,3,9,2022,39,0
2022-09-30,Furniture,29.0,121.95,0,16.01,4,9,2022,39,0
2022-10-01,Furniture,33.0,121.95,0,11.77,5,10,2022,39,0
2022-10-02,Furniture,30.0,121.95,0,9.56,6,10,2022,39,0
2022-10-03,Furniture,25.0,121.95,0,18.71,0,10,2022,40,0
2022-10-04,Furniture,25.0,121.95,0,10.14,1,10,2022,40,0
2022-10-05,Furniture,24.0,121.95,0,14.81,2,10,2022,40,0
2022-10-06,Furniture,27.0,121.95,0,19.95,3,10,2022,40,0
2022-10-07,Furniture,30.0,121.95,0,14.41,4,10,2022,40,0
2022-10-08,Furniture,31.0,121.95,0,5.33,5,10,2022,40,0
2022-10-09,Furniture,36.0,121.95,0,4.21,6,10,2022,40,0
2022-10-10,Furniture,25.0,121.95,0,9.02,0,10,2022,41,0
2022-10-11,Furniture,28.0,121.95,0,14.17,1,10,2022,41,0
2022-10-12,Furniture,25.0,121.95,0,12.97,2,10,2022,41,0
2022-10-13,Furniture,30.0,121.95,0,21.92,3,10,2022,41,0
2022-10-14,Furniture,32.0,121.95,0,13.21,4,10,2022,41,0
2022-10-15,Furniture,35.0,121.95,0,9.56,5,10,2022,41,0
2022-10-16,Furniture,32.0,121.95,0,5.7,6,10,2022,41,0
2022-10-17,Furniture,24.0,121.95,0,17.46,0,10,2022,42,0
2022-10-18,Furniture,26.0,121.95,0,11.72,1,10,2022,42,0
2022-10-19,Furniture,45.0,96.74,1,4.43,2,10,2022,42,0
2022-10-20,Furniture,45.0,96.74,1,12.29,3,10,2022,42,0
2022-10-21,Furniture,57.0,96.74,1,7.43,4,10,2022,42,0
2022-10-22,Furniture,62.0,96.74,1,10.52,5,10,2022,42,0
2022-10-23,Furniture,65.0,96.74,1,12.93,6,10,2022,42,0
2022-10-24,Furniture,24.0,121.95,0,8.64,0,10,2022,43,0
2022-10-25,Furniture,28.0,121.95,0,11.0,1,10,2022,43,0
2022-10-26,Furniture,26.0,121.95,0,10.0,2,10,2022,43,0
2022-10-27,Furniture,29.0,121.95,0,10.43,3,10,2022,43,0
2022-10-28,Furniture,33.0,121.95,0,9.28,4,10,2022,43,0
2022-10-29,Furniture,35.0,121.95,0,12.22,5,10,2022,43,0
2022-10-30,Furniture,34.0,121.95,0,10.49,6,10,2022,43,0
2022-10-31,Furniture,46.0,121.95,0,18.23,0,10,2022,44,1
2022-11-01,Furniture,25.0,121.95,0,16.65,1,11,2022,44,0
2022-11-02,Furniture,27.0,121.95,0,21.98,2,11,2022,44,0
2022-11-03,Furniture,27.0,121.95,0,25.81,3,11,2022,44,0
2022-11-04,Furniture,27.0,121.95,0,20.14,4,11,2022,44,0
2022-11-05,Furniture,33.0,121.95,0,19.39,5,11,2022,44,0
2022-11-06,Furniture,37.0,121.95,0,21.24,6,11,2022,44,0
2022-11-07,Furniture,29.0,121.95,0,20.28,0,11,2022,45,0
2022-11-08,Furniture,28.0,121.95,0,18.61,1,11,2022,45,0
2022-11-09,Furniture,29.0,121.95,0,18.64,2,11,2022,45,0
2022-11-10,Furniture,29.0,121.95,0,14.12,3,11,2022,45,0
2022-11-11,Furniture,30.0,121.95,0,23.86,4,11,2022,45,0
2022-11-12,Furniture,39.0,121.95,0,19.96,5,11,2022,45,0
2022-11-13,Furniture,37.0,121.95,0,27.83,6,11,2022,45,0
2022-11-14,Furniture,27.0,121.95,0,25.63,0,11,2022,46,0
2022-11-15,Furniture,29.0,121.95,0,18.4,1,11,2022,46,0
2022-11-16,Furniture,28.0,121.95,0,28.26,2,11,2022,46,0
2022-11-17,Furniture,28.0,121.95,0,9.71,3,11,2022,46,0
2022-11-18,Furniture,33.0,121.95,0,32.67,4,11,2022,46,0
2022-11-19,Furniture,43.0,121.95,0,16.84,5,11,2022,46,0
2022-11-20,Furniture,42.0,121.95,0,26.53,6,11,2022,46,0
2022-11-21,Furniture,30.0,121.95,0,26.72,0,11,2022,47,0
2022-11-22,Furniture,29.0,121.95,0,30.74,1,11,2022,47,0
2022-11-23,Furniture,25.0,121.95,0,24.02,2,11,2022,47,0
2022-11-24,Furniture,76.0,121.95,0,15.48,3,11,2022,47,1
2022-11-25,Furniture,113.0,121.95,0,25.13,4,11,2022,47,1
2022-11-26,Furniture,42.0,121.95,0,26.24,5,11,2022,47,0
2022-11-27,Furniture,32.0,121.95,0,17.66,6,11,2022,47,0
2022-11-28,Furniture,30.0,121.95,0,28.71,0,11,2022,48,0
2022-11-29,Furniture,29.0,121.95,0,23.68,1,11,2022,48,0
2022-11-30,Furniture,31.0,121.95,0,32.9,2,11,2022,48,0
2022-12-01,Furniture,30.0,121.95,0,29.02,3,12,2022,48,0
2022-12-02,Furniture,35.0,121.95,0,40.66,4,12,2022,48,0
2022-12-03,Furniture,43.0,121.95,0,30.18,5,12,2022,48,0
2022-12-04,Furniture,38.0,121.95,0,34.22,6,12,2022,48,0
2022-12-05,Furniture,30.0,121.95,0,31.62,0,12,2022,49,0
2022-12-06,Furniture,31.0,121.95,0,25.2,1,12,2022,49,0
2022-12-07,Furniture,34.0,121.95,0,32.92,2,12,2022,49,0
2022-12-08,Furniture,35.0,121.95,0,38.34,3,12,2022,49,0
2022-12-09,Furniture,41.0,121.95,0,38.22,4,12,2022,49,0
2022-12-10,Furniture,43.0,121.95,0,34.39,5,12,2022,49,0
2022-12-11,Furniture,47.0,121.95,0,29.22,6,12,2022,49,0
2022-12-12,Furniture,28.0,121.95,0,40.37,0,12,2022,50,0
2022-12-13,Furniture,37.0,121.95,0,39.9,1,12,2022,50,0
2022-12-14,Furniture,37.0,121.95,0,42.68,2,12,2022,50,0
2022-12-15,Furniture,35.0,121.95,0,37.75,3,12,2022,50,0
2022-12-16,Furniture,41.0,121.95,0,31.36,4,12,2022,50,0
2022-12-17,Furniture,44.0,121.95,0,43.12,5,12,2022,50,0
2022-12-18,Furniture,43.0,121.95,0,41.08,6,12,2022,50,0
2022-12-19,Furniture,32.0,121.95,0,48.75,0,12,2022,51,0
2022-12-20,Furniture,33.0,121.95,0,42.61,1,12,2022,51,0
2022-12-21,Furniture,34.0,121.95,0,42.92,2,12,2022,51,0
2022-12-22,Furniture,36.0,121.95,0,45.91,3,12,2022,51,0
2022-12-23,Furniture,47.0,121.95,0,41.52,4,12,2022,51,0
2022-12-24,Furniture,47.0,121.95,0,41.97,5,12,2022,51,0
2022-12-25,Furniture,101.0,121.95,0,45.39,6,12,2022,51,1
2022-12-26,Furniture,71.0,121.95,0,41.96,0,12,2022,52,1
2022-12-27,Furniture,31.0,121.95,0,46.1,1,12,2022,52,0
2022-12-28,Furniture,33.0,121.95,0,57.63,2,12,2022,52,0
2022-12-29,Furniture,37.0,121.95,0,53.84,3,12,2022,52,0
2022-12-30,Furniture,43.0,121.95,0,50.85,4,12,2022,52,0
2022-12-31,Furniture,68.0,121.95,0,57.76,5,12,2022,52,1
2023-01-01,Furniture,80.0,121.95,0,46.56,6,1,2023,52,1
2023-01-02,Furniture,32.0,121.95,0,63.83,0,1,2023,1,0
2023-01-03,Furniture,38.0,121.95,0,49.76,1,1,2023,1,0
2023-01-04,Furniture,39.0,121.95,0,62.77,2,1,2023,1,0
2023-01-05,Furniture,55.0,105.58,1,63.44,3,1,2023,1,0
2023-01-06,Furniture,75.0,105.58,1,45.36,4,1,2023,1,0
2023-01-07,Furniture,86.0,105.58,1,62.14,5,1,2023,1,0
2023-01-08,Furniture,75.0,105.58,1,54.07,6,1,2023,1,0
2023-01-09,Furniture,51.0,105.58,1,53.33,0,1,2023,2,0
2023-01-10,Furniture,54.0,105.58,1,59.47,1,1,2023,2,0
2023-01-11,Furniture,35.0,121.95,0,52.49,2,1,2023,2,0
2023-01-12,Furniture,44.0,121.95,0,60.71,3,1,2023,2,0
2023-01-13,Furniture,44.0,121.95,0,54.17,4,1,2023,2,0
2023-01-14,Furniture,47.0,121.95,0,60.43,5,1,2023,2,0
2023-01-15,Furniture,51.0,121.95,0,66.89,6,1,2023,2,0
2023-01-16,Furniture,35.0,121.95,0,62.81,0,1,2023,3,0
2023-01-17,Furniture,40.0,121.95,0,59.74,1,1,2023,3,0
2023-01-18,Furniture,35.0,121.95,0,64.9,2,1,2023,3,0
2023-01-19,Furniture,38.0,121.95,0,55.82,3,1,2023,3,0
2023-01-20,Furniture,48.0,121.95,0,59.31,4,1,2023,3,0
2023-01-21,Furniture,61.0,121.95,0,62.0,5,1,2023,3,0
2023-01-22,Furniture,62.0,121.95,0,68.72,6,1,2023,3,0
2023-01-23,Furniture,37.0,121.95,0,67.46,0,1,2023,4,0
2023-01-24,Furniture,38.0,121.95,0,68.74,1,1,2023,4,0
2023-01-25,Furniture,41.0,121.95,0,66.55,2,1,2023,4,0
2023-01-26,Furniture,46.0,121.95,0,63.37,3,1,2023,4,0
2023-01-27,Furniture,39.0,121.95,0,75.37,4,1,2023,4,0
2023-01-28,Furniture,55.0,121.95,0,65.05,5,1,2023,4,0
2023-01-29,Furniture,52.0,121.95,0,71.24,6,1,2023,4,0
2023-01-30,Furniture,35.0,121.95,0,69.19,0,1,2023,5,0
2023-01-31,Furniture,36.0,121.95,0,73.16,1,1,2023,5,0
2023-02-01,Furniture,38.0,121.95,0,67.91,2,2,2023,5,0
2023-02-02,Furniture,43.0,121.95,0,76.78,3,2,2023,5,0
2023-02-03,Furniture,53.0,121.95,0,78.99,4,2,2023,5,0
2023-02-04,Furniture,58.0,121.95,0,77.62,5,2,2023,5,0
2023-02-05,Furniture,60.0,121.95,0,74.02,6,2,2023,5,0
2023-02-06,Furniture,43.0,121.95,0,71.61,0,2,2023,6,0
2023-02-07,Furniture,39.0,121.95,0,88.45,1,2,2023,6,0
2023-02-08,Furniture,41.0,121.95,0,69.92,2,2,2023,6,0
2023-02-09,Furniture,46.0,121.95,0,79.82,3,2,2023,6,0
2023-02-10,Furniture,54.0,121.95,0,77.61,4,2,2023,6,0
2023-02-11,Furniture,57.0,121.95,0,76.15,5,2,2023,6,0
2023-02-12,Furniture,53.0,121.95,0,77.9,6,2,2023,6,0
2023-02-13,Furniture,45.0,121.95,0,74.93,0,2,2023,7,0
2023-02-14,Furniture,71.0,121.95,0,80.11,1,2,2023,7,1
2023-02-15,Furniture,46.0,121.95,0,80.05,2,2,2023,7,0
2023-02-16,Furniture,42.0,121.95,0,92.33,3,2,2023,7,0
2023-02-17,Furniture,49.0,121.95,0,84.77,4,2,2023,7,0
2023-02-18,Furniture,62.0,121.95,0,82.46,5,2,2023,7,0
2023-02-19,Furniture,56.0,121.95,0,83.21,6,2,2023,7,0
2023-02-20,Furniture,43.0,121.95,0,89.97,0,2,2023,8,0
2023-02-21,Furniture,48.0,121.95,0,76.36,1,2,2023,8,0
2023-02-22,Furniture,38.0,121.95,0,80.72,2,2,2023,8,0
2023-02-23,Furniture,53.0,121.95,0,72.52,3,2,2023,8,0
2023-02-24,Furniture,50.0,121.95,0,85.26,4,2,2023,8,0
2023-02-25,Furniture,64.0,121.95,0,87.1,5,2,2023,8,0
2023-02-26,Furniture,59.0,121.95,0,78.27,6,2,2023,8,0
2023-02-27,Furniture,46.0,121.95,0,90.8,0,2,2023,9,0
2023-02-28,Furniture,43.0,121.95,0,80.4,1,2,2023,9,0
2023-03-01,Furniture,47.0,121.95,0,82.64,2,3,2023,9,0
2023-03-02,Furniture,45.0,121.95,0,85.3,3,3,2023,9,0
2023-03-03,Furniture,51.0,121.95,0,93.01,4,3,2023,9,0
2023-03-04,Furniture,70.0,121.95,0,81.07,5,3,2023,9,0
2023-03-05,Furniture,60.0,121.95,0,87.14,6,3,2023,9,0
2023-03-06,Furniture,43.0,121.95,0,89.86,0,3,2023,10,0
2023-03-07,Furniture,40.0,121.95,0,89.12,1,3,2023,10,0
2023-03-08,Furniture,51.0,121.95,0,89.59,2,3,2023,10,0
2023-03-09,Furniture,45.0,121.95,0,90.65,3,3,2023,10,0
2023-03-10,Furniture,63.0,121.95,0,84.33,4,3,2023,10,0
2023-03-11,Furniture,64.0,121.95,0,95.79,5,3,2023,10,0
2023-03-12,Furniture,61.0,121.95,0,87.04,6,3,2023,10,0
2023-03-13,Furniture,47.0,121.95,0,86.6,0,3,2023,11,0
2023-03-14,Furniture,53.0,121.95,0,94.78,1,3,2023,11,0
2023-03-15,Furniture,37.0,121.95,0,85.1,2,3,2023,11,0
2023-03-16,Furniture,48.0,121.95,0,90.05,3,3,2023,11,0
2023-03-17,Furniture,53.0,121.95,0,85.02,4,3,2023,11,0
2023-03-18,Furniture,61.0,121.95,0,101.4,5,3,2023,11,0
2023-03-19,Furniture,62.0,121.95,0,100.51,6,3,2023,11,0
2023-03-20,Furniture,46.0,121.95,0,88.56,0,3,2023,12,0
2023-03-21,Furniture,46.0,121.95,0,91.85,1,3,2023,12,0
2023-03-22,Furniture,45.0,121.95,0,89.4,2,3,2023,12,0
2023-03-23,Furniture,43.0,121.95,0,87.75,3,3,2023,12,0
2023-03-24,Furniture,56.0,121.95,0,90.2,4,3,2023,12,0
2023-03-25,Furniture,66.0,121.95,0,89.49,5,3,2023,12,0
2023-03-26,Furniture,59.0,121.95,0,82.17,6,3,2023,12,0
2023-03-27,Furniture,54.0,121.95,0,91.15,0,3,2023,13,0
2023-03-28,Furniture,51.0,121.95,0,89.68,1,3,2023,13,0
2023-03-29,Furniture,48.0,121.95,0,91.5,2,3,2023,13,0
2023-03-30,Furniture,51.0,121.95,0,89.58,3,3,2023,13,0
2023-03-31,Furniture,55.0,121.95,0,88.19,4,3,2023,13,0
2023-04-01,Furniture,68.0,121.95,0,94.37,5,4,2023,13,0
2023-04-02,Furniture,69.0,121.95,0,92.66,6,4,2023,13,0
2023-04-03,Furniture,50.0,121.95,0,96.96,0,4,2023,14,0
2023-04-04,Furniture,44.0,121.95,0,92.43,1,4,2023,14,0
2023-04-05,Furniture,45.0,121.95,0,88.93,2,4,2023,14,0
2023-04-06,Furniture,50.0,121.95,0,92.95,3,4,2023,14,0
2023-04-07,Furniture,58.0,121.95,0,79.9,4,4,2023,14,0
2023-04-08,Furniture,62.0,121.95,0,100.25,5,4,2023,14,0
2023-04-09,Furniture,59.0,121.95,0,91.02,6,4,2023,14,0
2023-04-10,Furniture,53.0,121.95,0,100.47,0,4,2023,15,0
2023-04-11,Furniture,42.0,121.95,0,85.09,1,4,2023,15,0
2023-04-12,Furniture,42.0,121.95,0,83.73,2,4,2023,15,0
2023-04-13,Furniture,43.0,121.95,0,91.01,3,4,2023,15,0
2023-04-14,Furniture,50.0,121.95,0,90.85,4,4,2023,15,0
2023-04-15,Furniture,68.0,121.95,0,90.58,5,4,2023,15,0
2023-04-16,Furniture,67.0,121.95,0,89.65,6,4,2023,15,0
2023-04-17,Furniture,46.0,121.95,0,85.4,0,4,2023,16,0
2023-04-18,Furniture,47.0,121.95,0,80.92,1,4,2023,16,0
2023-04-19,Furniture,45.0,121.95,0,89.56,2,4,2023,16,0
2023-04-20,Furniture,43.0,121.95,0,81.52,3,4,2023,16,0
2023-04-21,Furniture,64.0,121.95,0,80.83,4,4,2023,16,0
2023-04-22,Furniture,68.0,121.95,0,85.57,5,4,2023,16,0
2023-04-23,Furniture,62.0,121.95,0,89.38,6,4,2023,16,0
2023-04-24,Furniture,43.0,121.95,0,96.91,0,4,2023,17,0
2023-04-25,Furniture,44.0,121.95,0,91.6,1,4,2023,17,0
2023-04-26,Furniture,42.0,121.95,0,93.59,2,4,2023,17,0
2023-04-27,Furniture,47.0,121.95,0,89.4,3,4,2023,17,0
2023-04-28,Furniture,55.0,121.95,0,87.67,4,4,2023,17,0
2023-04-29,Furniture,59.0,121.95,0,98.05,5,4,2023,17,0
2023-04-30,Furniture,53.0,121.95,0,78.59,6,4,2023,17,0
2023-05-01,Furniture,53.0,121.95,0,82.8,0,5,2023,18,0
2023-05-02,Furniture,45.0,121.95,0,82.85,1,5,2023,18,0
2023-05-03,Furniture,45.0,121.95,0,88.64,2,5,2023,18,0
2023-05-04,Furniture,45.0,121.95,0,78.92,3,5,2023,18,0
2023-05-05,Furniture,46.0,121.95,0,87.25,4,5,2023,18,0
2023-05-06,Furniture,60.0,121.95,0,85.95,5,5,2023,18,0
2023-05-07,Furniture,57.0,121.95,0,86.73,6,5,2023,18,0
2023-05-08,Furniture,47.0,121.95,0,86.24,0,5,2023,19,0
2023-05-09,Furniture,47.0,121.95,0,89.54,1,5,2023,19,0
2023-05-10,Furniture,46.0,121.95,0,81.18,2,5,2023,19,0
2023-05-11,Furniture,49.0,121.95,0,83.65,3,5,2023,19,0
2023-05-12,Furniture,59.0,121.95,0,76.87,4,5,2023,19,0
2023-05-13,Furniture,61.0,121.95,0,75.28,5,5,2023,19,0
2023-05-14,Furniture,63.0,121.95,0,88.47,6,5,2023,19,0
2023-05-15,Furniture,46.0,121.95,0,75.12,0,5,2023,20,0
2023-05-16,Furniture,36.0,121.95,0,81.91,1,5,2023,20,0
2023-05-17,Furniture,42.0,121.95,0,80.88,2,5,2023,20,0
2023-05-18,Furniture,42.0,121.95,0,83.61,3,5,2023,20,0
2023-05-19,Furniture,52.0,121.95,0,68.94,4,5,2023,20,0
2023-05-20,Furniture,54.0,121.95,0,81.18,5,5,2023,20,0
2023-05-21,Furniture,59.0,121.95,0,75.92,6,5,2023,20,0
2023-05-22,Furniture,46.0,121.95,0,72.68,0,5,2023,21,0
2023-05-23,Furniture,46.0,121.95,0,73.9,1,5,2023,21,0
2023-05-24,Furniture,47.0,121.95,0,79.8,2,5,2023,21,0
2023-05-25,Furniture,38.0,121.95,0,77.72,3,5,2023,21,0
2023-05-26,Furniture,45.0,121.95,0,72.87,4,5,2023,21,0
2023-05-27,Furniture,70.0,121.95,0,67.26,5,5,2023,21,0
2023-05-28,Furniture,60.0,121.95,0,67.04,6,5,2023,21,0
2023-05-29,Furniture,43.0,121.95,0,75.57,0,5,2023,22,0
2023-05-30,Furniture,41.0,121.95,0,64.84,1,5,2023,22,0
2023-05-31,Furniture,40.0,121.95,0,70.05,2,5,2023,22,0
2023-06-01,Furniture,36.0,121.95,0,83.46,3,6,2023,22,0
2023-06-02,Furniture,45.0,121.95,0,71.75,4,6,2023,22,0
2023-06-03,Furniture,55.0,121.95,0,72.56,5,6,2023,22,0
2023-06-04,Furniture,51.0,121.95,0,62.93,6,6,2023,22,0
2023-06-05,Furniture,39.0,121.95,0,61.48,0,6,2023,23,0
2023-06-06,Furniture,48.0,121.95,0,70.98,1,6,2023,23,0
2023-06-07,Furniture,38.0,121.95,0,64.96,2,6,2023,23,0
2023-06-08,Furniture,42.0,121.95,0,71.61,3,6,2023,23,0
2023-06-09,Furniture,48.0,121.95,0,65.82,4,6,2023,23,0
2023-06-10,Furniture,56.0,121.95,0,82.25,5,6,2023,23,0
2023-06-11,Furniture,50.0,121.95,0,61.46,6,6,2023,23,0
2023-06-12,Furniture,44.0,121.95,0,65.12,0,6,2023,24,0
2023-06-13,Furniture,40.0,121.95,0,58.55,1,6,2023,24,0
2023-06-14,Furniture,34.0,121.95,0,67.53,2,6,2023,24,0
2023-06-15,Furniture,40.0,121.95,0,63.91,3,6,2023,24,0
2023-06-16,Furniture,45.0,121.95,0,56.24,4,6,2023,24,0
2023-06-17,Furniture,51.0,121.95,0,58.79,5,6,2023,24,0
2023-06-18,Furniture,53.0,121.95,0,66.57,6,6,2023,24,0
2023-06-19,Furniture,40.0,121.95,0,65.3,0,6,2023,25,0
2023-06-20,Furniture,39.0,121.95,0,51.29,1,6,2023,25,0
2023-06-21,Furniture,38.0,121.95,0,55.36,2,6,2023,25,0
2023-06-22,Furniture,39.0,121.95,0,66.12,3,6,2023,25,0
2023-06-23,Furniture,36.0,121.95,0,55.5,4,6,2023,25,0
2023-06-24,Furniture,53.0,121.95,0,56.57,5,6,2023,25,0
2023-06-25,Furniture,51.0,121.95,0,60.1,6,6,2023,25,0
2023-06-26,Furniture,34.0,121.95,0,47.62,0,6,2023,26,0
2023-06-27,Furniture,37.0,121.95,0,48.9,1,6,2023,26,0
2023-06-28,Furniture,37.0,121.95,0,51.29,2,6,2023,26,0
2023-06-29,Furniture,41.0,121.95,0,58.24,3,6,2023,26,0
2023-06-30,Furniture,4.4,121.95,0,56.63,4,6,2023,26,0
2023-07-01,Furniture,50.0,121.95,0,54.44,5,7,2023,26,0
2023-07-02,Furniture,51.0,121.95,0,49.46,6,7,2023,26,0
2023-07-03,Furniture,35.0,121.95,0,55.12,0,7,2023,27,0
2023-07-04,Furniture,79.0,108.05,1,48.02,1,7,2023,27,1
2023-07-05,Furniture,51.0,108.05,1,50.98,2,7,2023,27,0
2023-07-06,Furniture,61.0,108.05,1,51.96,3,7,2023,27,0
2023-07-07,Furniture,56.0,108.05,1,55.2,4,7,2023,27,0
2023-07-08,Furniture,78.0,108.05,1,45.75,5,7,2023,27,0
2023-07-09,Furniture,71.0,108.05,1,43.54,6,7,2023,27,0
2023-07-10,Furniture,82.0,81.51,1,51.14,0,7,2023,28,0
2023-07-11,Furniture,60.0,91.99,1,50.85,1,7,2023,28,0
2023-07-12,Furniture,63.0,91.99,1,40.59,2,7,2023,28,0
2023-07-13,Furniture,66.0,91.99,1,37.11,3,7,2023,28,0
2023-07-14,Furniture,77.0,91.99,1,48.05,4,7,2023,28,0
2023-07-15,Furniture,78.0,91.99,1,33.08,5,7,2023,28,0
2023-07-16,Furniture,46.0,121.95,0,32.16,6,7,2023,28,0
2023-07-17,Furniture,45.0,106.09,1,38.61,0,7,2023,29,0
2023-07-18,Furniture,49.0,106.09,1,39.3,1,7,2023,29,0
2023-07-19,Furniture,45.0,106.09,1,32.83,2,7,2023,29,0
2023-07-20,Furniture,57.0,106.09,1,38.59,3,7,2023,29,0
2023-07-21,Furniture,39.0,121.95,0,38.16,4,7,2023,29,0
2023-07-22,Furniture,45.0,121.95,0,33.77,5,7,2023,29,0
2023-07-23,Furniture,47.0,121.95,0,45.7,6,7,2023,29,0
2023-07-24,Furniture,31.0,121.95,0,37.04,0,7,2023,30,0
2023-07-25,Furniture,33.0,121.95,0,39.9,1,7,2023,30,0
2023-07-26,Furniture,31.0,121.95,0,26.34,2,7,2023,30,0
2023-07-27,Furniture,32.0,121.95,0,25.68,3,7,2023,30,0
2023-07-28,Furniture,40.0,121.95,0,34.68,4,7,2023,30,0
2023-07-29,Furniture,49.0,121.95,0,41.04,5,7,2023,30,0
2023-07-30,Furniture,39.0,121.95,0,26.1,6,7,2023,30,0
2023-07-31,Furniture,33.0,121.95,0,31.27,0,7,2023,31,0
2023-08-01,Furniture,31.0,121.95,0,23.77,1,8,2023,31,0
2023-08-02,Furniture,30.0,121.95,0,25.76,2,8,2023,31,0
2023-08-03,Furniture,32.0,121.95,0,29.74,3,8,2023,31,0
2023-08-04,Furniture,34.0,121.95,0,25.73,4,8,2023,31,0
2023-08-05,Furniture,29.0,121.95,0,21.09,5,8,2023,31,0
2023-08-06,Furniture,44.0,121.95,0,20.41,6,8,2023,31,0
2023-08-07,Furniture,28.0,121.95,0,17.06,0,8,2023,32,0
2023-08-08,Furniture,28.0,121.95,0,28.32,1,8,2023,32,0
2023-08-09,Furniture,28.0,121.95,0,28.38,2,8,2023,32,0
2023-08-10,Furniture,28.0,121.95,0,27.81,3,8,2023,32,0
2023-08-11,Furniture,35.0,121.95,0,19.77,4,8,2023,32,0
2023-08-12,Furniture,39.0,121.95,0,28.82,5,8,2023,32,0
2023-08-13,Furniture,36.0,121.95,0,26.81,6,8,2023,32,0
2023-08-14,Furniture,29.0,121.95,0,22.81,0,8,2023,33,0
2023-08-15,Furniture,28.0,121.95,0,21.48,1,8,2023,33,0
2023-08-16,Furniture,30.0,121.95,0,18.53,2,8,2023,33,0
2023-08-17,Furniture,26.0,121.95,0,22.25,3,8,2023,33,0
2023-08-18,Furniture,31.0,121.95,0,28.9,4,8,2023,33,0
2023-08-19,Furniture,40.0,121.95,0,26.04,5,8,2023,33,0
2023-08-20,Furniture,35.0,121.95,0,18.61,6,8,2023,33,0
2023-08-21,Furniture,26.0,121.95,0,22.14,0,8,2023,34,0
2023-08-22,Furniture,26.0,121.95,0,13.5,1,8,2023,34,0
2023-08-23,Furniture,27.0,121.95,0,22.22,2,8,2023,34,0
2023-08-24,Furniture,28.0,121.95,0,14.0,3,8,2023,34,0
2023-08-25,Furniture,32.0,121.95,0,21.19,4,8,2023,34,0
2023-08-26,Furniture,33.0,121.95,0,32.18,5,8,2023,34,0
2023-08-27,Furniture,38.0,121.95,0,14.1,6,8,2023,34,0
2023-08-28,Furniture,30.0,121.95,0,31.18,0,8,2023,35,0
2023-08-29,Furniture,22.0,121.95,0,18.64,1,8,2023,35,0
2023-08-30,Furniture,23.0,121.95,0,12.08,2,8,2023,35,0
2023-08-31,Furniture,30.0,121.95,0,11.5,3,8,2023,35,0
2023-09-01,Furniture,35.0,121.95,0,26.96,4,9,2023,35,0
2023-09-02,Furniture,30.0,121.95,0,17.26,5,9,2023,35,0
2023-09-03,Furniture,37.0,121.95,0,11.65,6,9,2023,35,0
2023-09-04,Furniture,30.0,121.95,0,13.15,0,9,2023,36,0
2023-09-05,Furniture,,121.95,0,16.02,1,9,2023,36,0
2023-09-06,Furniture,29.0,121.95,0,13.53,2,9,2023,36,0
2023-09-07,Furniture,26.0,121.95,0,15.03,3,9,2023,36,0
2023-09-08,Furniture,31.0,121.95,0,21.9,4,9,2023,36,0
2023-09-09,Furniture,33.0,121.95,0,7.13,5,9,2023,36,0
2023-09-10,Furniture,37.0,121.95,0,15.75,6,9,2023,36,0
2023-09-11,Furniture,28.0,121.95,0,11.93,0,9,2023,37,0
2023-09-12,Furniture,29.0,121.95,0,9.57,1,9,2023,37,0
2023-09-13,Furniture,51.0,94.77,1,17.21,2,9,2023,37,0
2023-09-14,Furniture,48.0,94.77,1,4.34,3,9,2023,37,0
2023-09-15,Furniture,69.0,94.77,1,-0.37,4,9,2023,37,0
2023-09-16,Furniture,69.0,94.77,1,12.41,5,9,2023,37,0
2023-09-17,Furniture,64.0,94.77,1,10.42,6,9,2023,37,0
2023-09-18,Furniture,24.0,121.95,0,4.2,0,9,2023,38,0
2023-09-19,Furniture,22.0,121.95,0,2.26,1,9,2023,38,0
2023-09-20,Furniture,22.0,121.95,0,20.34,2,9,2023,38,0
2023-09-21,Furniture,24.0,121.95,0,12.88,3,9,2023,38,0
2023-09-22,Furniture,33.0,121.95,0,10.55,4,9,2023,38,0
2023-09-23,Furniture,35.0,121.95,0,21.33,5,9,2023,38,0
2023-09-24,Furniture,32.0,121.95,0,15.38,6,9,2023,38,0
2023-09-25,Furniture,25.0,121.95,0,19.04,0,9,2023,39,0
2023-09-26,Furniture,24.0,121.95,0,4.23,1,9,2023,39,0
2023-09-27,Furniture,26.0,121.95,0,4.0,2,9,2023,39,0
2023-09-28,Furniture,24.0,121.95,0,13.13,3,9,2023,39,0
2023-09-29,Furniture,30.0,121.95,0,12.09,4,9,2023,39,0
2023-09-30,Furniture,35.0,121.95,0,16.25,5,9,2023,39,0
2023-10-01,Furniture,31.0,121.95,0,1.85,6,10,2023,39,0
2023-10-02,Furniture,29.0,121.95,0,13.53,0,10,2023,40,0
2023-10-03,Furniture,24.0,121.95,0,14.98,1,10,2023,40,0
2023-10-04,Furniture,23.0,121.95,0,14.74,2,10,2023,40,0
2023-10-05,Furniture,28.0,121.95,0,8.07,3,10,2023,40,0
2023-10-06,Furniture,30.0,121.95,0,12.76,4,10,2023,40,0
2023-10-07,Furniture,35.0,121.95,0,6.35,5,10,2023,40,0
2023-10-08,Furniture,30.0,121.95,0,8.85,6,10,2023,40,0
2023-10-09,Furniture,27.0,121.95,0,5.19,0,10,2023,41,0
2023-10-10,Furniture,29.0,121.95,0,6.71,1,10,2023,41,0
2023-10-11,Furniture,22.0,121.95,0,9.42,2,10,2023,41,0
2023-10-12,Furniture,27.0,121.95,0,8.29,3,10,2023,41,0
2023-10-13,Furniture,28.0,121.95,0,7.09,4,10,2023,41,0
2023-10-14,Furniture,42.0,121.95,0,4.54,5,10,2023,41,0
2023-10-15,Furniture,37.0,121.95,0,21.0,6,10,2023,41,0
2023-10-16,Furniture,26.0,121.95,0,8.87,0,10,2023,42,0
2023-10-17,Furniture,23.0,121.95,0,13.2,1,10,2023,42,0
2023-10-18,Furniture,23.0,121.95,0,2.96,2,10,2023,42,0
2023-10-19,Furniture,28.0,121.95,0,18.75,3,10,2023,42,0
2023-10-20,Furniture,27.0,121.95,0,13.01,4,10,2023,42,0
2023-10-21,Furniture,31.0,121.95,0,10.19,5,10,2023,42,0
2023-10-22,Furniture,34.0,121.95,0,10.47,6,10,2023,42,0
2023-10-23,Furniture,26.0,121.95,0,17.25,0,10,2023,43,0
2023-10-24,Furniture,26.0,121.95,0,-1.6,1,10,2023,43,0
2023-10-25,Furniture,25.0,121.95,0,9.31,2,10,2023,43,0
2023-10-26,Furniture,29.0,121.95,0,13.12,3,10,2023,43,0
2023-10-27,Furniture,29.0,121.95,0,13.36,4,10,2023,43,0
2023-10-28,Furniture,,121.95,0,26.85,5,10,2023,43,0
2023-10-29,Furniture,36.0,121.95,0,12.95,6,10,2023,43,0
2023-10-30,Furniture,28.0,121.95,0,19.92,0,10,2023,44,0
2023-10-31,Furniture,43.0,121.95,0,24.36,1,10,2023,44,1
2023-11-01,Furniture,25.0,121.95,0,19.0,2,11,2023,44,0
2023-11-02,Furniture,26.0,121.95,0,12.64,3,11,2023,44,0
2023-11-03,Furniture,27.0,121.95,0,9.95,4,11,2023,44,0
2023-11-04,Furniture,30.0,121.95,0,20.48,5,11,2023,44,0
2023-11-05,Furniture,35.0,121.95,0,25.37,6,11,2023,44,0
2023-11-06,Furniture,27.0,121.95,0,20.27,0,11,2023,45,0
2023-11-07,Furniture,25.0,121.95,0,24.11,1,11,2023,45,0
2023-11-08,Furniture,25.0,121.95,0,31.32,2,11,2023,45,0
2023-11-09,Furniture,58.0,95.54,1,22.98,3,11,2023,45,0
2023-11-10,Furniture,63.0,95.54,1,13.72,4,11,2023,45,0
2023-11-11,Furniture,61.0,95.54,1,19.92,5,11,2023,45,0
2023-11-12,Furniture,64.0,95.54,1,26.97,6,11,2023,45,0
2023-11-13,Furniture,53.0,95.54,1,19.34,0,11,2023,46,0
2023-11-14,Furniture,26.0,121.95,0,28.58,1,11,2023,46,0
2023-11-15,Furniture,26.0,121.95,0,21.2,2,11,2023,46,0
2023-11-16,Furniture,29.0,121.95,0,23.69,3,11,2023,46,0
2023-11-17,Furniture,37.0,121.95,0,20.76,4,11,2023,46,0
2023-11-18,Furniture,42.0,121.95,0,23.82,5,11,2023,46,0
2023-11-19,Furniture,36.0,121.95,0,24.6,6,11,2023,46,0
2023-11-20,Furniture,30.0,121.95,0,16.01,0,11,2023,47,0
2023-11-21,Furniture,29.0,121.95,0,22.37,1,11,2023,47,0
2023-11-22,Furniture,26.0,121.95,0,18.95,2,11,2023,47,0
2023-11-23,Furniture,65.0,121.95,0,23.63,3,11,2023,47,1
2023-11-24,Furniture,94.0,121.95,0,22.24,4,11,2023,47,1
2023-11-25,Furniture,44.0,121.95,0,31.83,5,11,2023,47,0
2023-11-26,Furniture,44.0,121.95,0,32.45,6,11,2023,47,0
2023-11-27,Furniture,29.0,121.95,0,30.7,0,11,2023,48,0
2023-11-28,Furniture,28.0,121.95,0,22.14,1,11,2023,48,0
2023-11-29,Furniture,32.0,121.95,0,28.57,2,11,2023,48,0
2023-11-30,Furniture,35.0,121.95,0,22.92,3,11,2023,48,0
2023-12-01,Furniture,33.0,121.95,0,29.51,4,12,2023,48,0
2023-12-02,Furniture,41.0,121.95,0,34.09,5,12,2023,48,0
2023-12-03,Furniture,41.0,121.95,0,36.42,6,12,2023,48,0
2023-12-04,Furniture,30.0,121.95,0,34.44,0,12,2023,49,0
2023-12-05,Furniture,32.0,121.95,0,38.98,1,12,2023,49,0
2023-12-06,Furniture,29.0,121.95,0,34.61,2,12,2023,49,0
2023-12-07,Furniture,31.0,121.95,0,32.77,3,12,2023,49,0
2023-12-08,Furniture,37.0,121.95,0,38.94,4,12,2023,49,0
2023-12-09,Furniture,38.0,121.95,0,39.74,5,12,2023,49,0
2023-12-10,Furniture,36.0,121.95,0,33.23,6,12,2023,49,0
2023-12-11,Furniture,66.0,91.9,1,38.39,0,12,2023,50,0
2023-12-12,Furniture,57.0,91.9,1,35.68,1,12,2023,50,0
2023-12-13,Furniture,71.0,91.9,1,27.76,2,12,2023,50,0
2023-12-14,Furniture,39.0,121.95,0,40.66,3,12,2023,50,0
2023-12-15,Furniture,37.0,121.95,0,32.65,4,12,2023,50,0
2023-12-16,Furniture,53.0,121.95,0,41.43,5,12,2023,50,0
2023-12-17,Furniture,85.0,96.14,1,32.78,6,12,2023,50,0
2023-12-18,Furniture,58.0,96.14,1,37.52,0,12,2023,51,0
2023-12-19,Furniture,48.0,96.14,1,39.63,1,12,2023,51,0
2023-12-20,Furniture,63.0,96.14,1,48.48,2,12,2023,51,0
2023-12-21,Furniture,63.0,96.14,1,40.48,3,12,2023,51,0
2023-12-22,Furniture,75.0,96.14,1,38.45,4,12,2023,51,0
2023-12-23,Furniture,82.0,96.14,1,46.33,5,12,2023,51,0
2023-12-24,Furniture,42.0,121.95,0,44.11,6,12,2023,51,0
2023-12-25,Furniture,85.0,121.95,0,49.83,0,12,2023,52,1
2023-12-26,Furniture,66.0,121.95,0,41.5,1,12,2023,52,1
2023-12-27,Furniture,33.0,121.95,0,48.3,2,12,2023,52,0
2023-12-28,Furniture,36.0,121.95,0,60.28,3,12,2023,52,0
2023-12-29,Furniture,37.0,121.95,0,47.43,4,12,2023,52,0
2023-12-30,Furniture,,121.95,0,50.25,5,12,2023,52,0
2023-12-31,Furniture,70.0,121.95,0,41.69,6,12,2023,52,1
2021-01-01,Automotive,45.0,52.36,0,54.94,4,1,2021,53,1
2021-01-02,Automotive,26.0,52.36,0,47.19,5,1,2021,53,0
2021-01-03,Automotive,22.0,52.36,0,52.17,6,1,2021,53,0
2021-01-04,Automotive,19.0,52.36,0,46.94,0,1,2021,1,0
2021-01-05,Automotive,19.0,52.36,0,53.49,1,1,2021,1,0
2021-01-06,Automotive,17.0,52.36,0,53.54,2,1,2021,1,0
2021-01-07,Automotive,19.0,52.36,0,57.85,3,1,2021,1,0
2021-01-08,Automotive,22.0,52.36,0,64.38,4,1,2021,1,0
2021-01-09,Automotive,23.0,52.36,0,54.23,5,1,2021,1,0
2021-01-10,Automotive,24.0,52.36,0,46.85,6,1,2021,1,0
2021-01-11,Automotive,17.0,52.36,0,56.52,0,1,2021,2,0
2021-01-12,Automotive,20.0,52.36,0,59.7,1,1,2021,2,0
2021-01-13,Automotive,17.0,52.36,0,59.89,2,1,2021,2,0
2021-01-14,Automotive,20.0,52.36,0,58.76,3,1,2021,2,0
2021-01-15,Automotive,19.0,52.36,0,67.65,4,1,2021,2,0
2021-01-16,Automotive,23.0,52.36,0,61.56,5,1,2021,2,0
2021-01-17,Automotive,22.0,52.36,0,61.02,6,1,2021,2,0
2021-01-18,Automotive,18.0,52.36,0,58.31,0,1,2021,3,0
2021-01-19,Automotive,19.0,52.36,0,54.12,1,1,2021,3,0
2021-01-20,Automotive,19.0,52.36,0,65.15,2,1,2021,3,0
2021-01-21,Automotive,17.0,52.36,0,65.37,3,1,2021,3,0
2021-01-22,Automotive,22.0,52.36,0,59.49,4,1,2021,3,0
2021-01-23,Automotive,24.0,52.36,0,65.2,5,1,2021,3,0
2021-01-24,Automotive,26.0,52.36,0,65.34,6,1,2021,3,0
2021-01-25,Automotive,19.0,52.36,0,63.57,0,1,2021,4,0
2021-01-26,Automotive,19.0,52.36,0,63.34,1,1,2021,4,0
2021-01-27,Automotive,18.0,52.36,0,69.95,2,1,2021,4,0
2021-01-28,Automotive,23.0,52.36,0,67.41,3,1,2021,4,0
2021-01-29,Automotive,40.0,38.33,1,66.19,4,1,2021,4,0
2021-01-30,Automotive,49.0,38.33,1,65.44,5,1,2021,4,0
2021-01-31,Automotive,51.0,38.33,1,69.7,6,1,2021,4,0
2021-02-01,Automotive,38.0,38.33,1,75.56,0,2,2021,5,0
2021-02-02,Automotive,18.0,52.36,0,72.55,1,2,2021,5,0
2021-02-03,Automotive,16.0,52.36,0,70.91,2,2,2021,5,0
2021-02-04,Automotive,19.0,52.36,0,74.21,3,2,2021,5,0
2021-02-05,Automotive,22.0,52.36,0,80.05,4,2,2021,5,0
2021-02-06,Automotive,30.0,52.36,0,76.24,5,2,2021,5,0
2021-02-07,Automotive,31.0,52.36,0,75.64,6,2,2021,5,0
2021-02-08,Automotive,20.0,52.36,0,78.07,0,2,2021,6,0
2021-02-09,Automotive,18.0,52.36,0,74.63,1,2,2021,6,0
2021-02-10,Automotive,21.0,52.36,0,76.87,2,2,2021,6,0
2021-02-11,Automotive,19.0,52.36,0,74.02,3,2,2021,6,0
2021-02-12,Automotive,23.0,52.36,0,69.22,4,2,2021,6,0
2021-02-13,Automotive,26.0,52.36,0,79.2,5,2,2021,6,0
2021-02-14,Automotive,42.0,52.36,0,79.71,6,2,2021,6,1
2021-02-15,Automotive,20.0,52.36,0,77.03,0,2,2021,7,0
2021-02-16,Automotive,18.0,52.36,0,84.12,1,2,2021,7,0
2021-02-17,Automotive,19.0,52.36,0,75.81,2,2,2021,7,0
2021-02-18,Automotive,23.0,52.36,0,71.02,3,2,2021,7,0
2021-02-19,Automotive,25.0,52.36,0,76.85,4,2,2021,7,0
2021-02-20,Automotive,29.0,52.36,0,73.07,5,2,2021,7,0
2021-02-21,Automotive,23.0,52.36,0,82.9,6,2,2021,7,0
2021-02-22,Automotive,23.0,52.36,0,77.88,0,2,2021,8,0
2021-02-23,Automotive,20.0,52.36,0,86.98,1,2,2021,8,0
2021-02-24,Automotive,23.0,52.36,0,87.28,2,2,2021,8,0
2021-02-25,Automotive,23.0,52.36,0,78.23,3,2,2021,8,0
2021-02-26,Automotive,25.0,52.36,0,79.21,4,2,2021,8,0
2021-02-27,Automotive,26.0,52.36,0,86.3,5,2,2021,8,0
2021-02-28,Automotive,34.0,52.36,0,88.89,6,2,2021,8,0
2021-03-01,Automotive,24.0,52.36,0,74.29,0,3,2021,9,0
2021-03-02,Automotive,24.0,52.36,0,86.11,1,3,2021,9,0
2021-03-03,Automotive,25.0,52.36,0,74.05,2,3,2021,9,0
2021-03-04,Automotive,24.0,52.36,0,82.62,3,3,2021,9,0
2021-03-05,Automotive,30.0,52.36,0,91.15,4,3,2021,9,0
2021-03-06,Automotive,29.0,52.36,0,101.03,5,3,2021,9,0
2021-03-07,Automotive,32.0,52.36,0,85.09,6,3,2021,9,0
2021-03-08,Automotive,22.0,52.36,0,80.33,0,3,2021,10,0
2021-03-09,Automotive,22.0,52.36,0,84.27,1,3,2021,10,0
2021-03-10,Automotive,23.0,52.36,0,87.43,2,3,2021,10,0
2021-03-11,Automotive,22.0,52.36,0,84.0,3,3,2021,10,0
2021-03-12,Automotive,28.0,52.36,0,82.97,4,3,2021,10,0
2021-03-13,Automotive,31.0,52.36,0,85.69,5,3,2021,10,0
2021-03-14,Automotive,26.0,52.36,0,90.02,6,3,2021,10,0
2021-03-15,Automotive,23.0,52.36,0,87.4,0,3,2021,11,0
2021-03-16,Automotive,23.0,52.36,0,84.04,1,3,2021,11,0
2021-03-17,Automotive,25.0,52.36,0,85.28,2,3,2021,11,0
2021-03-18,Automotive,26.0,52.36,0,86.73,3,3,2021,11,0
2021-03-19,Automotive,32.0,52.36,0,83.97,4,3,2021,11,0
2021-03-20,Automotive,34.0,52.36,0,85.58,5,3,2021,11,0
2021-03-21,Automotive,31.0,52.36,0,92.47,6,3,2021,11,0
2021-03-22,Automotive,25.0,52.36,0,88.23,0,3,2021,12,0
2021-03-23,Automotive,24.0,52.36,0,80.73,1,3,2021,12,0
2021-03-24,Automotive,25.0,52.36,0,94.72,2,3,2021,12,0
2021-03-25,Automotive,26.0,52.36,0,91.77,3,3,2021,12,0
2021-03-26,Automotive,28.0,52.36,0,82.85,4,3,2021,12,0
2021-03-27,Automotive,34.0,52.36,0,88.01,5,3,2021,12,0
2021-03-28,Automotive,35.0,52.36,0,85.93,6,3,2021,12,0
2021-03-29,Automotive,24.0,52.36,0,93.32,0,3,2021,13,0
2021-03-30,Automotive,26.0,52.36,0,88.11,1,3,2021,13,0
2021-03-31,Automotive,22.0,52.36,0,89.63,2,3,2021,13,0
2021-04-01,Automotive,29.0,52.36,0,89.05,3,4,2021,13,0
2021-04-02,Automotive,32.0,52.36,0,82.6,4,4,2021,13,0
2021-04-03,Automotive,40.0,52.36,0,97.01,5,4,2021,13,0
2021-04-04,Automotive,32.0,52.36,0,93.27,6,4,2021,13,0
2021-04-05,Automotive,29.0,52.36,0,86.18,0,4,2021,14,0
2021-04-06,Automotive,29.0,52.36,0,90.83,1,4,2021,14,0
2021-04-07,Automotive,26.0,52.36,0,94.67,2,4,2021,14,0
2021-04-08,Automotive,27.0,52.36,0,90.01,3,4,2021,14,0
2021-04-09,Automotive,29.0,52.36,0,97.43,4,4,2021,14,0
2021-04-10,Automotive,33.0,52.36,0,104.14,5,4,2021,14,0
2021-04-11,Automotive,58.0,43.15,1,88.81,6,4,2021,14,0
2021-04-12,Automotive,43.0,43.15,1,86.4,0,4,2021,15,0
2021-04-13,Automotive,53.0,43.15,1,84.24,1,4,2021,15,0
2021-04-14,Automotive,41.0,43.15,1,77.97,2,4,2021,15,0
2021-04-15,Automotive,50.0,43.15,1,95.13,3,4,2021,15,0
2021-04-16,Automotive,59.0,43.15,1,86.95,4,4,2021,15,0
2021-04-17,Automotive,67.0,43.15,1,92.92,5,4,2021,15,0
2021-04-18,Automotive,39.0,52.36,0,93.73,6,4,2021,15,0
2021-04-19,Automotive,31.0,52.36,0,82.74,0,4,2021,16,0
2021-04-20,Automotive,27.0,52.36,0,83.28,1,4,2021,16,0
2021-04-21,Automotive,28.0,52.36,0,96.43,2,4,2021,16,0
2021-04-22,Automotive,29.0,52.36,0,87.12,3,4,2021,16,0
2021-04-23,Automotive,38.0,52.36,0,83.93,4,4,2021,16,0
2021-04-24,Automotive,46.0,52.36,0,81.75,5,4,2021,16,0
2021-04-25,Automotive,35.0,52.36,0,86.0,6,4,2021,16,0
2021-04-26,Automotive,25.0,52.36,0,93.96,0,4,2021,17,0
2021-04-27,Automotive,31.0,52.36,0,89.56,1,4,2021,17,0
2021-04-28,Automotive,31.0,52.36,0,86.74,2,4,2021,17,0
2021-04-29,Automotive,36.0,52.36,0,93.46,3,4,2021,17,0
2021-04-30,Automotive,37.0,52.36,0,92.18,4,4,2021,17,0
2021-05-01,Automotive,45.0,52.36,0,86.54,5,5,2021,17,0
2021-05-02,Automotive,45.0,52.36,0,98.41,6,5,2021,17,0
2021-05-03,Automotive,34.0,52.36,0,82.94,0,5,2021,18,0
2021-05-04,Automotive,32.0,52.36,0,89.3,1,5,2021,18,0
2021-05-05,Automotive,27.0,52.36,0,81.47,2,5,2021,18,0
2021-05-06,Automotive,32.0,52.36,0,87.57,3,5,2021,18,0
2021-05-07,Automotive,37.0,52.36,0,81.42,4,5,2021,18,0
2021-05-08,Automotive,41.0,52.36,0,84.57,5,5,2021,18,0
2021-05-09,Automotive,41.0,52.36,0,93.8,6,5,2021,18,0
2021-05-10,Automotive,35.0,52.36,0,86.19,0,5,2021,19,0
2021-05-11,Automotive,29.0,52.36,0,83.38,1,5,2021,19,0
2021-05-12,Automotive,33.0,52.36,0,76.68,2,5,2021,19,0
2021-05-13,Automotive,33.0,52.36,0,81.05,3,5,2021,19,0
2021-05-14,Automotive,35.0,52.36,0,74.61,4,5,2021,19,0
2021-05-15,Automotive,39.0,52.36,0,83.62,5,5,2021,19,0
2021-05-16,Automotive,36.0,52.36,0,83.02,6,5,2021,19,0
2021-05-17,Automotive,33.0,52.36,0,77.33,0,5,2021,20,0
2021-05-18,Automotive,31.0,52.36,0,86.05,1,5,2021,20,0
2021-05-19,Automotive,29.0,52.36,0,84.85,2,5,2021,20,0
2021-05-20,Automotive,28.0,52.36,0,77.47,3,5,2021,20,0
2021-05-21,Automotive,39.0,52.36,0,79.03,4,5,2021,20,0
2021-05-22,Automotive,43.0,52.36,0,72.74,5,5,2021,20,0
2021-05-23,Automotive,40.0,52.36,0,73.79,6,5,2021,20,0
2021-05-24,Automotive,30.0,52.36,0,69.22,0,5,2021,21,0
2021-05-25,Automotive,32.0,52.36,0,71.67,1,5,2021,21,0
2021-05-26,Automotive,33.0,52.36,0,72.99,2,5,2021,21,0
2021-05-27,Automotive,33.0,52.36,0,64.65,3,5,2021,21,0
2021-05-28,Automotive,35.0,52.36,0,75.27,4,5,2021,21,0
2021-05-29,Automotive,44.0,52.36,0,76.92,5,5,2021,21,0
2021-05-30,Automotive,90.0,39.27,1,71.19,6,5,2021,21,0
2021-05-31,Automotive,64.0,39.27,1,57.16,0,5,2021,22,0
2021-06-01,Automotive,63.0,39.27,1,68.78,1,6,2021,22,0
2021-06-02,Automotive,31.0,52.36,0,62.48,2,6,2021,22,0
2021-06-03,Automotive,32.0,52.36,0,65.8,3,6,2021,22,0
2021-06-04,Automotive,36.0,52.36,0,75.5,4,6,2021,22,0
2021-06-05,Automotive,39.0,52.36,0,55.45,5,6,2021,22,0
2021-06-06,Automotive,48.0,52.36,0,62.92,6,6,2021,22,0
2021-06-07,Automotive,35.0,52.36,0,70.52,0,6,2021,23,0
2021-06-08,Automotive,33.0,52.36,0,62.23,1,6,2021,23,0
2021-06-09,Automotive,34.0,52.36,0,61.22,2,6,2021,23,0
2021-06-10,Automotive,36.0,52.36,0,74.63,3,6,2021,23,0
2021-06-11,Automotive,37.0,52.36,0,65.72,4,6,2021,23,0
2021-06-12,Automotive,44.0,52.36,0,67.85,5,6,2021,23,0
2021-06-13,Automotive,43.0,52.36,0,65.0,6,6,2021,23,0
2021-06-14,Automotive,41.0,52.36,0,62.68,0,6,2021,24,0
2021-06-15,Automotive,36.0,52.36,0,67.53,1,6,2021,24,0
2021-06-16,Automotive,33.0,52.36,0,70.07,2,6,2021,24,0
2021-06-17,Automotive,39.0,52.36,0,51.46,3,6,2021,24,0
2021-06-18,Automotive,44.0,52.36,0,59.04,4,6,2021,24,0
2021-06-19,Automotive,41.0,52.36,0,58.32,5,6,2021,24,0
2021-06-20,Automotive,44.0,52.36,0,55.72,6,6,2021,24,0
2021-06-21,Automotive,34.0,52.36,0,62.1,0,6,2021,25,0
2021-06-22,Automotive,35.0,52.36,0,57.8,1,6,2021,25,0
2021-06-23,Automotive,33.0,52.36,0,65.46,2,6,2021,25,0
2021-06-24,Automotive,35.0,52.36,0,60.65,3,6,2021,25,0
2021-06-25,Automotive,39.0,52.36,0,61.29,4,6,2021,25,0
2021-06-26,Automotive,50.0,52.36,0,47.79,5,6,2021,25,0
2021-06-27,Automotive,40.0,52.36,0,49.07,6,6,2021,25,0
2021-06-28,Automotive,33.0,52.36,0,48.79,0,6,2021,26,0
2021-06-29,Automotive,29.0,52.36,0,58.34,1,6,2021,26,0
2021-06-30,Automotive,31.0,52.36,0,46.2,2,6,2021,26,0
2021-07-01,Automotive,36.0,52.36,0,45.65,3,7,2021,26,0
2021-07-02,Automotive,41.0,52.36,0,44.05,4,7,2021,26,0
2021-07-03,Automotive,45.0,52.36,0,62.73,5,7,2021,26,0
2021-07-04,Automotive,69.0,52.36,0,47.57,6,7,2021,26,1
2021-07-05,Automotive,38.0,52.36,0,50.24,0,7,2021,27,0
2021-07-06,Automotive,34.0,52.36,0,41.2,1,7,2021,27,0
2021-07-07,Automotive,34.0,52.36,0,51.01,2,7,2021,27,0
2021-07-08,Automotive,34.0,52.36,0,36.67,3,7,2021,27,0
2021-07-09,Automotive,42.0,52.36,0,39.96,4,7,2021,27,0
2021-07-10,Automotive,41.0,52.36,0,40.51,5,7,2021,27,0
2021-07-11,Automotive,52.0,52.36,0,44.58,6,7,2021,27,0
2021-07-12,Automotive,37.0,52.36,0,38.84,0,7,2021,28,0
2021-07-13,Automotive,30.0,52.36,0,49.75,1,7,2021,28,0
2021-07-14,Automotive,31.0,52.36,0,43.98,2,7,2021,28,0
2021-07-15,Automotive,36.0,52.36,0,37.34,3,7,2021,28,0
2021-07-16,Automotive,39.0,52.36,0,45.11,4,7,2021,28,0
2021-07-17,Automotive,48.0,52.36,0,37.49,5,7,2021,28,0
2021-07-18,Automotive,44.0,52.36,0,35.84,6,7,2021,28,0
2021-07-19,Automotive,38.0,52.36,0,42.61,0,7,2021,29,0
2021-07-20,Automotive,33.0,52.36,0,25.21,1,7,2021,29,0
2021-07-21,Automotive,39.0,52.36,0,40.5,2,7,2021,29,0
2021-07-22,Automotive,36.0,52.36,0,32.61,3,7,2021,29,0
2021-07-23,Automotive,35.0,52.36,0,31.96,4,7,2021,29,0
2021-07-24,Automotive,53.0,52.36,0,44.68,5,7,2021,29,0
2021-07-25,Automotive,48.0,52.36,0,31.6,6,7,2021,29,0
2021-07-26,Automotive,35.0,52.36,0,38.41,0,7,2021,30,0
2021-07-27,Automotive,35.0,52.36,0,34.4,1,7,2021,30,0
2021-07-28,Automotive,29.0,52.36,0,34.29,2,7,2021,30,0
2021-07-29,Automotive,29.0,52.36,0,30.51,3,7,2021,30,0
2021-07-30,Automotive,39.0,52.36,0,29.64,4,7,2021,30,0
2021-07-31,Automotive,50.0,52.36,0,38.19,5,7,2021,30,0
2021-08-01,Automotive,45.0,52.36,0,34.6,6,8,2021,30,0
2021-08-02,Automotive,38.0,52.36,0,26.86,0,8,2021,31,0
2021-08-03,Automotive,36.0,52.36,0,23.54,1,8,2021,31,0
2021-08-04,Automotive,32.0,52.36,0,25.27,2,8,2021,31,0
2021-08-05,Automotive,37.0,52.36,0,32.52,3,8,2021,31,0
2021-08-06,Automotive,43.0,52.36,0,32.94,4,8,2021,31,0
2021-08-07,Automotive,44.0,52.36,0,29.26,5,8,2021,31,0
2021-08-08,Automotive,42.0,52.36,0,17.85,6,8,2021,31,0
2021-08-09,Automotive,33.0,52.36,0,29.16,0,8,2021,32,0
2021-08-10,Automotive,26.0,52.36,0,31.37,1,8,2021,32,0
2021-08-11,Automotive,32.0,52.36,0,25.19,2,8,2021,32,0
2021-08-12,Automotive,35.0,52.36,0,33.69,3,8,2021,32,0
2021-08-13,Automotive,38.0,52.36,0,16.67,4,8,2021,32,0
2021-08-14,Automotive,44.0,52.36,0,26.19,5,8,2021,32,0
2021-08-15,Automotive,,52.36,0,17.17,6,8,2021,32,0
2021-08-16,Automotive,27.0,52.36,0,27.07,0,8,2021,33,0
2021-08-17,Automotive,36.0,52.36,0,24.36,1,8,2021,33,0
2021-08-18,Automotive,30.0,52.36,0,29.82,2,8,2021,33,0
2021-08-19,Automotive,31.0,52.36,0,22.85,3,8,2021,33,0
2021-08-20,Automotive,164.0,52.36,0,17.87,4,8,2021,33,0
2021-08-21,Automotive,46.0,52.36,0,16.99,5,8,2021,33,0
2021-08-22,Automotive,42.0,52.36,0,17.75,6,8,2021,33,0
2021-08-23,Automotive,33.0,52.36,0,16.02,0,8,2021,34,0
2021-08-24,Automotive,28.0,52.36,0,24.89,1,8,2021,34,0
2021-08-25,Automotive,30.0,52.36,0,24.12,2,8,2021,34,0
2021-08-26,Automotive,35.0,52.36,0,9.86,3,8,2021,34,0
2021-08-27,Automotive,34.0,52.36,0,17.14,4,8,2021,34,0
2021-08-28,Automotive,38.0,52.36,0,16.88,5,8,2021,34,0
2021-08-29,Automotive,41.0,52.36,0,12.28,6,8,2021,34,0
2021-08-30,Automotive,31.0,52.36,0,18.02,0,8,2021,35,0
2021-08-31,Automotive,31.0,52.36,0,22.78,1,8,2021,35,0
2021-09-01,Automotive,26.0,52.36,0,19.59,2,9,2021,35,0
2021-09-02,Automotive,25.0,52.36,0,21.53,3,9,2021,35,0
2021-09-03,Automotive,38.0,52.36,0,10.89,4,9,2021,35,0
2021-09-04,Automotive,37.0,52.36,0,14.35,5,9,2021,35,0
2021-09-05,Automotive,37.0,52.36,0,10.04,6,9,2021,35,0
2021-09-06,Automotive,25.0,52.36,0,14.77,0,9,2021,36,0
2021-09-07,Automotive,31.0,52.36,0,14.94,1,9,2021,36,0
2021-09-08,Automotive,29.0,52.36,0,17.83,2,9,2021,36,0
2021-09-09,Automotive,31.0,52.36,0,19.34,3,9,2021,36,0
2021-09-10,Automotive,35.0,52.36,0,15.97,4,9,2021,36,0
2021-09-11,Automotive,33.0,52.36,0,7.99,5,9,2021,36,0
2021-09-12,Automotive,35.0,52.36,0,5.3,6,9,2021,36,0
2021-09-13,Automotive,28.0,52.36,0,14.45,0,9,2021,37,0
2021-09-14,Automotive,26.0,52.36,0,19.15,1,9,2021,37,0
2021-09-15,Automotive,27.0,52.36,0,11.34,2,9,2021,37,0
2021-09-16,Automotive,30.0,52.36,0,3.65,3,9,2021,37,0
2021-09-17,Automotive,36.0,52.36,0,21.54,4,9,2021,37,0
2021-09-18,Automotive,33.0,52.36,0,13.41,5,9,2021,37,0
2021-09-19,Automotive,37.0,52.36,0,11.67,6,9,2021,37,0
2021-09-20,Automotive,30.0,52.36,0,4.84,0,9,2021,38,0
2021-09-21,Automotive,25.0,52.36,0,10.64,1,9,2021,38,0
2021-09-22,Automotive,26.0,52.36,0,13.89,2,9,2021,38,0
2021-09-23,Automotive,29.0,52.36,0,12.87,3,9,2021,38,0
2021-09-24,Automotive,32.0,52.36,0,6.87,4,9,2021,38,0
2021-09-25,Automotive,38.0,52.36,0,9.91,5,9,2021,38,0
2021-09-26,Automotive,36.0,52.36,0,7.05,6,9,2021,38,0
2021-09-27,Automotive,26.0,52.36,0,18.4,0,9,2021,39,0
2021-09-28,Automotive,24.0,52.36,0,14.52,1,9,2021,39,0
2021-09-29,Automotive,26.0,52.36,0,7.4,2,9,2021,39,0
2021-09-30,Automotive,27.0,52.36,0,4.16,3,9,2021,39,0
2021-10-01,Automotive,29.0,52.36,0,11.39,4,10,2021,39,0
2021-10-02,Automotive,37.0,52.36,0,7.55,5,10,2021,39,0
2021-10-03,Automotive,38.0,52.36,0,7.94,6,10,2021,39,0
2021-10-04,Automotive,25.0,52.36,0,4.39,0,10,2021,40,0
2021-10-05,Automotive,24.0,52.36,0,5.05,1,10,2021,40,0
2021-10-06,Automotive,23.0,52.36,0,10.98,2,10,2021,40,0
2021-10-07,Automotive,23.0,52.36,0,8.9,3,10,2021,40,0
2021-10-08,Automotive,35.0,52.36,0,22.79,4,10,2021,40,0
2021-10-09,Automotive,33.0,52.36,0,13.37,5,10,2021,40,0
2021-10-10,Automotive,31.0,52.36,0,4.75,6,10,2021,40,0
2021-10-11,Automotive,23.0,52.36,0,2.94,0,10,2021,41,0
2021-10-12,Automotive,24.0,52.36,0,12.74,1,10,2021,41,0
2021-10-13,Automotive,23.0,52.36,0,8.9,2,10,2021,41,0
2021-10-14,Automotive,28.0,52.36,0,17.69,3,10,2021,41,0
2021-10-15,Automotive,26.0,52.36,0,12.61,4,10,2021,41,0
2021-10-16,Automotive,29.0,52.36,0,1.46,5,10,2021,41,0
2021-10-17,Automotive,33.0,52.36,0,6.46,6,10,2021,41,0
2021-10-18,Automotive,24.0,52.36,0,8.37,0,10,2021,42,0
2021-10-19,Automotive,23.0,52.36,0,14.17,1,10,2021,42,0
2021-10-20,Automotive,24.0,52.36,0,6.91,2,10,2021,42,0
2021-10-21,Automotive,25.0,52.36,0,13.17,3,10,2021,42,0
2021-10-22,Automotive,28.0,52.36,0,5.97,4,10,2021,42,0
2021-10-23,Automotive,28.0,52.36,0,12.93,5,10,2021,42,0
2021-10-24,Automotive,27.0,52.36,0,15.01,6,10,2021,42,0
2021-10-25,Automotive,22.0,52.36,0,20.74,0,10,2021,43,0
2021-10-26,Automotive,21.0,52.36,0,14.95,1,10,2021,43,0
2021-10-27,Automotive,23.0,52.36,0,9.93,2,10,2021,43,0
2021-10-28,Automotive,20.0,52.36,0,21.79,3,10,2021,43,0
2021-10-29,Automotive,26.0,52.36,0,13.72,4,10,2021,43,0
2021-10-30,Automotive,30.0,52.36,0,18.83,5,10,2021,43,0
2021-10-31,Automotive,44.0,52.36,0,12.24,6,10,2021,43,1
2021-11-01,Automotive,23.0,52.36,0,16.1,0,11,2021,44,0
2021-11-02,Automotive,21.0,52.36,0,12.0,1,11,2021,44,0
2021-11-03,Automotive,20.0,52.36,0,17.99,2,11,2021,44,0
2021-11-04,Automotive,25.0,52.36,0,20.77,3,11,2021,44,0
2021-11-05,Automotive,25.0,52.36,0,14.67,4,11,2021,44,0
2021-11-06,Automotive,33.0,52.36,0,14.78,5,11,2021,44,0
2021-11-07,Automotive,28.0,52.36,0,19.73,6,11,2021,44,0
2021-11-08,Automotive,22.0,52.36,0,14.24,0,11,2021,45,0
2021-11-09,Automotive,41.0,38.64,1,11.2,1,11,2021,45,0
2021-11-10,Automotive,41.0,38.64,1,20.99,2,11,2021,45,0
2021-11-11,Automotive,41.0,38.64,1,19.13,3,11,2021,45,0
2021-11-12,Automotive,49.0,38.64,1,19.48,4,11,2021,45,0
2021-11-13,Automotive,62.0,38.64,1,23.19,5,11,2021,45,0
2021-11-14,Automotive,58.0,38.64,1,24.36,6,11,2021,45,0
2021-11-15,Automotive,44.0,38.64,1,20.73,0,11,2021,46,0
2021-11-16,Automotive,18.0,52.36,0,16.41,1,11,2021,46,0
2021-11-17,Automotive,18.0,52.36,0,19.32,2,11,2021,46,0
2021-11-18,Automotive,22.0,52.36,0,25.95,3,11,2021,46,0
2021-11-19,Automotive,26.0,52.36,0,24.22,4,11,2021,46,0
2021-11-20,Automotive,26.0,52.36,0,21.31,5,11,2021,46,0
2021-11-21,Automotive,25.0,52.36,0,20.66,6,11,2021,46,0
2021-11-22,Automotive,23.0,52.36,0,28.21,0,11,2021,47,0
2021-11-23,Automotive,21.0,52.36,0,24.55,1,11,2021,47,0
2021-11-24,Automotive,21.0,52.36,0,29.97,2,11,2021,47,0
2021-11-25,Automotive,44.0,52.36,0,31.16,3,11,2021,47,1
2021-11-26,Automotive,67.0,52.36,0,25.77,4,11,2021,47,1
2021-11-27,Automotive,29.0,52.36,0,32.65,5,11,2021,47,0
2021-11-28,Automotive,26.0,52.36,0,29.17,6,11,2021,47,0
2021-11-29,Automotive,19.0,52.36,0,30.4,0,11,2021,48,0
2021-11-30,Automotive,18.0,52.36,0,18.71,1,11,2021,48,0
2021-12-01,Automotive,18.0,52.36,0,25.39,2,12,2021,48,0
2021-12-02,Automotive,21.0,52.36,0,26.27,3,12,2021,48,0
2021-12-03,Automotive,20.0,52.36,0,29.86,4,12,2021,48,0
2021-12-04,Automotive,27.0,52.36,0,32.64,5,12,2021,48,0
2021-12-05,Automotive,24.0,52.36,0,33.47,6,12,2021,48,0
2021-12-06,Automotive,19.0,52.36,0,34.74,0,12,2021,49,0
2021-12-07,Automotive,35.0,40.02,1,30.52,1,12,2021,49,0
2021-12-08,Automotive,34.0,40.02,1,38.03,2,12,2021,49,0
2021-12-09,Automotive,36.0,40.02,1,44.26,3,12,2021,49,0
2021-12-10,Automotive,40.0,40.02,1,34.09,4,12,2021,49,0
2021-12-11,Automotive,45.0,40.02,1,33.18,5,12,2021,49,0
2021-12-12,Automotive,51.0,40.02,1,33.72,6,12,2021,49,0
2021-12-13,Automotive,36.0,40.02,1,38.23,0,12,2021,50,0
2021-12-14,Automotive,18.0,52.36,0,35.83,1,12,2021,50,0
2021-12-15,Automotive,17.0,52.36,0,30.47,2,12,2021,50,0
2021-12-16,Automotive,19.0,52.36,0,32.5,3,12,2021,50,0
2021-12-17,Automotive,21.0,52.36,0,45.55,4,12,2021,50,0
2021-12-18,Automotive,27.0,52.36,0,47.53,5,12,2021,50,0
2021-12-19,Automotive,23.0,52.36,0,49.8,6,12,2021,50,0
2021-12-20,Automotive,15.0,52.36,0,43.6,0,12,2021,51,0
2021-12-21,Automotive,18.0,52.36,0,38.19,1,12,2021,51,0
2021-12-22,Automotive,18.0,52.36,0,41.64,2,12,2021,51,0
2021-12-23,Automotive,18.0,52.36,0,37.05,3,12,2021,51,0
2021-12-24,Automotive,23.0,52.36,0,37.54,4,12,2021,51,0
2021-12-25,Automotive,49.0,52.36,0,47.15,5,12,2021,51,1
2021-12-26,Automotive,50.0,52.36,0,49.26,6,12,2021,51,1
2021-12-27,Automotive,20.0,52.36,0,57.04,0,12,2021,52,0
2021-12-28,Automotive,17.0,52.36,0,47.52,1,12,2021,52,0
2021-12-29,Automotive,17.0,52.36,0,41.83,2,12,2021,52,0
2021-12-30,Automotive,20.0,52.36,0,48.7,3,12,2021,52,0
2021-12-31,Automotive,36.0,52.36,0,48.59,4,12,2021,52,1
2022-01-01,Automotive,84.0,38.14,1,48.23,5,1,2022,52,1
2022-01-02,Automotive,42.0,38.14,1,53.1,6,1,2022,52,0
2022-01-03,Automotive,43.0,38.14,1,45.99,0,1,2022,1,0
2022-01-04,Automotive,20.0,52.36,0,53.41,1,1,2022,1,0
2022-01-05,Automotive,18.0,52.36,0,56.7,2,1,2022,1,0
2022-01-06,Automotive,19.0,52.36,0,61.22,3,1,2022,1,0
2022-01-07,Automotive,23.0,52.36,0,56.36,4,1,2022,1,0
2022-01-08,Automotive,26.0,52.36,0,60.71,5,1,2022,1,0
2022-01-09,Automotive,20.0,52.36,0,53.95,6,1,2022,1,0
2022-01-10,Automotive,18.0,52.36,0,55.33,0,1,2022,2,0
2022-01-11,Automotive,18.0,52.36,0,64.27,1,1,2022,2,0
2022-01-12,Automotive,18.0,52.36,0,51.35,2,1,2022,2,0
2022-01-13,Automotive,20.0,52.36,0,56.86,3,1,2022,2,0
2022-01-14,Automotive,19.0,52.36,0,65.19,4,1,2022,2,0
2022-01-15,Automotive,22.0,52.36,0,59.16,5,1,2022,2,0
2022-01-16,Automotive,23.0,52.36,0,59.45,6,1,2022,2,0
2022-01-17,Automotive,19.0,52.36,0,60.21,0,1,2022,3,0
2022-01-18,Automotive,20.0,52.36,0,62.78,1,1,2022,3,0
2022-01-19,Automotive,21.0,52.36,0,68.28,2,1,2022,3,0
2022-01-20,Automotive,19.0,52.36,0,68.12,3,1,2022,3,0
2022-01-21,Automotive,24.0,52.36,0,64.2,4,1,2022,3,0
2022-01-22,Automotive,27.0,52.36,0,70.25,5,1,2022,3,0
2022-01-23,Automotive,26.0,52.36,0,67.14,6,1,2022,3,0
2022-01-24,Automotive,19.0,52.36,0,70.36,0,1,2022,4,0
2022-01-25,Automotive,18.0,52.36,0,61.55,1,1,2022,4,0
2022-01-26,Automotive,17.0,52.36,0,76.0,2,1,2022,4,0
2022-01-27,Automotive,18.0,52.36,0,69.03,3,1,2022,4,0
2022-01-28,Automotive,23.0,52.36,0,54.8,4,1,2022,4,0
2022-01-29,Automotive,26.0,52.36,0,77.45,5,1,2022,4,0
2022-01-30,Automotive,25.0,52.36,0,69.78,6,1,2022,4,0
2022-01-31,Automotive,21.0,52.36,0,68.37,0,1,2022,5,0
2022-02-01,Automotive,19.0,52.36,0,67.91,1,2,2022,5,0
2022-02-02,Automotive,18.0,52.36,0,73.72,2,2,2022,5,0
2022-02-03,Automotive,20.0,52.36,0,67.66,3,2,2022,5,0
2022-02-04,Automotive,39.0,46.05,1,69.78,4,2,2022,5,0
2022-02-05,Automotive,39.0,46.05,1,70.47,5,2,2022,5,0
2022-02-06,Automotive,42.0,46.05,1,72.33,6,2,2022,5,0
2022-02-07,Automotive,32.0,46.05,1,71.76,0,2,2022,6,0
2022-02-08,Automotive,29.0,46.05,1,79.15,1,2,2022,6,0
2022-02-09,Automotive,19.0,52.36,0,76.77,2,2,2022,6,0
2022-02-10,Automotive,18.0,52.36,0,77.91,3,2,2022,6,0
2022-02-11,Automotive,24.0,52.36,0,79.52,4,2,2022,6,0
2022-02-12,Automotive,25.0,52.36,0,76.51,5,2,2022,6,0
2022-02-13,Automotive,30.0,52.36,0,72.38,6,2,2022,6,0
2022-02-14,Automotive,33.0,52.36,0,87.0,0,2,2022,7,1
2022-02-15,Automotive,20.0,52.36,0,83.1,1,2,2022,7,0
2022-02-16,Automotive,22.0,52.36,0,87.01,2,2,2022,7,0
2022-02-17,Automotive,20.0,52.36,0,84.59,3,2,2022,7,0
2022-02-18,Automotive,23.0,52.36,0,77.58,4,2,2022,7,0
2022-02-19,Automotive,24.0,52.36,0,68.59,5,2,2022,7,0
2022-02-20,Automotive,31.0,52.36,0,74.63,6,2,2022,7,0
2022-02-21,Automotive,25.0,52.36,0,84.39,0,2,2022,8,0
2022-02-22,Automotive,18.0,52.36,0,81.13,1,2,2022,8,0
2022-02-23,Automotive,20.0,52.36,0,79.96,2,2,2022,8,0
2022-02-24,Automotive,23.0,52.36,0,69.98,3,2,2022,8,0
2022-02-25,Automotive,25.0,52.36,0,82.79,4,2,2022,8,0
2022-02-26,Automotive,30.0,52.36,0,77.84,5,2,2022,8,0
2022-02-27,Automotive,29.0,52.36,0,80.0,6,2,2022,8,0
2022-02-28,Automotive,23.0,52.36,0,88.24,0,2,2022,9,0
2022-03-01,Automotive,20.0,52.36,0,79.2,1,3,2022,9,0
2022-03-02,Automotive,22.0,52.36,0,80.03,2,3,2022,9,0
2022-03-03,Automotive,21.0,52.36,0,85.96,3,3,2022,9,0
2022-03-04,Automotive,26.0,52.36,0,89.72,4,3,2022,9,0
2022-03-05,Automotive,26.0,52.36,0,83.67,5,3,2022,9,0
2022-03-06,Automotive,29.0,52.36,0,93.32,6,3,2022,9,0
2022-03-07,Automotive,22.0,52.36,0,79.89,0,3,2022,10,0
2022-03-08,Automotive,25.0,52.36,0,79.29,1,3,2022,10,0
2022-03-09,Automotive,23.0,52.36,0,79.14,2,3,2022,10,0
2022-03-10,Automotive,24.0,52.36,0,78.84,3,3,2022,10,0
2022-03-11,Automotive,28.0,52.36,0,89.04,4,3,2022,10,0
2022-03-12,Automotive,26.0,52.36,0,82.71,5,3,2022,10,0
2022-03-13,Automotive,27.0,52.36,0,80.77,6,3,2022,10,0
2022-03-14,Automotive,24.0,52.36,0,89.94,0,3,2022,11,0
2022-03-15,Automotive,24.0,52.36,0,92.37,1,3,2022,11,0
2022-03-16,Automotive,23.0,52.36,0,93.7,2,3,2022,11,0
2022-03-17,Automotive,23.0,52.36,0,93.01,3,3,2022,11,0
2022-03-18,Automotive,28.0,52.36,0,84.21,4,3,2022,11,0
2022-03-19,Automotive,32.0,52.36,0,90.34,5,3,2022,11,0
2022-03-20,Automotive,35.0,52.36,0,91.6,6,3,2022,11,0
2022-03-21,Automotive,27.0,52.36,0,86.88,0,3,2022,12,0
2022-03-22,Automotive,24.0,52.36,0,90.2,1,3,2022,12,0
2022-03-23,Automotive,24.0,52.36,0,83.24,2,3,2022,12,0
2022-03-24,Automotive,27.0,52.36,0,86.46,3,3,2022,12,0
2022-03-25,Automotive,49.0,46.07,1,91.55,4,3,2022,12,0
2022-03-26,Automotive,61.0,46.07,1,97.31,5,3,2022,12,0
2022-03-27,Automotive,53.0,46.07,1,95.59,6,3,2022,12,0
2022-03-28,Automotive,45.0,46.07,1,93.2,0,3,2022,13,0
2022-03-29,Automotive,37.0,46.07,1,90.34,1,3,2022,13,0
2022-03-30,Automotive,38.0,46.07,1,89.59,2,3,2022,13,0
2022-03-31,Automotive,22.0,52.36,0,82.75,3,3,2022,13,0
2022-04-01,Automotive,31.0,52.36,0,85.82,4,4,2022,13,0
2022-04-02,Automotive,38.0,52.36,0,85.98,5,4,2022,13,0
2022-04-03,Automotive,28.0,52.36,0,92.86,6,4,2022,13,0
2022-04-04,Automotive,27.0,52.36,0,94.68,0,4,2022,14,0
2022-04-05,Automotive,28.0,52.36,0,93.6,1,4,2022,14,0
2022-04-06,Automotive,28.0,52.36,0,95.78,2,4,2022,14,0
2022-04-07,Automotive,25.0,52.36,0,90.17,3,4,2022,14,0
2022-04-08,Automotive,34.0,52.36,0,84.82,4,4,2022,14,0
2022-04-09,Automotive,37.0,52.36,0,89.39,5,4,2022,14,0
2022-04-10,Automotive,38.0,52.36,0,85.92,6,4,2022,14,0
2022-04-11,Automotive,28.0,52.36,0,92.73,0,4,2022,15,0
2022-04-12,Automotive,28.0,52.36,0,87.52,1,4,2022,15,0
2022-04-13,Automotive,30.0,52.36,0,88.69,2,4,2022,15,0
2022-04-14,Automotive,29.0,52.36,0,92.51,3,4,2022,15,0
2022-04-15,Automotive,34.0,52.36,0,85.18,4,4,2022,15,0
2022-04-16,Automotive,42.0,52.36,0,93.54,5,4,2022,15,0
2022-04-17,Automotive,37.0,52.36,0,81.8,6,4,2022,15,0
2022-04-18,Automotive,26.0,52.36,0,89.88,0,4,2022,16,0
2022-04-19,Automotive,30.0,52.36,0,87.69,1,4,2022,16,0
2022-04-20,Automotive,31.0,52.36,0,92.07,2,4,2022,16,0
2022-04-21,Automotive,33.0,52.36,0,80.84,3,4,2022,16,0
2022-04-22,Automotive,36.0,52.36,0,79.82,4,4,2022,16,0
2022-04-23,Automotive,32.0,52.36,0,90.98,5,4,2022,16,0
2022-04-24,Automotive,37.0,52.36,0,85.02,6,4,2022,16,0
2022-04-25,Automotive,28.0,52.36,0,86.25,0,4,2022,17,0
2022-04-26,Automotive,29.0,52.36,0,83.13,1,4,2022,17,0
2022-04-27,Automotive,33.0,52.36,0,90.7,2,4,2022,17,0
2022-04-28,Automotive,28.0,52.36,0,87.33,3,4,2022,17,0
2022-04-29,Automotive,42.0,52.36,0,86.73,4,4,2022,17,0
2022-04-30,Automotive,39.0,52.36,0,79.35,5,4,2022,17,0
2022-05-01,Automotive,38.0,52.36,0,87.38,6,5,2022,17,0
2022-05-02,Automotive,33.0,52.36,0,79.56,0,5,2022,18,0
2022-05-03,Automotive,32.0,52.36,0,80.88,1,5,2022,18,0
2022-05-04,Automotive,32.0,52.36,0,76.98,2,5,2022,18,0
2022-05-05,Automotive,30.0,52.36,0,82.65,3,5,2022,18,0
2022-05-06,Automotive,38.0,52.36,0,88.38,4,5,2022,18,0
2022-05-07,Automotive,38.0,52.36,0,83.79,5,5,2022,18,0
2022-05-08,Automotive,39.0,52.36,0,80.05,6,5,2022,18,0
2022-05-09,Automotive,31.0,52.36,0,82.39,0,5,2022,19,0
2022-05-10,Automotive,29.0,52.36,0,81.94,1,5,2022,19,0
2022-05-11,Automotive,33.0,52.36,0,81.33,2,5,2022,19,0
2022-05-12,Automotive,31.0,52.36,0,81.44,3,5,2022,19,0
2022-05-13,Automotive,37.0,52.36,0,74.91,4,5,2022,19,0
2022-05-14,Automotive,40.0,52.36,0,80.18,5,5,2022,19,0
2022-05-15,Automotive,46.0,52.36,0,70.41,6,5,2022,19,0
2022-05-16,Automotive,31.0,52.36,0,81.59,0,5,2022,20,0
2022-05-17,Automotive,35.0,52.36,0,72.71,1,5,2022,20,0
2022-05-18,Automotive,34.0,52.36,0,83.62,2,5,2022,20,0
2022-05-19,Automotive,,52.36,0,65.0,3,5,2022,20,0
2022-05-20,Automotive,38.0,52.36,0,85.09,4,5,2022,20,0
2022-05-21,Automotive,42.0,52.36,0,68.01,5,5,2022,20,0
2022-05-22,Automotive,45.0,52.36,0,69.68,6,5,2022,20,0
2022-05-23,Automotive,32.0,52.36,0,76.65,0,5,2022,21,0
2022-05-24,Automotive,31.0,52.36,0,77.7,1,5,2022,21,0
2022-05-25,Automotive,32.0,52.36,0,72.65,2,5,2022,21,0
2022-05-26,Automotive,30.0,52.36,0,77.97,3,5,2022,21,0
2022-05-27,Automotive,39.0,52.36,0,68.97,4,5,2022,21,0
2022-05-28,Automotive,47.0,52.36,0,70.39,5,5,2022,21,0
2022-05-29,Automotive,44.0,52.36,0,70.3,6,5,2022,21,0
2022-05-30,Automotive,36.0,52.36,0,68.54,0,5,2022,22,0
2022-05-31,Automotive,32.0,52.36,0,60.97,1,5,2022,22,0
2022-06-01,Automotive,31.0,52.36,0,69.93,2,6,2022,22,0
2022-06-02,Automotive,62.0,37.91,1,68.88,3,6,2022,22,0
2022-06-03,Automotive,76.0,37.91,1,74.24,4,6,2022,22,0
2022-06-04,Automotive,104.0,37.91,1,61.81,5,6,2022,22,0
2022-06-05,Automotive,90.0,37.91,1,64.42,6,6,2022,22,0
2022-06-06,Automotive,64.0,37.91,1,73.02,0,6,2022,23,0
2022-06-07,Automotive,61.0,37.91,1,67.84,1,6,2022,23,0
2022-06-08,Automotive,29.0,52.36,0,68.49,2,6,2022,23,0
2022-06-09,Automotive,33.0,52.36,0,67.38,3,6,2022,23,0
2022-06-10,Automotive,42.0,52.36,0,66.76,4,6,2022,23,0
2022-06-11,Automotive,44.0,52.36,0,72.93,5,6,2022,23,0
2022-06-12,Automotive,42.0,52.36,0,63.63,6,6,2022,23,0
2022-06-13,Automotive,32.0,52.36,0,57.47,0,6,2022,24,0
2022-06-14,Automotive,35.0,52.36,0,65.06,1,6,2022,24,0
2022-06-15,Automotive,33.0,52.36,0,58.38,2,6,2022,24,0
2022-06-16,Automotive,33.0,52.36,0,60.0,3,6,2022,24,0
2022-06-17,Automotive,39.0,52.36,0,61.73,4,6,2022,24,0
2022-06-18,Automotive,54.0,52.36,0,55.11,5,6,2022,24,0
2022-06-19,Automotive,50.0,52.36,0,55.99,6,6,2022,24,0
2022-06-20,Automotive,39.0,52.36,0,60.25,0,6,2022,25,0
2022-06-21,Automotive,29.0,52.36,0,54.45,1,6,2022,25,0
2022-06-22,Automotive,33.0,52.36,0,61.38,2,6,2022,25,0
2022-06-23,Automotive,34.0,52.36,0,50.9,3,6,2022,25,0
2022-06-24,Automotive,42.0,52.36,0,50.2,4,6,2022,25,0
2022-06-25,Automotive,50.0,52.36,0,64.0,5,6,2022,25,0
2022-06-26,Automotive,47.0,52.36,0,46.13,6,6,2022,25,0
2022-06-27,Automotive,32.0,52.36,0,52.96,0,6,2022,26,0
2022-06-28,Automotive,32.0,52.36,0,61.67,1,6,2022,26,0
2022-06-29,Automotive,35.0,52.36,0,51.58,2,6,2022,26,0
2022-06-30,Automotive,38.0,52.36,0,57.77,3,6,2022,26,0
2022-07-01,Automotive,41.0,52.36,0,53.61,4,7,2022,26,0
2022-07-02,Automotive,47.0,52.36,0,49.62,5,7,2022,26,0
2022-07-03,Automotive,46.0,52.36,0,48.31,6,7,2022,26,0
2022-07-04,Automotive,50.0,52.36,0,37.68,0,7,2022,27,1
2022-07-05,Automotive,36.0,52.36,0,46.0,1,7,2022,27,0
2022-07-06,Automotive,35.0,52.36,0,48.07,2,7,2022,27,0
2022-07-07,Automotive,36.0,52.36,0,47.38,3,7,2022,27,0
2022-07-08,Automotive,40.0,52.36,0,57.86,4,7,2022,27,0
2022-07-09,Automotive,46.0,52.36,0,46.25,5,7,2022,27,0
2022-07-10,Automotive,43.0,52.36,0,47.32,6,7,2022,27,0
2022-07-11,Automotive,32.0,52.36,0,49.31,0,7,2022,28,0
2022-07-12,Automotive,35.0,52.36,0,45.51,1,7,2022,28,0
2022-07-13,Automotive,32.0,52.36,0,41.7,2,7,2022,28,0
2022-07-14,Automotive,38.0,52.36,0,41.05,3,7,2022,28,0
2022-07-15,Automotive,40.0,52.36,0,39.03,4,7,2022,28,0
2022-07-16,Automotive,49.0,52.36,0,42.34,5,7,2022,28,0
2022-07-17,Automotive,48.0,52.36,0,38.6,6,7,2022,28,0
2022-07-18,Automotive,37.0,52.36,0,41.92,0,7,2022,29,0
2022-07-19,Automotive,32.0,52.36,0,33.09,1,7,2022,29,0
2022-07-20,Automotive,34.0,52.36,0,38.21,2,7,2022,29,0
2022-07-21,Automotive,37.0,52.36,0,44.58,3,7,2022,29,0
2022-07-22,Automotive,35.0,52.36,0,35.05,4,7,2022,29,0
2022-07-23,Automotive,52.0,52.36,0,44.75,5,7,2022,29,0
2022-07-24,Automotive,53.0,52.36,0,35.71,6,7,2022,29,0
2022-07-25,Automotive,37.0,52.36,0,33.97,0,7,2022,30,0
2022-07-26,Automotive,35.0,52.36,0,34.21,1,7,2022,30,0
2022-07-27,Automotive,34.0,52.36,0,31.44,2,7,2022,30,0
2022-07-28,Automotive,34.0,52.36,0,22.48,3,7,2022,30,0
2022-07-29,Automotive,39.0,52.36,0,36.16,4,7,2022,30,0
2022-07-30,Automotive,49.0,52.36,0,42.12,5,7,2022,30,0
2022-07-31,Automotive,41.0,52.36,0,32.95,6,7,2022,30,0
2022-08-01,Automotive,31.0,52.36,0,32.66,0,8,2022,31,0
2022-08-02,Automotive,32.0,52.36,0,28.44,1,8,2022,31,0
2022-08-03,Automotive,69.0,37.58,1,34.56,2,8,2022,31,0
2022-08-04,Automotive,64.0,37.58,1,27.99,3,8,2022,31,0
2022-08-05,Automotive,77.0,37.58,1,28.95,4,8,2022,31,0
2022-08-06,Automotive,89.0,37.58,1,19.22,5,8,2022,31,0
2022-08-07,Automotive,81.0,37.58,1,23.84,6,8,2022,31,0
2022-08-08,Automotive,27.0,52.36,0,27.77,0,8,2022,32,0
2022-08-09,Automotive,30.0,52.36,0,29.92,1,8,2022,32,0
2022-08-10,Automotive,33.0,52.36,0,29.52,2,8,2022,32,0
2022-08-11,Automotive,35.0,52.36,0,16.42,3,8,2022,32,0
2022-08-12,Automotive,40.0,52.36,0,16.4,4,8,2022,32,0
2022-08-13,Automotive,46.0,52.36,0,26.2,5,8,2022,32,0
2022-08-14,Automotive,41.0,52.36,0,19.04,6,8,2022,32,0
2022-08-15,Automotive,30.0,52.36,0,26.74,0,8,2022,33,0
2022-08-16,Automotive,33.0,52.36,0,13.63,1,8,2022,33,0
2022-08-17,Automotive,31.0,52.36,0,20.8,2,8,2022,33,0
2022-08-18,Automotive,35.0,52.36,0,20.65,3,8,2022,33,0
2022-08-19,Automotive,39.0,52.36,0,22.75,4,8,2022,33,0
2022-08-20,Automotive,,52.36,0,14.74,5,8,2022,33,0
2022-08-21,Automotive,40.0,52.36,0,9.61,6,8,2022,33,0
2022-08-22,Automotive,35.0,52.36,0,19.86,0,8,2022,34,0
2022-08-23,Automotive,36.0,52.36,0,21.21,1,8,2022,34,0
2022-08-24,Automotive,31.0,52.36,0,23.19,2,8,2022,34,0
2022-08-25,Automotive,33.0,52.36,0,15.95,3,8,2022,34,0
2022-08-26,Automotive,34.0,52.36,0,21.22,4,8,2022,34,0
2022-08-27,Automotive,45.0,52.36,0,19.37,5,8,2022,34,0
2022-08-28,Automotive,45.0,52.36,0,23.18,6,8,2022,34,0
2022-08-29,Automotive,30.0,52.36,0,15.91,0,8,2022,35,0
2022-08-30,Automotive,32.0,52.36,0,7.18,1,8,2022,35,0
2022-08-31,Automotive,30.0,52.36,0,15.14,2,8,2022,35,0
2022-09-01,Automotive,50.0,47.02,1,15.57,3,9,2022,35,0
2022-09-02,Automotive,58.0,47.02,1,17.39,4,9,2022,35,0
2022-09-03,Automotive,65.0,47.02,1,6.81,5,9,2022,35,0
2022-09-04,Automotive,60.0,47.02,1,12.61,6,9,2022,35,0
2022-09-05,Automotive,50.0,47.02,1,18.21,0,9,2022,36,0
2022-09-06,Automotive,32.0,52.36,0,13.06,1,9,2022,36,0
2022-09-07,Automotive,28.0,52.36,0,11.77,2,9,2022,36,0
2022-09-08,Automotive,30.0,52.36,0,22.56,3,9,2022,36,0
2022-09-09,Automotive,30.0,52.36,0,7.42,4,9,2022,36,0
2022-09-10,Automotive,41.0,52.36,0,18.69,5,9,2022,36,0
2022-09-11,Automotive,42.0,52.36,0,17.4,6,9,2022,36,0
2022-09-12,Automotive,29.0,52.36,0,10.94,0,9,2022,37,0
2022-09-13,Automotive,29.0,52.36,0,11.69,1,9,2022,37,0
2022-09-14,Automotive,28.0,52.36,0,11.47,2,9,2022,37,0
2022-09-15,Automotive,29.0,52.36,0,12.37,3,9,2022,37,0
2022-09-16,Automotive,34.0,52.36,0,8.31,4,9,2022,37,0
2022-09-17,Automotive,36.0,52.36,0,8.97,5,9,2022,37,0
2022-09-18,Automotive,37.0,52.36,0,9.18,6,9,2022,37,0
2022-09-19,Automotive,26.0,52.36,0,9.2,0,9,2022,38,0
2022-09-20,Automotive,29.0,52.36,0,9.13,1,9,2022,38,0
2022-09-21,Automotive,28.0,52.36,0,-0.64,2,9,2022,38,0
2022-09-22,Automotive,28.0,52.36,0,10.94,3,9,2022,38,0
2022-09-23,Automotive,33.0,52.36,0,7.72,4,9,2022,38,0
2022-09-24,Automotive,36.0,52.36,0,0.94,5,9,2022,38,0
2022-09-25,Automotive,39.0,52.36,0,8.45,6,9,2022,38,0
2022-09-26,Automotive,26.0,52.36,0,8.23,0,9,2022,39,0
2022-09-27,Automotive,28.0,52.36,0,16.46,1,9,2022,39,0
2022-09-28,Automotive,25.0,52.36,0,7.35,2,9,2022,39,0
2022-09-29,Automotive,29.0,52.36,0,13.36,3,9,2022,39,0
2022-09-30,Automotive,34.0,52.36,0,16.92,4,9,2022,39,0
2022-10-01,Automotive,39.0,52.36,0,6.86,5,10,2022,39,0
2022-10-02,Automotive,,52.36,0,9.77,6,10,2022,39,0
2022-10-03,Automotive,27.0,52.36,0,18.67,0,10,2022,40,0
2022-10-04,Automotive,28.0,52.36,0,11.21,1,10,2022,40,0
2022-10-05,Automotive,29.0,52.36,0,11.98,2,10,2022,40,0
2022-10-06,Automotive,24.0,52.36,0,8.13,3,10,2022,40,0
2022-10-07,Automotive,29.0,52.36,0,13.67,4,10,2022,40,0
2022-10-08,Automotive,30.0,52.36,0,10.11,5,10,2022,40,0
2022-10-09,Automotive,36.0,52.36,0,1.24,6,10,2022,40,0
2022-10-10,Automotive,22.0,52.36,0,8.73,0,10,2022,41,0
2022-10-11,Automotive,21.0,52.36,0,4.71,1,10,2022,41,0
2022-10-12,Automotive,22.0,52.36,0,11.31,2,10,2022,41,0
2022-10-13,Automotive,22.0,52.36,0,6.3,3,10,2022,41,0
2022-10-14,Automotive,30.0,52.36,0,13.43,4,10,2022,41,0
2022-10-15,Automotive,30.0,52.36,0,11.42,5,10,2022,41,0
2022-10-16,Automotive,28.0,52.36,0,5.13,6,10,2022,41,0
2022-10-17,Automotive,24.0,52.36,0,9.09,0,10,2022,42,0
2022-10-18,Automotive,24.0,52.36,0,14.85,1,10,2022,42,0
2022-10-19,Automotive,20.0,52.36,0,17.7,2,10,2022,42,0
2022-10-20,Automotive,23.0,52.36,0,7.66,3,10,2022,42,0
2022-10-21,Automotive,28.0,52.36,0,6.92,4,10,2022,42,0
2022-10-22,Automotive,31.0,52.36,0,22.4,5,10,2022,42,0
2022-10-23,Automotive,30.0,52.36,0,12.85,6,10,2022,42,0
2022-10-24,Automotive,40.0,46.96,1,13.62,0,10,2022,43,0
2022-10-25,Automotive,41.0,46.96,1,9.74,1,10,2022,43,0
2022-10-26,Automotive,34.0,46.96,1,14.8,2,10,2022,43,0
2022-10-27,Automotive,33.0,46.96,1,22.59,3,10,2022,43,0
2022-10-28,Automotive,41.0,46.96,1,15.59,4,10,2022,43,0
2022-10-29,Automotive,48.0,46.96,1,19.96,5,10,2022,43,0
2022-10-30,Automotive,46.0,46.96,1,15.11,6,10,2022,43,0
2022-10-31,Automotive,36.0,52.36,0,10.17,0,10,2022,44,1
2022-11-01,Automotive,26.0,52.36,0,12.23,1,11,2022,44,0
2022-11-02,Automotive,19.0,52.36,0,10.42,2,11,2022,44,0
2022-11-03,Automotive,22.0,52.36,0,17.46,3,11,2022,44,0
2022-11-04,Automotive,29.0,52.36,0,22.87,4,11,2022,44,0
2022-11-05,Automotive,28.0,52.36,0,17.95,5,11,2022,44,0
2022-11-06,Automotive,31.0,52.36,0,16.0,6,11,2022,44,0
2022-11-07,Automotive,23.0,52.36,0,14.0,0,11,2022,45,0
2022-11-08,Automotive,24.0,52.36,0,20.14,1,11,2022,45,0
2022-11-09,Automotive,,52.36,0,12.6,2,11,2022,45,0
2022-11-10,Automotive,23.0,52.36,0,13.55,3,11,2022,45,0
2022-11-11,Automotive,22.0,52.36,0,24.17,4,11,2022,45,0
2022-11-12,Automotive,27.0,52.36,0,18.73,5,11,2022,45,0
2022-11-13,Automotive,33.0,52.36,0,19.1,6,11,2022,45,0
2022-11-14,Automotive,19.0,52.36,0,20.21,0,11,2022,46,0
2022-11-15,Automotive,22.0,52.36,0,25.16,1,11,2022,46,0
2022-11-16,Automotive,16.0,52.36,0,22.85,2,11,2022,46,0
2022-11-17,Automotive,19.0,52.36,0,18.8,3,11,2022,46,0
2022-11-18,Automotive,26.0,52.36,0,19.49,4,11,2022,46,0
2022-11-19,Automotive,28.0,52.36,0,22.56,5,11,2022,46,0
2022-11-20,Automotive,26.0,52.36,0,25.57,6,11,2022,46,0
2022-11-21,Automotive,19.0,52.36,0,24.41,0,11,2022,47,0
2022-11-22,Automotive,17.0,52.36,0,24.5,1,11,2022,47,0
2022-11-23,Automotive,21.0,52.36,0,25.89,2,11,2022,47,0
2022-11-24,Automotive,45.0,52.36,0,26.03,3,11,2022,47,1
2022-11-25,Automotive,62.0,52.36,0,22.87,4,11,2022,47,1
2022-11-26,Automotive,27.0,52.36,0,32.87,5,11,2022,47,0
2022-11-27,Automotive,28.0,52.36,0,25.49,6,11,2022,47,0
2022-11-28,Automotive,20.0,52.36,0,29.13,0,11,2022,48,0
2022-11-29,Automotive,20.0,52.36,0,18.76,1,11,2022,48,0
2022-11-30,Automotive,38.0,38.2,1,28.58,2,11,2022,48,0
2022-12-01,Automotive,38.0,38.2,1,24.75,3,12,2022,48,0
2022-12-02,Automotive,46.0,38.2,1,25.96,4,12,2022,48,0
2022-12-03,Automotive,55.0,38.2,1,43.57,5,12,2022,48,0
2022-12-04,Automotive,28.0,52.36,0,33.32,6,12,2022,48,0
2022-12-05,Automotive,21.0,52.36,0,38.82,0,12,2022,49,0
2022-12-06,Automotive,18.0,52.36,0,37.59,1,12,2022,49,0
2022-12-07,Automotive,20.0,52.36,0,38.86,2,12,2022,49,0
2022-12-08,Automotive,21.0,52.36,0,33.58,3,12,2022,49,0
2022-12-09,Automotive,21.0,52.36,0,43.24,4,12,2022,49,0
2022-12-10,Automotive,25.0,52.36,0,40.09,5,12,2022,49,0
2022-12-11,Automotive,27.0,52.36,0,36.71,6,12,2022,49,0
2022-12-12,Automotive,21.0,52.36,0,38.47,0,12,2022,50,0
2022-12-13,Automotive,16.0,52.36,0,37.12,1,12,2022,50,0
2022-12-14,Automotive,21.0,52.36,0,38.72,2,12,2022,50,0
2022-12-15,Automotive,21.0,52.36,0,38.9,3,12,2022,50,0
2022-12-16,Automotive,23.0,52.36,0,41.69,4,12,2022,50,0
2022-12-17,Automotive,25.0,52.36,0,49.15,5,12,2022,50,0
2022-12-18,Automotive,26.0,52.36,0,35.1,6,12,2022,50,0
2022-12-19,Automotive,18.0,52.36,0,47.51,0,12,2022,51,0
2022-12-20,Automotive,18.0,52.36,0,40.63,1,12,2022,51,0
2022-12-21,Automotive,16.0,52.36,0,49.5,2,12,2022,51,0
2022-12-22,Automotive,17.0,52.36,0,42.16,3,12,2022,51,0
2022-12-23,Automotive,26.0,52.36,0,46.57,4,12,2022,51,0
2022-12-24,Automotive,25.0,52.36,0,44.4,5,12,2022,51,0
2022-12-25,Automotive,63.0,52.36,0,37.22,6,12,2022,51,1
2022-12-26,Automotive,34.0,52.36,0,55.26,0,12,2022,52,1
2022-12-27,Automotive,68.0,52.36,0,42.53,1,12,2022,52,0
2022-12-28,Automotive,18.0,52.36,0,48.35,2,12,2022,52,0
2022-12-29,Automotive,19.0,52.36,0,43.36,3,12,2022,52,0
2022-12-30,Automotive,22.0,52.36,0,42.63,4,12,2022,52,0
2022-12-31,Automotive,38.0,52.36,0,48.98,5,12,2022,52,1
2023-01-01,Automotive,46.0,52.36,0,47.72,6,1,2023,52,1
2023-01-02,Automotive,19.0,52.36,0,45.53,0,1,2023,1,0
2023-01-03,Automotive,19.0,52.36,0,51.89,1,1,2023,1,0
2023-01-04,Automotive,19.0,52.36,0,45.34,2,1,2023,1,0
2023-01-05,Automotive,19.0,52.36,0,54.07,3,1,2023,1,0
2023-01-06,Automotive,22.0,52.36,0,53.49,4,1,2023,1,0
2023-01-07,Automotive,28.0,52.36,0,42.41,5,1,2023,1,0
2023-01-08,Automotive,23.0,52.36,0,52.88,6,1,2023,1,0
2023-01-09,Automotive,16.0,52.36,0,58.51,0,1,2023,2,0
2023-01-10,Automotive,19.0,52.36,0,51.53,1,1,2023,2,0
2023-01-11,Automotive,17.0,52.36,0,60.09,2,1,2023,2,0
2023-01-12,Automotive,18.0,52.36,0,60.37,3,1,2023,2,0
2023-01-13,Automotive,24.0,52.36,0,53.79,4,1,2023,2,0
2023-01-14,Automotive,25.0,52.36,0,59.49,5,1,2023,2,0
2023-01-15,Automotive,22.0,52.36,0,64.34,6,1,2023,2,0
2023-01-16,Automotive,22.0,52.36,0,56.5,0,1,2023,3,0
2023-01-17,Automotive,16.0,52.36,0,60.51,1,1,2023,3,0
2023-01-18,Automotive,18.0,52.36,0,67.95,2,1,2023,3,0
2023-01-19,Automotive,17.0,52.36,0,58.56,3,1,2023,3,0
2023-01-20,Automotive,23.0,52.36,0,65.8,4,1,2023,3,0
2023-01-21,Automotive,24.0,52.36,0,58.75,5,1,2023,3,0
2023-01-22,Automotive,27.0,52.36,0,63.98,6,1,2023,3,0
2023-01-23,Automotive,19.0,52.36,0,67.66,0,1,2023,4,0
2023-01-24,Automotive,21.0,52.36,0,54.04,1,1,2023,4,0
2023-01-25,Automotive,18.0,52.36,0,64.02,2,1,2023,4,0
2023-01-26,Automotive,17.0,52.36,0,69.46,3,1,2023,4,0
2023-01-27,Automotive,23.0,52.36,0,69.06,4,1,2023,4,0
2023-01-28,Automotive,26.0,52.36,0,65.93,5,1,2023,4,0
2023-01-29,Automotive,22.0,52.36,0,63.63,6,1,2023,4,0
2023-01-30,Automotive,18.0,52.36,0,72.89,0,1,2023,5,0
2023-01-31,Automotive,18.0,52.36,0,68.73,1,1,2023,5,0
2023-02-01,Automotive,22.0,52.36,0,73.66,2,2,2023,5,0
2023-02-02,Automotive,22.0,52.36,0,73.42,3,2,2023,5,0
2023-02-03,Automotive,23.0,52.36,0,69.86,4,2,2023,5,0
2023-02-04,Automotive,28.0,52.36,0,78.03,5,2,2023,5,0
2023-02-05,Automotive,22.0,52.36,0,70.26,6,2,2023,5,0
2023-02-06,Automotive,19.0,52.36,0,79.74,0,2,2023,6,0
2023-02-07,Automotive,21.0,52.36,0,80.95,1,2,2023,6,0
2023-02-08,Automotive,20.0,52.36,0,80.13,2,2,2023,6,0
2023-02-09,Automotive,20.0,52.36,0,74.51,3,2,2023,6,0
2023-02-10,Automotive,24.0,52.36,0,88.68,4,2,2023,6,0
2023-02-11,Automotive,29.0,52.36,0,77.22,5,2,2023,6,0
2023-02-12,Automotive,27.0,52.36,0,78.18,6,2,2023,6,0
2023-02-13,Automotive,22.0,52.36,0,77.37,0,2,2023,7,0
2023-02-14,Automotive,34.0,52.36,0,72.33,1,2,2023,7,1
2023-02-15,Automotive,21.0,52.36,0,84.94,2,2,2023,7,0
2023-02-16,Automotive,25.0,52.36,0,76.08,3,2,2023,7,0
2023-02-17,Automotive,27.0,52.36,0,84.01,4,2,2023,7,0
2023-02-18,Automotive,33.0,52.36,0,85.68,5,2,2023,7,0
2023-02-19,Automotive,27.0,52.36,0,83.35,6,2,2023,7,0
2023-02-20,Automotive,19.0,52.36,0,77.32,0,2,2023,8,0
2023-02-21,Automotive,21.0,52.36,0,79.51,1,2,2023,8,0
2023-02-22,Automotive,21.0,52.36,0,68.25,2,2,2023,8,0
2023-02-23,Automotive,25.0,52.36,0,81.47,3,2,2023,8,0
2023-02-24,Automotive,24.0,52.36,0,86.48,4,2,2023,8,0
2023-02-25,Automotive,30.0,52.36,0,81.67,5,2,2023,8,0
2023-02-26,Automotive,30.0,52.36,0,80.3,6,2,2023,8,0
2023-02-27,Automotive,23.0,52.36,0,82.14,0,2,2023,9,0
2023-02-28,Automotive,22.0,52.36,0,90.07,1,2,2023,9,0
2023-03-01,Automotive,23.0,52.36,0,84.08,2,3,2023,9,0
2023-03-02,Automotive,25.0,52.36,0,93.99,3,3,2023,9,0
2023-03-03,Automotive,30.0,52.36,0,82.18,4,3,2023,9,0
2023-03-04,Automotive,31.0,52.36,0,86.45,5,3,2023,9,0
2023-03-05,Automotive,28.0,52.36,0,83.51,6,3,2023,9,0
2023-03-06,Automotive,26.0,52.36,0,96.36,0,3,2023,10,0
2023-03-07,Automotive,21.0,52.36,0,87.18,1,3,2023,10,0
2023-03-08,Automotive,26.0,52.36,0,97.21,2,3,2023,10,0
2023-03-09,Automotive,27.0,52.36,0,84.74,3,3,2023,10,0
2023-03-10,Automotive,31.0,52.36,0,94.74,4,3,2023,10,0
2023-03-11,Automotive,34.0,52.36,0,87.94,5,3,2023,10,0
2023-03-12,Automotive,26.0,52.36,0,91.78,6,3,2023,10,0
2023-03-13,Automotive,22.0,52.36,0,81.73,0,3,2023,11,0
2023-03-14,Automotive,24.0,52.36,0,89.78,1,3,2023,11,0
2023-03-15,Automotive,22.0,52.36,0,82.9,2,3,2023,11,0
2023-03-16,Automotive,25.0,52.36,0,89.73,3,3,2023,11,0
2023-03-17,Automotive,30.0,52.36,0,81.04,4,3,2023,11,0
2023-03-18,Automotive,33.0,52.36,0,88.33,5,3,2023,11,0
2023-03-19,Automotive,30.0,52.36,0,94.44,6,3,2023,11,0
2023-03-20,Automotive,27.0,52.36,0,91.85,0,3,2023,12,0
2023-03-21,Automotive,26.0,52.36,0,83.08,1,3,2023,12,0
2023-03-22,Automotive,24.0,52.36,0,79.89,2,3,2023,12,0
2023-03-23,Automotive,28.0,52.36,0,91.98,3,3,2023,12,0
2023-03-24,Automotive,30.0,52.36,0,97.5,4,3,2023,12,0
2023-03-25,Automotive,38.0,52.36,0,84.87,5,3,2023,12,0
2023-03-26,Automotive,35.0,52.36,0,100.26,6,3,2023,12,0
2023-03-27,Automotive,29.0,52.36,0,89.8,0,3,2023,13,0
2023-03-28,Automotive,22.0,52.36,0,80.1,1,3,2023,13,0
2023-03-29,Automotive,26.0,52.36,0,82.13,2,3,2023,13,0
2023-03-30,Automotive,26.0,52.36,0,93.82,3,3,2023,13,0
2023-03-31,Automotive,29.0,52.36,0,90.64,4,3,2023,13,0
2023-04-01,Automotive,39.0,52.36,0,97.41,5,4,2023,13,0
2023-04-02,Automotive,38.0,52.36,0,84.01,6,4,2023,13,0
2023-04-03,Automotive,23.0,52.36,0,90.57,0,4,2023,14,0
2023-04-04,Automotive,28.0,52.36,0,89.99,1,4,2023,14,0
2023-04-05,Automotive,28.0,52.36,0,89.2,2,4,2023,14,0
2023-04-06,Automotive,27.0,52.36,0,87.95,3,4,2023,14,0
2023-04-07,Automotive,30.0,52.36,0,87.99,4,4,2023,14,0
2023-04-08,Automotive,32.0,52.36,0,90.6,5,4,2023,14,0
2023-04-09,Automotive,36.0,52.36,0,91.16,6,4,2023,14,0
2023-04-10,Automotive,55.0,37.87,1,90.81,0,4,2023,15,0
2023-04-11,Automotive,59.0,37.87,1,95.47,1,4,2023,15,0
2023-04-12,Automotive,56.0,37.87,1,83.31,2,4,2023,15,0
2023-04-13,Automotive,53.0,37.87,1,80.13,3,4,2023,15,0
2023-04-14,Automotive,68.0,37.87,1,94.13,4,4,2023,15,0
2023-04-15,Automotive,38.0,52.36,0,84.17,5,4,2023,15,0
2023-04-16,Automotive,35.0,52.36,0,86.82,6,4,2023,15,0
2023-04-17,Automotive,25.0,52.36,0,85.48,0,4,2023,16,0
2023-04-18,Automotive,30.0,52.36,0,85.18,1,4,2023,16,0
2023-04-19,Automotive,29.0,52.36,0,80.86,2,4,2023,16,0
2023-04-20,Automotive,31.0,52.36,0,85.09,3,4,2023,16,0
2023-04-21,Automotive,33.0,52.36,0,90.96,4,4,2023,16,0
2023-04-22,Automotive,40.0,52.36,0,87.46,5,4,2023,16,0
2023-04-23,Automotive,35.0,52.36,0,89.75,6,4,2023,16,0
2023-04-24,Automotive,28.0,52.36,0,84.49,0,4,2023,17,0
2023-04-25,Automotive,30.0,52.36,0,91.22,1,4,2023,17,0
2023-04-26,Automotive,30.0,52.36,0,83.88,2,4,2023,17,0
2023-04-27,Automotive,27.0,52.36,0,75.59,3,4,2023,17,0
2023-04-28,Automotive,33.0,52.36,0,87.42,4,4,2023,17,0
2023-04-29,Automotive,40.0,52.36,0,89.36,5,4,2023,17,0
2023-04-30,Automotive,43.0,52.36,0,82.4,6,4,2023,17,0
2023-05-01,Automotive,29.0,52.36,0,90.86,0,5,2023,18,0
2023-05-02,Automotive,31.0,52.36,0,80.27,1,5,2023,18,0
2023-05-03,Automotive,31.0,52.36,0,87.53,2,5,2023,18,0
2023-05-04,Automotive,31.0,52.36,0,92.53,3,5,2023,18,0
2023-05-05,Automotive,37.0,52.36,0,83.62,4,5,2023,18,0
2023-05-06,Automotive,37.0,52.36,0,81.92,5,5,2023,18,0
2023-05-07,Automotive,39.0,52.36,0,82.13,6,5,2023,18,0
2023-05-08,Automotive,35.0,52.36,0,90.4,0,5,2023,19,0
2023-05-09,Automotive,35.0,52.36,0,83.86,1,5,2023,19,0
2023-05-10,Automotive,33.0,52.36,0,92.15,2,5,2023,19,0
2023-05-11,Automotive,36.0,52.36,0,82.39,3,5,2023,19,0
2023-05-12,Automotive,32.0,52.36,0,77.29,4,5,2023,19,0
2023-05-13,Automotive,40.0,52.36,0,77.19,5,5,2023,19,0
2023-05-14,Automotive,41.0,52.36,0,79.96,6,5,2023,19,0
2023-05-15,Automotive,39.0,52.36,0,68.98,0,5,2023,20,0
2023-05-16,Automotive,31.0,52.36,0,76.33,1,5,2023,20,0
2023-05-17,Automotive,55.0,44.61,1,75.96,2,5,2023,20,0
2023-05-18,Automotive,56.0,44.61,1,78.93,3,5,2023,20,0
2023-05-19,Automotive,64.0,44.61,1,86.94,4,5,2023,20,0
2023-05-20,Automotive,44.0,52.36,0,77.0,5,5,2023,20,0
2023-05-21,Automotive,39.0,52.36,0,66.59,6,5,2023,20,0
2023-05-22,Automotive,26.0,52.36,0,71.11,0,5,2023,21,0
2023-05-23,Automotive,36.0,52.36,0,76.46,1,5,2023,21,0
2023-05-24,Automotive,31.0,52.36,0,75.08,2,5,2023,21,0
2023-05-25,Automotive,29.0,52.36,0,82.19,3,5,2023,21,0
2023-05-26,Automotive,40.0,52.36,0,78.31,4,5,2023,21,0
2023-05-27,Automotive,46.0,52.36,0,77.6,5,5,2023,21,0
2023-05-28,Automotive,47.0,52.36,0,71.3,6,5,2023,21,0
2023-05-29,Automotive,37.0,52.36,0,77.31,0,5,2023,22,0
2023-05-30,Automotive,31.0,52.36,0,66.75,1,5,2023,22,0
2023-05-31,Automotive,30.0,52.36,0,75.48,2,5,2023,22,0
2023-06-01,Automotive,34.0,52.36,0,68.64,3,6,2023,22,0
2023-06-02,Automotive,42.0,52.36,0,62.21,4,6,2023,22,0
2023-06-03,Automotive,38.0,52.36,0,71.81,5,6,2023,22,0
2023-06-04,Automotive,45.0,52.36,0,75.22,6,6,2023,22,0
2023-06-05,Automotive,37.0,52.36,0,65.59,0,6,2023,23,0
2023-06-06,Automotive,36.0,52.36,0,74.81,1,6,2023,23,0
2023-06-07,Automotive,35.0,52.36,0,58.09,2,6,2023,23,0
2023-06-08,Automotive,38.0,52.36,0,59.76,3,6,2023,23,0
2023-06-09,Automotive,31.0,52.36,0,64.37,4,6,2023,23,0
2023-06-10,Automotive,52.0,52.36,0,62.61,5,6,2023,23,0
2023-06-11,Automotive,46.0,52.36,0,60.49,6,6,2023,23,0
2023-06-12,Automotive,38.0,52.36,0,63.84,0,6,2023,24,0
2023-06-13,Automotive,31.0,52.36,0,59.88,1,6,2023,24,0
2023-06-14,Automotive,29.0,52.36,0,60.07,2,6,2023,24,0
2023-06-15,Automotive,41.0,52.36,0,62.6,3,6,2023,24,0
2023-06-16,Automotive,38.0,52.36,0,57.21,4,6,2023,24,0
2023-06-17,Automotive,45.0,52.36,0,59.35,5,6,2023,24,0
2023-06-18,Automotive,48.0,52.36,0,55.98,6,6,2023,24,0
2023-06-19,Automotive,37.0,52.36,0,52.51,0,6,2023,25,0
2023-06-20,Automotive,37.0,52.36,0,61.69,1,6,2023,25,0
2023-06-21,Automotive,34.0,52.36,0,65.73,2,6,2023,25,0
2023-06-22,Automotive,33.0,52.36,0,61.84,3,6,2023,25,0
2023-06-23,Automotive,43.0,52.36,0,57.49,4,6,2023,25,0
2023-06-24,Automotive,49.0,52.36,0,51.94,5,6,2023,25,0
2023-06-25,Automotive,,52.36,0,53.03,6,6,2023,25,0
2023-06-26,Automotive,39.0,52.36,0,59.07,0,6,2023,26,0
2023-06-27,Automotive,27.0,52.36,0,41.69,1,6,2023,26,0
2023-06-28,Automotive,37.0,52.36,0,50.59,2,6,2023,26,0
2023-06-29,Automotive,59.0,42.17,1,55.39,3,6,2023,26,0
2023-06-30,Automotive,76.0,42.17,1,45.34,4,6,2023,26,0
2023-07-01,Automotive,85.0,42.17,1,52.46,5,7,2023,26,0
2023-07-02,Automotive,80.0,42.17,1,51.54,6,7,2023,26,0
2023-07-03,Automotive,64.0,42.17,1,41.7,0,7,2023,27,0
2023-07-04,Automotive,83.0,42.17,1,48.71,1,7,2023,27,1
2023-07-05,Automotive,36.0,52.36,0,44.5,2,7,2023,27,0
2023-07-06,Automotive,42.0,52.36,0,48.99,3,7,2023,27,0
2023-07-07,Automotive,36.0,52.36,0,49.57,4,7,2023,27,0
2023-07-08,Automotive,35.0,52.36,0,47.53,5,7,2023,27,0
2023-07-09,Automotive,44.0,52.36,0,45.21,6,7,2023,27,0
2023-07-10,Automotive,34.0,52.36,0,45.61,0,7,2023,28,0
2023-07-11,Automotive,33.0,52.36,0,37.61,1,7,2023,28,0
2023-07-12,Automotive,31.0,52.36,0,42.66,2,7,2023,28,0
2023-07-13,Automotive,38.0,52.36,0,38.15,3,7,2023,28,0
2023-07-14,Automotive,36.0,52.36,0,46.62,4,7,2023,28,0
2023-07-15,Automotive,48.0,52.36,0,44.2,5,7,2023,28,0
2023-07-16,Automotive,48.0,52.36,0,43.52,6,7,2023,28,0
2023-07-17,Automotive,36.0,52.36,0,48.02,0,7,2023,29,0
2023-07-18,Automotive,35.0,52.36,0,37.14,1,7,2023,29,0
2023-07-19,Automotive,36.0,52.36,0,35.39,2,7,2023,29,0
2023-07-20,Automotive,36.0,52.36,0,35.71,3,7,2023,29,0
2023-07-21,Automotive,39.0,52.36,0,28.81,4,7,2023,29,0
2023-07-22,Automotive,48.0,52.36,0,28.56,5,7,2023,29,0
2023-07-23,Automotive,47.0,52.36,0,38.64,6,7,2023,29,0
2023-07-24,Automotive,37.0,52.36,0,27.92,0,7,2023,30,0
2023-07-25,Automotive,29.0,52.36,0,28.88,1,7,2023,30,0
2023-07-26,Automotive,33.0,52.36,0,33.12,2,7,2023,30,0
2023-07-27,Automotive,32.0,52.36,0,30.94,3,7,2023,30,0
2023-07-28,Automotive,42.0,52.36,0,36.81,4,7,2023,30,0
2023-07-29,Automotive,48.0,52.36,0,32.07,5,7,2023,30,0
2023-07-30,Automotive,44.0,52.36,0,27.16,6,7,2023,30,0
2023-07-31,Automotive,32.0,52.36,0,35.41,0,7,2023,31,0
2023-08-01,Automotive,35.0,52.36,0,33.59,1,8,2023,31,0
2023-08-02,Automotive,32.0,52.36,0,22.3,2,8,2023,31,0
2023-08-03,Automotive,39.0,52.36,0,30.03,3,8,2023,31,0
2023-08-04,Automotive,45.0,52.36,0,24.61,4,8,2023,31,0
2023-08-05,Automotive,48.0,52.36,0,23.91,5,8,2023,31,0
2023-08-06,Automotive,45.0,52.36,0,36.4,6,8,2023,31,0
2023-08-07,Automotive,38.0,52.36,0,27.11,0,8,2023,32,0
2023-08-08,Automotive,,52.36,0,24.85,1,8,2023,32,0
2023-08-09,Automotive,31.0,52.36,0,25.81,2,8,2023,32,0
2023-08-10,Automotive,32.0,52.36,0,29.22,3,8,2023,32,0
2023-08-11,Automotive,37.0,52.36,0,20.81,4,8,2023,32,0
2023-08-12,Automotive,44.0,52.36,0,21.14,5,8,2023,32,0
2023-08-13,Automotive,45.0,52.36,0,26.56,6,8,2023,32,0
2023-08-14,Automotive,29.0,52.36,0,15.19,0,8,2023,33,0
2023-08-15,Automotive,31.0,52.36,0,27.22,1,8,2023,33,0
2023-08-16,Automotive,32.0,52.36,0,13.75,2,8,2023,33,0
2023-08-17,Automotive,35.0,52.36,0,20.06,3,8,2023,33,0
2023-08-18,Automotive,38.0,52.36,0,12.82,4,8,2023,33,0
2023-08-19,Automotive,84.0,39.23,1,15.07,5,8,2023,33,0
2023-08-20,Automotive,73.0,39.23,1,26.38,6,8,2023,33,0
2023-08-21,Automotive,57.0,39.23,1,24.67,0,8,2023,34,0
2023-08-22,Automotive,60.0,39.23,1,24.76,1,8,2023,34,0
2023-08-23,Automotive,32.0,52.36,0,11.33,2,8,2023,34,0
2023-08-24,Automotive,33.0,52.36,0,12.9,3,8,2023,34,0
2023-08-25,Automotive,35.0,52.36,0,19.44,4,8,2023,34,0
2023-08-26,Automotive,,52.36,0,20.92,5,8,2023,34,0
2023-08-27,Automotive,46.0,52.36,0,12.95,6,8,2023,34,0
2023-08-28,Automotive,33.0,52.36,0,13.67,0,8,2023,35,0
2023-08-29,Automotive,30.0,52.36,0,10.53,1,8,2023,35,0
2023-08-30,Automotive,28.0,52.36,0,24.12,2,8,2023,35,0
2023-08-31,Automotive,30.0,52.36,0,13.1,3,8,2023,35,0
2023-09-01,Automotive,36.0,52.36,0,15.29,4,9,2023,35,0
2023-09-02,Automotive,42.0,52.36,0,15.22,5,9,2023,35,0
2023-09-03,Automotive,42.0,52.36,0,20.01,6,9,2023,35,0
2023-09-04,Automotive,32.0,52.36,0,9.4,0,9,2023,36,0
2023-09-05,Automotive,29.0,52.36,0,19.71,1,9,2023,36,0
2023-09-06,Automotive,28.0,52.36,0,7.18,2,9,2023,36,0
2023-09-07,Automotive,36.0,52.36,0,19.13,3,9,2023,36,0
2023-09-08,Automotive,34.0,52.36,0,4.45,4,9,2023,36,0
2023-09-09,Automotive,36.0,52.36,0,12.25,5,9,2023,36,0
2023-09-10,Automotive,34.0,52.36,0,20.65,6,9,2023,36,0
2023-09-11,Automotive,29.0,52.36,0,15.78,0,9,2023,37,0
2023-09-12,Automotive,31.0,52.36,0,14.17,1,9,2023,37,0
2023-09-13,Automotive,27.0,52.36,0,6.61,2,9,2023,37,0
2023-09-14,Automotive,33.0,52.36,0,7.98,3,9,2023,37,0
2023-09-15,Automotive,34.0,52.36,0,18.18,4,9,2023,37,0
2023-09-16,Automotive,42.0,52.36,0,13.64,5,9,2023,37,0
2023-09-17,Automotive,36.0,52.36,0,15.57,6,9,2023,37,0
2023-09-18,Automotive,27.0,52.36,0,11.33,0,9,2023,38,0
2023-09-19,Automotive,28.0,52.36,0,9.41,1,9,2023,38,0
2023-09-20,Automotive,29.0,52.36,0,14.52,2,9,2023,38,0
2023-09-21,Automotive,29.0,52.36,0,11.86,3,9,2023,38,0
2023-09-22,Automotive,34.0,52.36,0,9.6,4,9,2023,38,0
2023-09-23,Automotive,39.0,52.36,0,3.29,5,9,2023,38,0
2023-09-24,Automotive,32.0,52.36,0,15.04,6,9,2023,38,0
2023-09-25,Automotive,,52.36,0,12.4,0,9,2023,39,0
2023-09-26,Automotive,,52.36,0,7.1,1,9,2023,39,0
2023-09-27,Automotive,26.0,52.36,0,15.98,2,9,2023,39,0
2023-09-28,Automotive,29.0,52.36,0,11.26,3,9,2023,39,0
2023-09-29,Automotive,30.0,52.36,0,11.34,4,9,2023,39,0
2023-09-30,Automotive,30.0,52.36,0,14.42,5,9,2023,39,0
2023-10-01,Automotive,35.0,52.36,0,13.34,6,10,2023,39,0
2023-10-02,Automotive,25.0,52.36,0,11.48,0,10,2023,40,0
2023-10-03,Automotive,27.0,52.36,0,9.09,1,10,2023,40,0
2023-10-04,Automotive,27.0,52.36,0,19.98,2,10,2023,40,0
2023-10-05,Automotive,22.0,52.36,0,6.44,3,10,2023,40,0
2023-10-06,Automotive,29.0,52.36,0,13.89,4,10,2023,40,0
2023-10-07,Automotive,36.0,52.36,0,9.81,5,10,2023,40,0
2023-10-08,Automotive,30.0,52.36,0,12.58,6,10,2023,40,0
2023-10-09,Automotive,27.0,52.36,0,16.57,0,10,2023,41,0
2023-10-10,Automotive,27.0,52.36,0,8.95,1,10,2023,41,0
2023-10-11,Automotive,24.0,52.36,0,13.63,2,10,2023,41,0
2023-10-12,Automotive,24.0,52.36,0,12.08,3,10,2023,41,0
2023-10-13,Automotive,24.0,52.36,0,7.68,4,10,2023,41,0
2023-10-14,Automotive,36.0,52.36,0,17.33,5,10,2023,41,0
2023-10-15,Automotive,38.0,52.36,0,14.75,6,10,2023,41,0
2023-10-16,Automotive,28.0,52.36,0,9.2,0,10,2023,42,0
2023-10-17,Automotive,24.0,52.36,0,17.07,1,10,2023,42,0
2023-10-18,Automotive,22.0,52.36,0,7.59,2,10,2023,42,0
2023-10-19,Automotive,27.0,52.36,0,11.81,3,10,2023,42,0
2023-10-20,Automotive,28.0,52.36,0,10.03,4,10,2023,42,0
2023-10-21,Automotive,34.0,52.36,0,16.16,5,10,2023,42,0
2023-10-22,Automotive,32.0,52.36,0,10.25,6,10,2023,42,0
2023-10-23,Automotive,24.0,52.36,0,16.69,0,10,2023,43,0
2023-10-24,Automotive,25.0,52.36,0,16.13,1,10,2023,43,0
2023-10-25,Automotive,25.0,52.36,0,11.56,2,10,2023,43,0
2023-10-26,Automotive,23.0,52.36,0,22.87,3,10,2023,43,0
2023-10-27,Automotive,25.0,52.36,0,10.29,4,10,2023,43,0
2023-10-28,Automotive,25.0,52.36,0,7.28,5,10,2023,43,0
2023-10-29,Automotive,30.0,52.36,0,18.92,6,10,2023,43,0
2023-10-30,Automotive,21.0,52.36,0,4.22,0,10,2023,44,0
2023-10-31,Automotive,35.0,52.36,0,22.76,1,10,2023,44,1
2023-11-01,Automotive,22.0,52.36,0,16.16,2,11,2023,44,0
2023-11-02,Automotive,23.0,52.36,0,8.87,3,11,2023,44,0
2023-11-03,Automotive,28.0,52.36,0,11.63,4,11,2023,44,0
2023-11-04,Automotive,31.0,52.36,0,8.58,5,11,2023,44,0
2023-11-05,Automotive,29.0,52.36,0,19.06,6,11,2023,44,0
2023-11-06,Automotive,25.0,52.36,0,10.9,0,11,2023,45,0
2023-11-07,Automotive,23.0,52.36,0,20.46,1,11,2023,45,0
2023-11-08,Automotive,21.0,52.36,0,16.84,2,11,2023,45,0
2023-11-09,Automotive,22.0,52.36,0,16.41,3,11,2023,45,0
2023-11-10,Automotive,27.0,52.36,0,21.77,4,11,2023,45,0
2023-11-11,Automotive,29.0,52.36,0,22.79,5,11,2023,45,0
2023-11-12,Automotive,26.0,52.36,0,25.85,6,11,2023,45,0
2023-11-13,Automotive,23.0,52.36,0,17.41,0,11,2023,46,0
2023-11-14,Automotive,23.0,52.36,0,20.91,1,11,2023,46,0
2023-11-15,Automotive,23.0,52.36,0,18.36,2,11,2023,46,0
2023-11-16,Automotive,24.0,52.36,0,22.84,3,11,2023,46,0
2023-11-17,Automotive,29.0,52.36,0,18.63,4,11,2023,46,0
2023-11-18,Automotive,32.0,52.36,0,20.9,5,11,2023,46,0
2023-11-19,Automotive,28.0,52.36,0,21.44,6,11,2023,46,0
2023-11-20,Automotive,21.0,52.36,0,25.52,0,11,2023,47,0
2023-11-21,Automotive,17.0,52.36,0,24.6,1,11,2023,47,0
2023-11-22,Automotive,20.0,52.36,0,27.65,2,11,2023,47,0
2023-11-23,Automotive,48.0,52.36,0,25.13,3,11,2023,47,1
2023-11-24,Automotive,72.0,52.36,0,23.31,4,11,2023,47,1
2023-11-25,Automotive,23.0,52.36,0,27.72,5,11,2023,47,0
2023-11-26,Automotive,26.0,52.36,0,22.75,6,11,2023,47,0
2023-11-27,Automotive,21.0,52.36,0,30.75,0,11,2023,48,0
2023-11-28,Automotive,18.0,52.36,0,27.05,1,11,2023,48,0
2023-11-29,Automotive,20.0,52.36,0,30.09,2,11,2023,48,0
2023-11-30,Automotive,21.0,52.36,0,30.75,3,11,2023,48,0
2023-12-01,Automotive,2.5,52.36,0,38.26,4,12,2023,48,0
2023-12-02,Automotive,30.0,52.36,0,32.76,5,12,2023,48,0
2023-12-03,Automotive,52.0,37.06,1,31.82,6,12,2023,48,0
2023-12-04,Automotive,41.0,37.06,1,28.61,0,12,2023,49,0
2023-12-05,Automotive,40.0,37.06,1,36.7,1,12,2023,49,0
2023-12-06,Automotive,41.0,37.06,1,31.96,2,12,2023,49,0
2023-12-07,Automotive,43.0,37.06,1,26.31,3,12,2023,49,0
2023-12-08,Automotive,52.0,37.06,1,33.6,4,12,2023,49,0
2023-12-09,Automotive,21.0,52.36,0,36.17,5,12,2023,49,0
2023-12-10,Automotive,26.0,52.36,0,31.76,6,12,2023,49,0
2023-12-11,Automotive,20.0,52.36,0,35.91,0,12,2023,50,0
2023-12-12,Automotive,19.0,52.36,0,36.79,1,12,2023,50,0
2023-12-13,Automotive,15.0,52.36,0,37.52,2,12,2023,50,0
2023-12-14,Automotive,20.0,52.36,0,44.63,3,12,2023,50,0
2023-12-15,Automotive,21.0,52.36,0,32.56,4,12,2023,50,0
2023-12-16,Automotive,29.0,52.36,0,49.95,5,12,2023,50,0
2023-12-17,Automotive,26.0,52.36,0,40.29,6,12,2023,50,0
2023-12-18,Automotive,18.0,52.36,0,44.02,0,12,2023,51,0
2023-12-19,Automotive,16.0,52.36,0,42.44,1,12,2023,51,0
2023-12-20,Automotive,19.0,52.36,0,33.84,2,12,2023,51,0
2023-12-21,Automotive,21.0,52.36,0,37.87,3,12,2023,51,0
2023-12-22,Automotive,22.0,52.36,0,41.21,4,12,2023,51,0
2023-12-23,Automotive,27.0,52.36,0,49.48,5,12,2023,51,0
2023-12-24,Automotive,24.0,52.36,0,38.27,6,12,2023,51,0
2023-12-25,Automotive,51.0,52.36,0,41.6,0,12,2023,52,1
2023-12-26,Automotive,36.0,52.36,0,47.39,1,12,2023,52,1
2023-12-27,Automotive,16.0,52.36,0,49.61,2,12,2023,52,0
2023-12-28,Automotive,17.0,52.36,0,50.15,3,12,2023,52,0
2023-12-29,Automotive,26.0,52.36,0,43.7,4,12,2023,52,0
2023-12-30,Automotive,27.0,52.36,0,41.32,5,12,2023,52,0
2023-12-31,Automotive,36.0,52.36,0,52.7,6,12,2023,52,1
